IncidentID,AgencyORI,AgencyName,IncidentStatusDesc,County,RdwyNumber,Street,RoadwayName,StreetSfx,StreetDir,IntersectionRdwy,IntersectionRdwyName,BetweenStRdwy1,BetweenStRdwyName1,BetweenStRdwy2,BetweenStRdwyName2,Latitude,Longitude,Milepoint,CollisionDate,CollisionTime,UnitsInvolved,MotorVehiclesInvolved,NumberKilled,NumberInjured,Weather,RdwyConditionCode,HitandRun,DirAnalysisCode,MannerofCollision,RdwyCharacter,LightCondition,RampFromRdwyId,RampToRdwyId,AcceptedDate,IsSecondaryCollision,OwnerBadge,IncidentStatus,
27847648,0568000,LOUISVILLE METRO POLICE DEPT,Accepted,JEFFERSON,,,4TH,ST,S,US0031W,MARKET,,,,,38.255222289,-85.756767148,0.096,3/4/2021 12:00:00 AM,1250,2,1,0,1,CLEAR,DRY,False,COLLISION WITH PEDESTRIAN IN INTERSECTION,SINGLE VEHICLE,STRAIGHT & LEVEL,DAYLIGHT,,,3/5/2021 8:24:25 AM,False,7266,Accepted,
27849091,0561000,JEFFERSONTOWN POLICE DEPT,Accepted,JEFFERSON,KY0155,,TAYLORSVILLE,RD,,,,,SALSMAN,,CARDWELL,38.218494844,-85.599417688,11.896,3/4/2021 12:00:00 AM,1356,2,2,0,0,CLEAR,DRY,False,REAR END IN TRAFFIC LANES BOTH VEHICLES MOVING,REAR END,STRAIGHT & LEVEL,DAYLIGHT,,,3/5/2021 2:34:47 PM,False,8296,Accepted,
27847649,0568000,LOUISVILLE METRO POLICE DEPT,Accepted,JEFFERSON,US0150,,DR W J HODGE,ST,,US0031W,MARKET,,,,,38.258350051,-85.784907147,0.841,3/4/2021 12:00:00 AM,1551,4,4,0,0,CLEAR,DRY,False,ANGLE COLLISION - OTHER,ANGLE,STRAIGHT & LEVEL,DAYLIGHT,,,3/5/2021 8:24:29 AM,False,7463,Accepted,
27847657,0568000,LOUISVILLE METRO POLICE DEPT,Accepted,JEFFERSON,KY0061,,PRESTON,HWY,,KY1065,OUTER,,,,,38.138317677,-85.686573088,3.950,3/4/2021 12:00:00 AM,1030,2,2,0,0,CLEAR,DRY,False,SIDESWIPE-SAME DIRECTION,SIDESWIPE-SAME DIRECTION,STRAIGHT & LEVEL,DAYLIGHT,,,3/5/2021 8:25:04 AM,False,7642,Accepted,
27847663,0568000,LOUISVILLE METRO POLICE DEPT,Accepted,JEFFERSON,,,JAN PLACE,ST,,,,,,,,38.168375387,-85.892011687,0.019,3/4/2021 12:00:00 AM,1258,2,2,0,0,CLEAR,DRY,False,1 VEHICLE ENTERING/LEAVING ENTRANCE,ANGLE,STRAIGHT & LEVEL,DAYLIGHT,,,3/5/2021 8:25:29 AM,False,7234,Accepted,
27847664,0568000,LOUISVILLE METRO POLICE DEPT,Accepted,JEFFERSON,US0031,,CLARK MEMORIAL,BRG,,,,,,,,38.267685016,-85.750714517,0.802,3/4/2021 12:00:00 AM,1557,5,5,0,4,CLEAR,DRY,False,HEAD-ON COLLISION,HEAD ON,STRAIGHT & LEVEL,DAYLIGHT,,,3/5/2021 8:25:34 AM,False,5105,Accepted,
27847665,0568000,LOUISVILLE METRO POLICE DEPT,Accepted,JEFFERSON,,,RODMAN,ST,,KY2054,ALGONQUIN,,,,,38.210875512,-85.769637663,0.358,3/4/2021 12:00:00 AM,1520,2,2,0,2,CLEAR,DRY,False,HEAD-ON COLLISION,HEAD ON,CURVE & LEVEL,DAYLIGHT,,,3/5/2021 8:25:41 AM,False,7468,Accepted,
27847671,0568000,LOUISVILLE METRO POLICE DEPT,Accepted,JEFFERSON,I 0065,,I65 S,,,,,,,,,38.239536066,-85.753416885,134.774,3/4/2021 12:00:00 AM,2118,2,2,0,0,CLOUDY,DRY,False,REAR END IN TRAFFIC LANES BOTH VEHICLES MOVING,REAR END,STRAIGHT & LEVEL,DARK-HWY LIGHTED/ON,,,3/5/2021 8:25:57 AM,False,5316,Accepted,
27847672,0568000,LOUISVILLE METRO POLICE DEPT,Accepted,JEFFERSON,,,BISHOP,LN,,,GARDINER,,,,,38.197868694,-85.686311893,1.263,3/4/2021 12:00:00 AM,0624,2,2,0,0,CLEAR,DRY,False,SIDESWIPE-SAME DIRECTION,SIDESWIPE-SAME DIRECTION,STRAIGHT & LEVEL,DARK (UNKNOWN ROADWAY LIGHTING),,,3/5/2021 8:26:01 AM,False,7383,Accepted,
27858699,0568000,LOUISVILLE METRO POLICE DEPT,Accepted,JEFFERSON,,,PORTLAND,AVE,,,19TH,,,,,38.265832304,-85.778920777,0.429,3/4/2021 12:00:00 AM,1745,2,2,0,1,CLEAR,DRY,False,ANGLE COLLISION - OTHER,ANGLE,STRAIGHT & LEVEL,DAYLIGHT,,,3/8/2021 11:07:48 AM,False,7323,Accepted,
28093486,0568000,LOUISVILLE METRO POLICE DEPT,Accepted,JEFFERSON,KY0061,,PRESTON,HWY,,,,KY1065,OUTER,,OKOLONA,38.138303791,-85.686569814,3.949,3/4/2021 12:00:00 AM,1523,2,2,0,3,CLOUDY,DRY,False,OTHER ROADWAY OR MID-BLOCK COLLISION,OPPOSING LEFT TURN,STRAIGHT & LEVEL,DAYLIGHT,,,5/5/2021 9:03:56 AM,False,2324,Accepted,
28383342,0568000,LOUISVILLE METRO POLICE DEPT,Accepted,JEFFERSON,KY1531,,ROUTT,RD,,,,,,,,38.125081630,-85.468790900,1.791,3/4/2021 12:00:00 AM,2130,1,1,0,0,CLEAR,DRY,False,COLLISION WITH ANIMAL NON INTERSECTION,SINGLE VEHICLE,STRAIGHT & HILLCREST,DARK-HWY NOT LIGHTED,,,7/19/2021 8:13:15 AM,False,7670,Accepted,
27981105,0568000,LOUISVILLE METRO POLICE DEPT,Accepted,JEFFERSON,KY0864,4511,POPLAR LEVEL,RD,,,,,,,,38.189938840,-85.703774100,10.870,3/4/2021 12:00:00 AM,0900,1,1,0,0,CLEAR,DRY,True,COLLISION IN PARKING LOT,SINGLE VEHICLE,STRAIGHT & LEVEL,DAYLIGHT,,,4/7/2021 8:07:43 AM,False,7341,Accepted,
27858583,0568000,LOUISVILLE METRO POLICE DEPT,Accepted,JEFFERSON,KY0841,,GENE SNYDER,FWY,,,,,,,,38.120557962,-85.778220954,5.998,3/4/2021 12:00:00 AM,1520,2,2,0,0,CLEAR,DRY,False,SIDESWIPE COLLISION - SAME DIRECTION,SIDESWIPE-SAME DIRECTION,STRAIGHT & LEVEL,DAYLIGHT,,,3/8/2021 10:55:41 AM,False,2217,Accepted,
27847675,0568000,LOUISVILLE METRO POLICE DEPT,Accepted,JEFFERSON,KY1065,,OUTER,LOOP,,KY6162,MINOR,,,,,38.136484768,-85.713398707,4.565,3/4/2021 12:00:00 AM,1949,3,3,0,3,CLEAR,DRY,True,OTHER INTERSECTION COLLISIONS,REAR END,STRAIGHT & LEVEL,DARK-HWY LIGHTED/ON,,,3/5/2021 8:26:17 AM,False,7474,Accepted,
27868824,0568000,LOUISVILLE METRO POLICE DEPT,Accepted,JEFFERSON,KY1931,,MANSLICK,RD,,,CLOVER TRACE,,,,,38.176556791,-85.798085535,7.025,3/4/2021 12:00:00 AM,1500,2,2,0,0,CLEAR,DRY,False,OTHER INTERSECTION COLLISIONS,REAR END,CURVE & HILLCREST,DAYLIGHT,,,3/10/2021 2:25:08 PM,False,7116,Accepted,
27876219,0560400,SHIVELY POLICE DEPARTMENT,Accepted,JEFFERSON,US0031W,,DIXIE,HWY,,,,,FUST,,WATHEN,38.215535303,-85.795596962,17.098,3/4/2021 12:00:00 AM,1744,2,2,0,0,CLEAR,DRY,False,HEAD-ON COLLISION,HEAD ON,STRAIGHT & LEVEL,DAYLIGHT,,,3/12/2021 7:35:04 AM,False,7085,Accepted,
27847659,0568000,LOUISVILLE METRO POLICE DEPT,Accepted,JEFFERSON,KY1020,,SOUTHERN,PKWY,,,ASHLAND,,,,,38.185132037,-85.767499477,8.069,3/4/2021 12:00:00 AM,1540,2,2,0,0,CLEAR,DRY,False,OTHER INTERSECTION COLLISIONS,REAR END,STRAIGHT & LEVEL,DAYLIGHT,,,3/5/2021 8:25:11 AM,False,5308,Accepted,
27847660,0568000,LOUISVILLE METRO POLICE DEPT,Accepted,JEFFERSON,KY2056,,BELLS,LN,,,40TH,,,,,38.223000353,-85.822713014,1.026,3/4/2021 12:00:00 AM,1532,2,2,0,0,CLEAR,DRY,False,ANGLE COLLISION - OTHER,ANGLE,STRAIGHT & LEVEL,DAYLIGHT,,,3/5/2021 8:25:15 AM,False,5113,Accepted,
27847653,0568000,LOUISVILLE METRO POLICE DEPT,Accepted,JEFFERSON,,,MAIN,ST,W,,,,25TH,,26TH,38.260612648,-85.792430170,0.336,3/4/2021 12:00:00 AM,0755,2,1,0,1,CLEAR,DRY,True,COLLISION WITH PEDESTRIAN NON - INTERSECTION,SINGLE VEHICLE,STRAIGHT & LEVEL,DAYLIGHT,,,3/5/2021 8:24:45 AM,False,7292,Accepted,
27847669,0568000,LOUISVILLE METRO POLICE DEPT,Accepted,JEFFERSON,I 0065,,I65 S,,,,,,,,,38.197137314,-85.733856214,131.270,3/4/2021 12:00:00 AM,1935,2,2,0,0,,,True,REAR END IN TRAFFIC LANES BOTH VEHICLES MOVING,REAR END,STRAIGHT & LEVEL,,,,3/5/2021 8:25:54 AM,False,5316,Accepted,
27858563,0568000,LOUISVILLE METRO POLICE DEPT,Accepted,JEFFERSON,I 0264,,I264 E,,,I 0264,I264 E EXIT11 OFF RAMP,,,,,38.190120424,-85.755993502,10.636,3/4/2021 12:00:00 AM,1052,2,2,0,0,CLEAR,DRY,False,SIDESWIPE-SAME DIRECTION,SIDESWIPE-SAME DIRECTION,STRAIGHT & GRADE,DAYLIGHT,,,3/8/2021 10:53:00 AM,False,7720,Accepted,
27847651,0568000,LOUISVILLE METRO POLICE DEPT,Accepted,JEFFERSON,US0060A,,WINKLER,AVE,,,,,,,,38.210200728,-85.764541407,3.062,3/4/2021 12:00:00 AM,1533,2,2,0,0,CLEAR,DRY,False,COLLISION IN PARKING LOT,BACKING,STRAIGHT & LEVEL,DAYLIGHT,,,3/5/2021 8:24:38 AM,False,2499,Accepted,
27847661,0568000,LOUISVILLE METRO POLICE DEPT,Accepted,JEFFERSON,KY1865,,NEW CUT,RD,,,,,,,,38.119705401,-85.777252975,0.791,3/4/2021 12:00:00 AM,1704,2,2,0,0,CLEAR,DRY,False,1 VEHICLE ENTERING/LEAVING ENTRANCE,ANGLE,STRAIGHT & LEVEL,DAYLIGHT,,,3/5/2021 8:25:19 AM,False,5312,Accepted,
27847668,0568000,LOUISVILLE METRO POLICE DEPT,Accepted,JEFFERSON,,,DR WILLIAM G WEATHERS,DR,,,,,,,,38.228369314,-85.812104369,0.402,3/4/2021 12:00:00 AM,1255,2,2,0,3,CLEAR,DRY,False,1 VEHICLE ENTERING/LEAVING ENTRANCE,ANGLE,STRAIGHT & LEVEL,DAYLIGHT,,,3/5/2021 8:25:50 AM,False,7469,Accepted,
27901050,0568000,LOUISVILLE METRO POLICE DEPT,Accepted,JEFFERSON,,,MARKET,ST,W,,32ND,,,,,38.260652451,-85.804376435,0.984,3/4/2021 12:00:00 AM,1323,2,2,0,1,CLEAR,DRY,True,ANGLE COLLISION - OTHER,ANGLE,STRAIGHT & LEVEL,DAYLIGHT,,,3/18/2021 1:02:57 PM,False,7937,Accepted,
27847642,0568000,LOUISVILLE METRO POLICE DEPT,Accepted,JEFFERSON,KY2054,,ALGONQUIN,PKWY,,,7TH,,,,,38.220021544,-85.777352118,2.516,3/4/2021 12:00:00 AM,1155,2,2,0,2,CLEAR,DRY,False,VEHICLE BACKING IN INTERSECTION,BACKING,STRAIGHT & LEVEL,DAYLIGHT,,,3/5/2021 8:24:02 AM,False,7977,Accepted,
27847644,0568000,LOUISVILLE METRO POLICE DEPT,Accepted,JEFFERSON,I 0065,,,,,,,,,,,38.190695001,-85.720284079,0.516,3/4/2021 12:00:00 AM,0737,3,3,0,1,CLEAR,DRY,False,REAR END IN TRAFFIC LANES BOTH VEHICLES MOVING,REAR END,STRAIGHT & LEVEL,DAYLIGHT,,,3/5/2021 8:24:11 AM,False,4693,Accepted,
27847650,0568000,LOUISVILLE METRO POLICE DEPT,Accepted,JEFFERSON,,,SHEPHERDSVILLE,RD,,,,,COOPER,KY2845,MANSLICK,38.121020551,-85.667930033,1.391,3/4/2021 12:00:00 AM,1608,2,2,0,0,CLEAR,DRY,False,REAR END IN TRAFFIC LANES BOTH VEHICLES MOVING,REAR END,STRAIGHT & HILLCREST,DAYLIGHT,,,3/5/2021 8:24:34 AM,False,2547,Accepted,
27847636,0568000,LOUISVILLE METRO POLICE DEPT,Accepted,JEFFERSON,,,CHESTNUT,ST,W,,27TH,,,,,38.253164052,-85.795953777,0.273,3/4/2021 12:00:00 AM,0740,2,2,0,2,CLEAR,DRY,False,ANGLE COLLISION - OTHER,ANGLE,STRAIGHT & LEVEL,DAWN,,,3/5/2021 8:23:41 AM,False,7463,Accepted,
27842857,0568000,LOUISVILLE METRO POLICE DEPT,Accepted,JEFFERSON,,,MUHAMMAD ALI,BLVD,W,,34TH,,,,,38.256639838,-85.807161424,3.001,3/3/2021 12:00:00 AM,2326,2,2,0,0,CLEAR,DRY,True,HEAD-ON COLLISION,HEAD ON,STRAIGHT & LEVEL,DARK-HWY LIGHTED/ON,,,3/4/2021 8:08:40 AM,False,5318,Accepted,
27839686,0561500,UNIV. OF LOUISVILLE POLICE,Accepted,JEFFERSON,,215,DENNY CRUM OVERPASS,,,,,,,,,38.204547310,-85.763210775,0.042,3/3/2021 12:00:00 AM,0829,2,2,0,0,CLEAR,DRY,False,REAR END IN TRAFFIC LANES BOTH VEHICLES MOVING,REAR END,STRAIGHT & GRADE,DAWN,,,3/3/2021 3:06:40 PM,False,5696,Accepted,
27890272,0568000,LOUISVILLE METRO POLICE DEPT,Accepted,JEFFERSON,US0031W,,DIXIE,HWY,,,FLINTLOCK,,,,,38.160032708,-85.832794102,12.729,3/3/2021 12:00:00 AM,2320,4,4,0,3,CLEAR,DRY,False,OPPOSING LEFT TURN,OPPOSING LEFT TURN,STRAIGHT & LEVEL,DARK-HWY LIGHTED/ON,,,3/16/2021 8:09:35 AM,False,7365,Accepted,
27842853,0568000,LOUISVILLE METRO POLICE DEPT,Accepted,JEFFERSON,,,STRADER,AVE,,KY1865,TAYLOR,,,,,38.191124412,-85.783341237,0.002,3/3/2021 12:00:00 AM,1736,2,2,0,7,CLEAR,DRY,True,OTHER INTERSECTION COLLISIONS,REAR END,STRAIGHT & LEVEL,DAYLIGHT,,,3/4/2021 8:08:07 AM,False,5301,Accepted,
27842855,0568000,LOUISVILLE METRO POLICE DEPT,Accepted,JEFFERSON,US0031W,,22ND,ST,S,,ST LOUIS,,,,,38.233622567,-85.791030603,18.502,3/3/2021 12:00:00 AM,2030,1,1,0,0,CLEAR,DRY,False,COLLISION WITH FIXED OBJECT IN INTERSECTION - FIRST EVENT COLLISION 09 - 32,SINGLE VEHICLE,STRAIGHT & LEVEL,DARK-HWY LIGHTED/ON,,,3/4/2021 8:08:29 AM,False,5132,Accepted,
27904729,0568000,LOUISVILLE METRO POLICE DEPT,Accepted,JEFFERSON,,,ALGONQUIN,PKWY,,,,,,,,38.227388835,-85.827597969,0.312,3/3/2021 12:00:00 AM,0644,2,2,0,1,CLEAR,ICE,False,HEAD-ON COLLISION,HEAD ON,STRAIGHT & LEVEL,DUSK,,,3/19/2021 9:25:54 AM,False,7476,Accepted,
27847652,0568000,LOUISVILLE METRO POLICE DEPT,Accepted,JEFFERSON,,,FRANKLIN,ST,,,HANCOCK,,,,,38.256657204,-85.740407153,0.006,3/3/2021 12:00:00 AM,1800,2,2,0,0,CLEAR,DRY,False,COLLISION WITH PARKED VEHICLE,ANGLE,STRAIGHT & LEVEL,DAYLIGHT,,,3/5/2021 8:24:41 AM,False,7292,Accepted,
27886255,0568000,LOUISVILLE METRO POLICE DEPT,Accepted,JEFFERSON,KY1865,,TAYLOR,BLVD,,,BEECHER,,,,,38.191703372,-85.783244685,5.874,3/3/2021 12:00:00 AM,1930,2,2,0,0,CLEAR,DRY,False,ANGLE COLLISION - OTHER,ANGLE,STRAIGHT & LEVEL,DARK-HWY LIGHTED/ON,,,3/15/2021 9:16:28 AM,False,5221,Accepted,
27838176,0568000,LOUISVILLE METRO POLICE DEPT,Accepted,JEFFERSON,,,MAIN,ST,W,,25TH,,,,,38.260510696,-85.791475947,0.264,3/3/2021 12:00:00 AM,0019,2,2,0,1,CLEAR,DRY,True,ANGLE COLLISION - OTHER,ANGLE,STRAIGHT & LEVEL,DARK-HWY LIGHTED/ON,,,3/3/2021 8:17:47 AM,False,5338,Accepted,
27858568,0568000,LOUISVILLE METRO POLICE DEPT,Accepted,JEFFERSON,US0042,,STORY,AVE,,,FRANKFORT,,,,,38.258823067,-85.721475628,0.676,3/3/2021 12:00:00 AM,1223,1,1,0,0,CLEAR,DRY,False,COLLISION WITH FIXED OBJECT IN INTERSECTION - FIRST EVENT COLLISION 09 - 32,SINGLE VEHICLE,STRAIGHT & LEVEL,DAYLIGHT,,,3/8/2021 10:53:52 AM,False,7058,Accepted,
27868818,0568000,LOUISVILLE METRO POLICE DEPT,Accepted,JEFFERSON,,,CRITTENDEN,DR,,,,,,,,38.185815369,-85.755497713,0.789,3/3/2021 12:00:00 AM,1531,2,2,0,2,CLEAR,DRY,False,1 VEHICLE ENTERING/LEAVING ENTRANCE,ANGLE,STRAIGHT & LEVEL,DAYLIGHT,,,3/10/2021 2:24:45 PM,False,5335,Accepted,
29487586,0568000,LOUISVILLE METRO POLICE DEPT,Accepted,JEFFERSON,,,CENTRAL,AVE,,,4TH,,,,,38.205155369,-85.765569888,0.442,3/3/2021 12:00:00 AM,0023,2,2,0,1,CLEAR,DRY,False,ANGLE COLLISION - OTHER,ANGLE,STRAIGHT & LEVEL,DARK-HWY LIGHTED/ON,,,12/21/2021 8:09:37 AM,False,5252,Accepted,
27847666,0568000,LOUISVILLE METRO POLICE DEPT,Accepted,JEFFERSON,KY1020,,3RD,ST,S,CS2147F,GUTHRIE,,,,,38.249839863,-85.756039715,12.370,3/3/2021 12:00:00 AM,2155,2,2,0,0,CLEAR,DRY,False,SIDESWIPE COLLISION - OPPOSITE DIRECTION,SIDESWIPE-OPPOSITE DIRECTION,STRAIGHT & LEVEL,DARK-HWY LIGHTED/ON,,,3/5/2021 8:25:46 AM,False,2103,Accepted,
27847637,0568000,LOUISVILLE METRO POLICE DEPT,Accepted,JEFFERSON,KY1447,10620,WESTPORT,RD,,,,,INDIAN LAKE,,TOWNE CENTER,38.296261995,-85.553444132,6.395,3/3/2021 12:00:00 AM,1736,3,3,0,1,CLEAR,DRY,False,REAR END IN TRAFFIC LANES BOTH VEHICLES MOVING,REAR END,STRAIGHT & LEVEL,DAYLIGHT,,,3/5/2021 8:23:45 AM,False,7529,Accepted,
27847638,0568000,LOUISVILLE METRO POLICE DEPT,Accepted,JEFFERSON,,1487,FRANKFORT,AVE,,,,,,,,38.260196716,-85.722628014,0.070,3/3/2021 12:00:00 AM,1135,2,2,0,0,CLEAR,GRAVEL,False,COLLISION IN PARKING LOT,BACKING,STRAIGHT & GRADE,DAYLIGHT,,,3/5/2021 8:23:50 AM,False,2764,Accepted,
27847639,0568000,LOUISVILLE METRO POLICE DEPT,Accepted,JEFFERSON,US0031E,2433,BARDSTOWN,RD,,,,,,,,38.223659574,-85.687505127,13.291,3/3/2021 12:00:00 AM,1911,4,4,0,0,CLEAR,DRY,True,REAR END IN TRAFFIC LANES BOTH VEHICLES MOVING,REAR END,STRAIGHT & LEVEL,DARK (UNKNOWN ROADWAY LIGHTING),,,3/5/2021 8:23:54 AM,False,2100,Accepted,
27847662,0568000,LOUISVILLE METRO POLICE DEPT,Accepted,JEFFERSON,KY0061,,PRESTON,ST,S,US0031E,MARKET,,,,,38.254104174,-85.746076348,12.867,3/3/2021 12:00:00 AM,1800,2,2,0,0,CLEAR,DRY,False,ANGLE COLLISION - OTHER,ANGLE,STRAIGHT & LEVEL,DAYLIGHT,,,3/5/2021 8:25:23 AM,False,2764,Accepted,
27838179,0568000,LOUISVILLE METRO POLICE DEPT,Accepted,JEFFERSON,KY1747,,FERN VALLEY,RD,,I 0065,I65 N EXIT128 ON RAMP FROM KY1631 W,,,,,38.157489331,-85.715631584,0.908,3/3/2021 12:00:00 AM,0430,1,1,0,0,CLEAR,DRY,False,COLLISION WITH FIXED OBJECT IN INTERSECTION - FIRST EVENT COLLISION 09 - 32,SINGLE VEHICLE,STRAIGHT & LEVEL,DARK-HWY LIGHTED/ON,,,3/3/2021 8:18:20 AM,False,5138,Accepted,
27842850,0568000,LOUISVILLE METRO POLICE DEPT,Accepted,JEFFERSON,,1326,26TH,ST,S,,,,,,,38.235983508,-85.796587104,1.716,3/3/2021 12:00:00 AM,1620,2,2,0,1,CLEAR,DRY,False,1 VEHICLE PARKED POSITION (NOT PARKING LOT/DRIVEWAY),REAR END,STRAIGHT & LEVEL,DAYLIGHT,,,3/4/2021 8:07:44 AM,False,5341,Accepted,
27842851,0568000,LOUISVILLE METRO POLICE DEPT,Accepted,JEFFERSON,KY0907,,3RD ST,RD,,,,,PAGES,,HOLIDAY,38.115009674,-85.830493502,2.350,3/3/2021 12:00:00 AM,1225,1,1,0,1,CLEAR,DRY,False,COLLISION WITH FIXED OBJECT NON - INTERSECTION - FIRST EVENT COLLISION 09 - 32 EXCLUDING 16,SINGLE VEHICLE,STRAIGHT & LEVEL,DAYLIGHT,,,3/4/2021 8:07:50 AM,False,5304,Accepted,
27842858,0568000,LOUISVILLE METRO POLICE DEPT,Accepted,JEFFERSON,US0031W,,DIXIE,HWY,,KY0907,VALLEY STATION,,,,,38.107422852,-85.866936351,8.615,3/3/2021 12:00:00 AM,2131,2,2,0,1,CLEAR,DRY,False,OPPOSING LEFT TURN,OPPOSING LEFT TURN,STRAIGHT & LEVEL,DARK-HWY LIGHTED/ON,,,3/4/2021 8:08:47 AM,False,5170,Accepted,
27842859,0568000,LOUISVILLE METRO POLICE DEPT,Accepted,JEFFERSON,US0031W,,DIXIE,HWY,,KY0907,VALLEY STATION,,,,,38.107684287,-85.866699359,8.631,3/3/2021 12:00:00 AM,2013,2,2,0,0,CLEAR,DRY,False,HEAD-ON COLLISION,HEAD ON,STRAIGHT & LEVEL,DARK-HWY LIGHTED/ON,,,3/4/2021 8:08:54 AM,False,5170,Accepted,
27843880,0561500,UNIV. OF LOUISVILLE POLICE,Accepted,JEFFERSON,,2800,FLOYD,ST,S,,,,BYRNE,,HAHN,38.207274937,-85.757158357,3.225,3/3/2021 12:00:00 AM,1511,2,2,0,0,CLEAR,DRY,False,COLLISION IN PARKING LOT,BACKING,STRAIGHT & LEVEL,DAYLIGHT,,,3/4/2021 12:19:50 PM,False,5690,Accepted,
27842849,0568000,LOUISVILLE METRO POLICE DEPT,Accepted,JEFFERSON,,,SUNDER,AVE,,,ROSEMONT,,,,,38.203316160,-85.646594997,0.313,3/3/2021 12:00:00 AM,1405,2,2,0,3,CLEAR,DRY,False,ANGLE COLLISION - OTHER,ANGLE,STRAIGHT & LEVEL,DAYLIGHT,,,3/4/2021 8:07:38 AM,False,5191,Accepted,
27842760,0564400,INDIAN HILLS POLICE DEPARTMENT,Accepted,JEFFERSON,US0042,3801,BROWNSBORO,RD,,,,,,,,38.265520618,-85.667003224,3.825,3/3/2021 12:00:00 AM,1435,2,2,0,0,CLEAR,DRY,False,COLLISION IN PARKING LOT,ANGLE,STRAIGHT & LEVEL,DAYLIGHT,,,3/4/2021 7:59:31 AM,False,4411,Accepted,
27838178,0568000,LOUISVILLE METRO POLICE DEPT,Accepted,JEFFERSON,KY0864,,POPLAR LEVEL,RD,,,SELINDA,,,,,38.188294292,-85.702688435,10.765,3/2/2021 12:00:00 AM,2144,2,2,0,2,CLEAR,DRY,False,ANGLE COLLISION - OTHER,ANGLE,STRAIGHT & LEVEL,DARK-HWY LIGHTED/ON,,,3/3/2021 8:18:10 AM,False,5165,Accepted,
27838172,0568000,LOUISVILLE METRO POLICE DEPT,Accepted,JEFFERSON,US0031W,9208,DIXIE,HWY,,,,,,,,38.120866124,-85.855982334,9.721,3/2/2021 12:00:00 AM,2324,1,1,0,0,CLEAR,DRY,False,COLLISION WITH FIXED OBJECT NON - INTERSECTION - FIRST EVENT COLLISION 09 - 32 EXCLUDING 16,SINGLE VEHICLE,STRAIGHT & LEVEL,DARK-HWY NOT LIGHTED,,,3/3/2021 8:16:54 AM,False,5033,Accepted,
27838163,0568000,LOUISVILLE METRO POLICE DEPT,Accepted,JEFFERSON,US0042,,MELLWOOD,AVE,,,,,,,,38.257688683,-85.719543010,0.801,3/2/2021 12:00:00 AM,1420,2,2,0,0,CLEAR,DRY,False,OTHER ROADWAY OR MID-BLOCK COLLISION,REAR END,STRAIGHT & LEVEL,DAYLIGHT,,,3/3/2021 8:15:39 AM,False,7673,Accepted,
27838165,0568000,LOUISVILLE METRO POLICE DEPT,Accepted,JEFFERSON,,,PAYNE,ST,,,CLIFTON,,,,,38.252445522,-85.706108906,1.481,3/2/2021 12:00:00 AM,1050,2,1,0,1,CLEAR,DRY,False,COLLISION WITH BICYCLE IN INTERSECTION,SINGLE VEHICLE,STRAIGHT & HILLCREST,DAYLIGHT,,,3/3/2021 8:15:56 AM,False,5330,Accepted,
27838170,0568000,LOUISVILLE METRO POLICE DEPT,Accepted,JEFFERSON,US0031W,,DIXIE,HWY,,,,,,,,38.071702178,-85.884705234,5.944,3/2/2021 12:00:00 AM,1750,2,2,0,0,CLEAR,DRY,True,1 VEHICLE ENTERING/LEAVING ENTRANCE,ANGLE,STRAIGHT & LEVEL,DAYLIGHT,,,3/3/2021 8:16:42 AM,False,5033,Accepted,
27833591,0568000,LOUISVILLE METRO POLICE DEPT,Accepted,JEFFERSON,KY1865,,TAYLOR,BLVD,,,CARLISLE,,,,,38.194201454,-85.783108923,6.048,3/2/2021 12:00:00 AM,0238,1,1,0,0,CLEAR,DRY,False,COLLISION WITH FIXED OBJECT IN INTERSECTION - FIRST EVENT COLLISION 09 - 32,SINGLE VEHICLE,STRAIGHT & LEVEL,DARK-HWY LIGHTED/ON,,,3/2/2021 8:18:42 AM,False,5183,Accepted,
27858616,0568000,LOUISVILLE METRO POLICE DEPT,Accepted,JEFFERSON,KY1020,2900,3RD,ST,S,,IOWA,,,,,38.207524608,-85.763515169,9.678,3/2/2021 12:00:00 AM,1042,2,2,0,1,CLEAR,DRY,False,OPPOSING LEFT TURN,OPPOSING LEFT TURN,STRAIGHT & LEVEL,DAYLIGHT,,,3/8/2021 10:59:35 AM,False,5045,Accepted,
27858605,0568000,LOUISVILLE METRO POLICE DEPT,Accepted,JEFFERSON,,3510,GRANTSWOOD,CT,,,,,AUDUBON RIDGE,,,38.215393309,-85.712312893,0.098,3/2/2021 12:00:00 AM,0848,1,1,0,0,CLEAR,DRY,False,COLLISION WITH FIXED OBJECT NON - INTERSECTION - FIRST EVENT COLLISION 09 - 32 EXCLUDING 16,SINGLE VEHICLE,STRAIGHT & LEVEL,DAYLIGHT,,,3/8/2021 10:57:22 AM,False,7938,Accepted,
27858796,0568000,LOUISVILLE METRO POLICE DEPT,Accepted,JEFFERSON,,,45TH,ST,S,,GARLAND,,,,,38.247489600,-85.827330021,0.211,3/2/2021 12:00:00 AM,1440,2,2,0,0,CLOUDY,DRY,False,SIDESWIPE-SAME DIRECTION,SIDESWIPE-SAME DIRECTION,STRAIGHT & LEVEL,DAYLIGHT,,,3/8/2021 11:21:13 AM,False,2569,Accepted,