IncidentID,AgencyORI,AgencyName,IncidentStatusDesc,County,RdwyNumber,Street,RoadwayName,StreetSfx,StreetDir,IntersectionRdwy,IntersectionRdwyName,BetweenStRdwy1,BetweenStRdwyName1,BetweenStRdwy2,BetweenStRdwyName2,Latitude,Longitude,Milepoint,CollisionDate,CollisionTime,UnitsInvolved,MotorVehiclesInvolved,NumberKilled,NumberInjured,Weather,RdwyConditionCode,HitandRun,DirAnalysisCode,MannerofCollision,RdwyCharacter,LightCondition,RampFromRdwyId,RampToRdwyId,AcceptedDate,IsSecondaryCollision,OwnerBadge,IncidentStatus,
27842845,0568000,LOUISVILLE METRO POLICE DEPT,Accepted,JEFFERSON,I 0264,,I264 E,,,,,I 0264,I264 E EXIT11 OFF RAMP,I 0065,I65 E EXIT12 OFF RAMP,38.189862545,-85.750087282,10.958,3/2/2021 12:00:00 AM,1650,2,2,0,0,CLEAR,DRY,False,REAR END IN TRAFFIC LANES BOTH VEHICLES MOVING,REAR END,STRAIGHT & LEVEL,DAYLIGHT,,,3/4/2021 8:07:11 AM,False,7448,Accepted,
27842846,0568000,LOUISVILLE METRO POLICE DEPT,Accepted,JEFFERSON,KY0061,,PRESTON,HWY,,,INDIAN,,,,,38.168701653,-85.706508572,6.334,3/2/2021 12:00:00 AM,0531,2,1,1,0,CLEAR,DRY,False,COLLISION WITH PEDESTRIAN IN INTERSECTION,SINGLE VEHICLE,STRAIGHT & LEVEL,DARK-HWY LIGHTED/OFF,,,3/4/2021 8:07:17 AM,False,6886,Accepted,
27842847,0568000,LOUISVILLE METRO POLICE DEPT,Accepted,JEFFERSON,KY0146,,LA GRANGE,RD,,I 0265,I265 N EXIT30 OFF RAMP KY146 TO,,,,,38.288242182,-85.513200052,7.466,3/2/2021 12:00:00 AM,1736,2,2,0,1,CLEAR,DRY,False,OPPOSING LEFT TURN,OPPOSING LEFT TURN,STRAIGHT & LEVEL,DAYLIGHT,,,3/4/2021 8:07:23 AM,False,7751,Accepted,
27838167,0568000,LOUISVILLE METRO POLICE DEPT,Accepted,JEFFERSON,KY2048,,CANNONS,LN,,,,,WINCHESTER,,OLD CANNONS,38.239023639,-85.659557679,1.519,3/2/2021 12:00:00 AM,1733,3,3,0,3,CLEAR,DRY,False,OTHER ROADWAY OR MID-BLOCK COLLISION,REAR END,STRAIGHT & GRADE,DAYLIGHT,,,3/3/2021 8:16:22 AM,False,7043,Accepted,
27838168,0568000,LOUISVILLE METRO POLICE DEPT,Accepted,JEFFERSON,,3706,DIANN MARIE,RD,,,,,,,,38.299633981,-85.545052052,0.170,3/2/2021 12:00:00 AM,1205,2,1,0,1,CLEAR,DRY,False,COLLISION IN PARKING LOT,SINGLE VEHICLE,STRAIGHT & LEVEL,DAYLIGHT,,,3/3/2021 8:16:29 AM,False,7751,Accepted,
27838169,0568000,LOUISVILLE METRO POLICE DEPT,Accepted,JEFFERSON,,,8TH,ST,S,,CAWTHON,,,,,38.244120977,-85.765491450,0.920,3/2/2021 12:00:00 AM,1808,2,2,0,1,CLEAR,DRY,False,SIDESWIPE-SAME DIRECTION,SIDESWIPE-SAME DIRECTION,STRAIGHT & LEVEL,DUSK,,,3/3/2021 8:16:35 AM,False,7441,Accepted,
27838158,0568000,LOUISVILLE METRO POLICE DEPT,Accepted,JEFFERSON,US0031E,,BARDSTOWN,RD,,,,I 0264,I264 E EXIT16 OFF RAMP TO US31E S,,GOLDSMITH,38.208441666,-85.669156172,11.783,3/2/2021 12:00:00 AM,1234,2,2,0,0,CLEAR,DRY,True,SIDESWIPE COLLISION - SAME DIRECTION,SIDESWIPE-SAME DIRECTION,STRAIGHT & LEVEL,DAYLIGHT,,,3/3/2021 8:14:57 AM,False,7448,Accepted,
27838159,0568000,LOUISVILLE METRO POLICE DEPT,Accepted,JEFFERSON,KY2053,,THIXTON,LN,,,,,,,,38.080898809,-85.618074262,3.107,3/2/2021 12:00:00 AM,1045,1,1,0,1,CLEAR,DRY,False,OTHER ROADWAY OR MID-BLOCK COLLISION,SINGLE VEHICLE,CURVE & LEVEL,DAYLIGHT,,,3/3/2021 8:15:10 AM,False,5371,Accepted,
27838160,0568000,LOUISVILLE METRO POLICE DEPT,Accepted,JEFFERSON,US0031E,,BUECHEL,BYP,,,BUECHEL BANK,,,,,38.190786014,-85.647708914,10.040,3/2/2021 12:00:00 AM,0841,2,2,0,2,CLEAR,DRY,False,ANGLE COLLISION - OTHER,ANGLE,STRAIGHT & LEVEL,DAYLIGHT,,,3/3/2021 8:15:29 AM,False,4693,Accepted,
27914337,0568000,LOUISVILLE METRO POLICE DEPT,Accepted,JEFFERSON,US0150,521,22ND,ST,N,,,,,,,38.267212505,-85.783179022,0.171,3/2/2021 12:00:00 AM,1426,2,2,0,0,CLEAR,DRY,True,1 VEHICLE PARKED POSITION (NOT PARKING LOT/DRIVEWAY),BACKING,STRAIGHT & LEVEL,DAYLIGHT,,,3/22/2021 8:29:59 AM,False,5108,Accepted,
27838174,0568000,LOUISVILLE METRO POLICE DEPT,Accepted,JEFFERSON,,,BUECHEL BANK,RD,,US0031E,BUECHEL,,,,,38.190863115,-85.647597942,0.149,3/2/2021 12:00:00 AM,2021,2,2,0,0,CLEAR,DRY,False,HEAD-ON COLLISION,HEAD ON,STRAIGHT & LEVEL,DARK-HWY LIGHTED/ON,,,3/3/2021 8:17:15 AM,False,5203,Accepted,
27833580,0568000,LOUISVILLE METRO POLICE DEPT,Accepted,JEFFERSON,US0031W,,DR W J HODGE,ST,,,OSAGE,,,,,38.239181244,-85.788275201,18.980,3/1/2021 12:00:00 AM,1545,2,2,0,1,CLEAR,DRY,False,ANGLE COLLISION - OTHER,ANGLE,STRAIGHT & LEVEL,DAYLIGHT,,,3/2/2021 8:17:35 AM,False,5179,Accepted,
27833586,0568000,LOUISVILLE METRO POLICE DEPT,Accepted,JEFFERSON,US0031E,,BARDSTOWN,RD,,,,,CEDAR CREEK,,ICHABOD,38.133544845,-85.579301349,4.328,3/1/2021 12:00:00 AM,1531,5,5,0,2,CLEAR,DRY,False,1 VEHICLE ENTERING/LEAVING ENTRANCE,ANGLE,STRAIGHT & LEVEL,DAYLIGHT,,,3/2/2021 8:18:10 AM,False,7278,Accepted,
27833581,0568000,LOUISVILLE METRO POLICE DEPT,Accepted,JEFFERSON,,8200,GRADE,LN,,KY1065,OUTER,,,,,38.129981152,-85.737639134,4.086,3/1/2021 12:00:00 AM,1655,2,2,0,0,CLEAR,DRY,False,OTHER INTERSECTION COLLISIONS,REAR END,CURVE & HILLCREST,DAYLIGHT,,,3/2/2021 8:17:43 AM,False,7799,Accepted,
27833587,0568000,LOUISVILLE METRO POLICE DEPT,Accepted,JEFFERSON,,2115,ST LOUIS,AVE,,,,,,,,38.233871331,-85.791543999,0.256,3/1/2021 12:00:00 AM,1744,2,2,0,1,CLEAR,DRY,False,1 VEHICLE PARKED POSITION (NOT PARKING LOT/DRIVEWAY),SIDESWIPE-SAME DIRECTION,STRAIGHT & LEVEL,DAYLIGHT,,,3/2/2021 8:18:17 AM,False,7091,Accepted,
27833588,0568000,LOUISVILLE METRO POLICE DEPT,Accepted,JEFFERSON,KY1747,,HURSTBOURNE,PKWY,S,,AMBROSSE,,,,,38.195896319,-85.603835838,9.388,3/1/2021 12:00:00 AM,1614,3,3,0,1,CLEAR,DRY,False,OPPOSING LEFT TURN,OPPOSING LEFT TURN,STRAIGHT & LEVEL,DAYLIGHT,,,3/2/2021 8:18:25 AM,False,7739,Accepted,
27833589,0568000,LOUISVILLE METRO POLICE DEPT,Accepted,JEFFERSON,KY0907,,3RD ST,RD,,,SHOREWOOD,,,,,38.145062471,-85.776225365,6.208,3/1/2021 12:00:00 AM,2205,2,2,0,0,CLEAR,DRY,True,SIDESWIPE-SAME DIRECTION,SIDESWIPE-SAME DIRECTION,STRAIGHT & LEVEL,DARK-HWY LIGHTED/ON,,,3/2/2021 8:18:31 AM,False,5293,Accepted,
27838157,0568000,LOUISVILLE METRO POLICE DEPT,Accepted,JEFFERSON,KY0061,,PRESTON,HWY,,,OLD FERN VALLEY,,,,,38.154981073,-85.695902345,5.197,3/1/2021 12:00:00 AM,1724,2,2,0,0,CLEAR,DRY,False,ANGLE COLLISION - OTHER,ANGLE,STRAIGHT & LEVEL,DAYLIGHT,,,3/3/2021 8:14:50 AM,False,7269,Accepted,
27833570,0568000,LOUISVILLE METRO POLICE DEPT,Accepted,JEFFERSON,,,INDIAN,TRL,E,,INDIAN OAKS,,,,,38.170856565,-85.687725202,1.046,3/1/2021 12:00:00 AM,0627,2,2,0,1,CLEAR,WET,False,ANGLE COLLISION - OTHER,ANGLE,STRAIGHT & LEVEL,DARK-HWY LIGHTED/ON,,,3/2/2021 8:16:22 AM,False,5286,Accepted,
27833571,0568000,LOUISVILLE METRO POLICE DEPT,Accepted,JEFFERSON,,5504,PENDLETON,RD,,,,,,,,38.051878074,-85.868278365,1.247,3/1/2021 12:00:00 AM,0517,1,1,0,0,CLEAR,DRY,True,OTHER ROADWAY OR MID-BLOCK COLLISION,SINGLE VEHICLE,STRAIGHT & LEVEL,DARK-HWY LIGHTED/ON,,,3/2/2021 8:16:34 AM,False,7166,Accepted,
27833579,0568000,LOUISVILLE METRO POLICE DEPT,Accepted,JEFFERSON,KY1065,,OUTER,LOOP,,,,KY1020,NATIONAL,KY3078,FRONTAGE RODD LEFT LINE A,38.127430268,-85.747152450,2.619,3/1/2021 12:00:00 AM,1412,3,3,0,0,CLEAR,DRY,False,REAR END IN TRAFFIC LANES BOTH VEHICLES MOVING,REAR END,STRAIGHT & LEVEL,DAYLIGHT,,,3/2/2021 8:17:23 AM,False,7202,Accepted,
27890269,0568000,LOUISVILLE METRO POLICE DEPT,Accepted,JEFFERSON,,,ST CATHERINE,ST,E,,,,,,,38.236435040,-85.751078297,1.090,3/1/2021 12:00:00 AM,1134,2,2,0,0,CLEAR,DRY,False,,REAR END,STRAIGHT & LEVEL,DAYLIGHT,,,3/16/2021 8:09:24 AM,False,7882,Accepted,
27868792,0568000,LOUISVILLE METRO POLICE DEPT,Accepted,JEFFERSON,,,WITHERSPOON,ST,E,,RIVER,,,,,38.261608842,-85.736687668,0.958,3/1/2021 12:00:00 AM,0010,2,2,0,0,CLEAR,DRY,False,ANGLE COLLISION - OTHER,ANGLE,STRAIGHT & LEVEL,DARK-HWY LIGHTED/ON,,,3/10/2021 2:23:17 PM,False,7038,Accepted,
27872605,0560000,JEFFERSON COUNTY SHERIFF DEPT.,Accepted,JEFFERSON,I 0265,,I265 E,,,,,,,,,38.211445833,-85.506500699,24.699,3/1/2021 12:00:00 AM,1904,1,1,0,0,CLEAR,DRY,False,COLLISION WITH FIXED OBJECT NON - INTERSECTION - FIRST EVENT COLLISION 09 - 32 EXCLUDING 16,SINGLE VEHICLE,STRAIGHT & LEVEL,DUSK,,,3/11/2021 10:49:55 AM,False,4023,Accepted,
28776278,0568000,LOUISVILLE METRO POLICE DEPT,Accepted,JEFFERSON,US0031W,,DIXIE,HWY,,,,,FURY,,ATLAS POWDER,38.139558326,-85.841824093,11.344,3/1/2021 12:00:00 AM,1827,5,5,1,1,CLEAR,DRY,False,HEAD-ON COLLISION,HEAD ON,STRAIGHT & LEVEL,DAYLIGHT,,,9/30/2021 8:21:27 AM,False,2308,Accepted,
27833576,0568000,LOUISVILLE METRO POLICE DEPT,Accepted,JEFFERSON,,,SEATON,LN,,KY1065,SEATONVILLE,,,,,38.151317369,-85.582204271,0.031,3/1/2021 12:00:00 AM,1003,1,1,0,1,CLEAR,DRY,False,COLLISION WITH FIXED OBJECT IN INTERSECTION - FIRST EVENT COLLISION 09 - 32,SINGLE VEHICLE,CURVE & LEVEL,DAYLIGHT,,,3/2/2021 8:17:03 AM,False,2017,Accepted,
27833577,0568000,LOUISVILLE METRO POLICE DEPT,Accepted,JEFFERSON,I 0265,,I265 W,,,,,I 0265,I265 W EXIT19 OFF RAMP TO KY1819,I 0265,I265 W EXIT23 ON RAMP FROM KY155,38.149762850,-85.539986147,19.777,3/1/2021 12:00:00 AM,1138,1,1,0,3,CLEAR,DRY,False,OTHER COLLISIONS ON SHOULDER,SINGLE VEHICLE,STRAIGHT & GRADE,DAYLIGHT,,,3/2/2021 8:17:10 AM,False,7278,Accepted,
27833585,0568000,LOUISVILLE METRO POLICE DEPT,Accepted,JEFFERSON,I 0264,,I264 W,,,,,,,,,38.221668558,-85.650831058,17.000,3/1/2021 12:00:00 AM,1610,2,2,0,1,CLOUDY,DRY,False,1 VEHICLE ENTERING/LEAVING ENTRANCE,ANGLE,STRAIGHT & LEVEL,DAYLIGHT,,,3/2/2021 8:18:04 AM,False,2217,Accepted,
27838156,0568000,LOUISVILLE METRO POLICE DEPT,Accepted,JEFFERSON,,,MUHAMMAD ALI,BLVD,E,,,,,,,38.249916977,-85.746265364,0.694,3/1/2021 12:00:00 AM,1417,5,5,0,1,CLEAR,DRY,False,SIDESWIPE COLLISION - SAME DIRECTION,SIDESWIPE-SAME DIRECTION,STRAIGHT & LEVEL,DAYLIGHT,,,3/3/2021 8:14:42 AM,False,7118,Accepted,
27833590,0568000,LOUISVILLE METRO POLICE DEPT,Accepted,JEFFERSON,,,ORMSBY,AVE,W,KY1020,3RD,,,,,38.232722398,-85.759133484,0.178,3/1/2021 12:00:00 AM,1916,2,2,0,0,CLOUDY,DRY,False,SIDESWIPE-SAME DIRECTION,SIDESWIPE-SAME DIRECTION,STRAIGHT & LEVEL,DARK-HWY LIGHTED/ON,,,3/2/2021 8:18:35 AM,False,5152,Accepted,
27842842,0568000,LOUISVILLE METRO POLICE DEPT,Accepted,JEFFERSON,,5320,IROQUOIS GARDENS,DR,,,,,,,,38.154277959,-85.777396262,0.020,3/1/2021 12:00:00 AM,0700,2,2,0,0,CLEAR,DRY,False,COLLISION IN PARKING LOT,HEAD ON,STRAIGHT & LEVEL,DAYLIGHT,,,3/4/2021 8:06:51 AM,False,7444,Accepted,
27828869,0568000,LOUISVILLE METRO POLICE DEPT,Accepted,JEFFERSON,KY1020,2215,3RD,ST,S,,,,,,,38.216163811,-85.761939685,10.025,3/1/2021 12:00:00 AM,0256,1,1,0,0,CLOUDY,DRY,False,COLLISION WITH FIXED OBJECT NON - INTERSECTION - FIRST EVENT COLLISION 09 - 32 EXCLUDING 16,SINGLE VEHICLE,STRAIGHT & LEVEL,DARK-HWY LIGHTED/ON,,,3/1/2021 7:47:58 AM,False,5316,Accepted,
27833575,0568000,LOUISVILLE METRO POLICE DEPT,Accepted,JEFFERSON,I 0265,,I265 W,,,,,,,,,38.203071535,-85.507667087,24.085,3/1/2021 12:00:00 AM,1115,1,1,0,0,CLOUDY,DRY,False,COLLISION WITH FIXED OBJECT NON - INTERSECTION - FIRST EVENT COLLISION 09 - 32 EXCLUDING 16,SINGLE VEHICLE,STRAIGHT & HILLCREST,DAYLIGHT,,,3/2/2021 8:16:58 AM,False,4903,Accepted,
27833582,0568000,LOUISVILLE METRO POLICE DEPT,Accepted,JEFFERSON,KY0841,,GENE SNYDER,FWY,,,,,,,,38.090709013,-85.868198281,0.407,3/1/2021 12:00:00 AM,1700,2,2,0,1,CLEAR,DRY,False,REAR END IN TRAFFIC LANES BOTH VEHICLES MOVING,REAR END,STRAIGHT & LEVEL,DAYLIGHT,,,3/2/2021 8:17:47 AM,False,5296,Accepted,
27833583,0568000,LOUISVILLE METRO POLICE DEPT,Accepted,JEFFERSON,US0031E,,BARDSTOWN,RD,,,,,,,,38.205630543,-85.666710532,11.560,3/1/2021 12:00:00 AM,1456,2,2,0,0,CLEAR,DRY,False,REAR END IN TRAFFIC LANES BOTH VEHICLES MOVING,REAR END,STRAIGHT & LEVEL,DAYLIGHT,,,3/2/2021 8:17:53 AM,False,7560,Accepted,
27847673,0568000,LOUISVILLE METRO POLICE DEPT,Accepted,JEFFERSON,US0060A,,LEXINGTON,RD,,,,,,,,38.248176458,-85.681803791,9.139,3/1/2021 12:00:00 AM,0649,2,2,0,1,CLEAR,DRY,False,1 VEHICLE PARKED POSITION (NOT PARKING LOT/DRIVEWAY),REAR END,STRAIGHT & LEVEL,DAYLIGHT,,,3/5/2021 8:26:05 AM,False,7376,Accepted,
27828872,0568000,LOUISVILLE METRO POLICE DEPT,Accepted,JEFFERSON,,,FACTORY,LN,,,TERRACE SPRINGS,,,,,38.287046810,-85.502714204,0.560,2/28/2021 12:00:00 AM,2032,2,2,0,2,RAINING,WATER (STANDING OR MOVING),False,HEAD-ON COLLISION,HEAD ON,STRAIGHT & LEVEL,DARK-HWY LIGHTED/ON,,,3/1/2021 7:48:23 AM,False,7876,Accepted,
27833574,0568000,LOUISVILLE METRO POLICE DEPT,Accepted,JEFFERSON,,1320,BROOK,ST,S,,,,,,,38.230527040,-85.754400744,1.711,2/28/2021 12:00:00 AM,1944,5,5,0,0,RAINING,WET,True,REAR END IN TRAFFIC LANES BOTH VEHICLES MOVING,REAR END,STRAIGHT & LEVEL,DARK (UNKNOWN ROADWAY LIGHTING),,,3/2/2021 8:16:52 AM,False,5213,Accepted,
27828844,0568000,LOUISVILLE METRO POLICE DEPT,Accepted,JEFFERSON,,,1ST,ST,S,,HILL,,,,,38.225395566,-85.756911739,2.101,2/28/2021 12:00:00 AM,0033,2,2,0,1,RAINING,WET,True,ANGLE COLLISION - OTHER,ANGLE,STRAIGHT & LEVEL,DARK-HWY LIGHTED/ON,,,3/1/2021 7:45:23 AM,False,5230,Accepted,
27828845,0568000,LOUISVILLE METRO POLICE DEPT,Accepted,JEFFERSON,I 0064,,I64 W,,,,,,,,,38.232724134,-85.607491402,13.189,2/28/2021 12:00:00 AM,0533,1,1,0,1,RAINING,WET,False,OTHER COLLISIONS ON SHOULDER,SINGLE VEHICLE,STRAIGHT & LEVEL,DARK-HWY LIGHTED/ON,,,3/1/2021 7:45:28 AM,False,7096,Accepted,
27828862,0568000,LOUISVILLE METRO POLICE DEPT,Accepted,JEFFERSON,,,NORTHWESTERN,PKWY,,,BANK,,,,,38.272002670,-85.818142987,2.271,2/28/2021 12:00:00 AM,1405,2,2,0,1,RAINING,WET,False,COLLISION WITH PARKED VEHICLE,REAR TO REAR,STRAIGHT & LEVEL,DAYLIGHT,,,3/1/2021 7:46:55 AM,False,5032,Accepted,
27828863,0568000,LOUISVILLE METRO POLICE DEPT,Accepted,JEFFERSON,I 0064,,I64 W,,,I 0064,I64 W EXIT12 RAMP TO I264 E,,,,,38.234898027,-85.613964945,12.806,2/28/2021 12:00:00 AM,0629,1,1,0,1,RAINING,WATER (STANDING OR MOVING),False,OTHER INTERSECTION COLLISIONS,SINGLE VEHICLE,STRAIGHT & GRADE,DARK-HWY LIGHTED/ON,,,3/1/2021 7:47:00 AM,False,7098,Accepted,
27828853,0568000,LOUISVILLE METRO POLICE DEPT,Accepted,JEFFERSON,,4002,TOWNE CENTER,DR,,,,,FISCHER PARK,,SPRINGHURST,38.298913729,-85.556285939,0.252,2/28/2021 12:00:00 AM,1240,2,1,0,1,RAINING,WET,True,COLLISION IN PARKING LOT,SINGLE VEHICLE,,DAYLIGHT,,,3/1/2021 7:46:10 AM,False,7529,Accepted,
27828854,0568000,LOUISVILLE METRO POLICE DEPT,Accepted,JEFFERSON,,,35TH,ST,N,,ROWAN,,,,,38.263614554,-85.808030417,0.733,2/28/2021 12:00:00 AM,1520,2,2,0,0,CLEAR,WET,False,ANGLE COLLISION - OTHER,ANGLE,STRAIGHT & LEVEL,DAYLIGHT,,,3/1/2021 7:46:15 AM,False,7381,Accepted,
27828855,0568000,LOUISVILLE METRO POLICE DEPT,Accepted,JEFFERSON,,2420,WOODSIDE,RD,,,,,,,,38.286547726,-85.654230781,0.001,2/28/2021 12:00:00 AM,0627,1,1,0,0,RAINING,WATER (STANDING OR MOVING),False,COLLISION WITH ANIMAL NON INTERSECTION,SINGLE VEHICLE,CURVE & HILLCREST,DARK-HWY NOT LIGHTED,,,3/1/2021 7:46:20 AM,False,2673,Accepted,
27828861,0568000,LOUISVILLE METRO POLICE DEPT,Accepted,JEFFERSON,KY0864,5222,POPLAR LEVEL,RD,,,,,,,,38.159179813,-85.664574728,7.689,2/28/2021 12:00:00 AM,1512,1,1,0,1,CLOUDY,WET,False,COLLISION WITH FIXED OBJECT NON - INTERSECTION - FIRST EVENT COLLISION 09 - 32 EXCLUDING 16,SINGLE VEHICLE,CURVE & LEVEL,DAYLIGHT,,,3/1/2021 7:46:50 AM,False,5233,Accepted,
27838171,0568000,LOUISVILLE METRO POLICE DEPT,Accepted,JEFFERSON,,9406,DELPHINIUM,ST,,,,,,,,38.321911054,-85.565977260,0.052,2/28/2021 12:00:00 AM,2000,2,2,0,0,CLEAR,DRY,True,1 VEHICLE PARKED POSITION (NOT PARKING LOT/DRIVEWAY),SIDESWIPE-SAME DIRECTION,STRAIGHT & LEVEL,DAWN,,,3/3/2021 8:16:48 AM,False,5155,Accepted,
27842844,0568000,LOUISVILLE METRO POLICE DEPT,Accepted,JEFFERSON,,,ASHLAND,AVE,W,KY1020,SOUTHERN,,,,,38.185292670,-85.767582581,0.101,2/28/2021 12:00:00 AM,1802,2,2,0,1,CLOUDY,WET,False,ANGLE COLLISION - ONE VEHICLE TURNING LEFT,ANGLE,STRAIGHT & LEVEL,DUSK,,,3/4/2021 8:07:04 AM,False,5308,Accepted,
27828847,0568000,LOUISVILLE METRO POLICE DEPT,Accepted,JEFFERSON,I 0265,,I265 E,,,,,,,,,38.114890490,-85.661472367,12.541,2/28/2021 12:00:00 AM,0511,1,1,0,0,RAINING,WET,False,OTHER COLLISIONS ON SHOULDER,SINGLE VEHICLE,STRAIGHT & LEVEL,DARK-HWY LIGHTED/ON,,,3/1/2021 7:45:39 AM,False,5184,Accepted,
27958966,0568000,LOUISVILLE METRO POLICE DEPT,Accepted,JEFFERSON,KY0864,,CEDAR CREEK,RD,,,,,,,,38.094978689,-85.622184487,0.829,2/28/2021 12:00:00 AM,0544,1,1,0,0,RAINING,WET,False,COLLISION WITH FIXED OBJECT NON - INTERSECTION - FIRST EVENT COLLISION 09 - 32 EXCLUDING 16,SINGLE VEHICLE,CURVE & LEVEL,DARK-HWY LIGHTED/OFF,,,4/2/2021 8:28:48 AM,False,5014,Accepted,
29526205,0568000,LOUISVILLE METRO POLICE DEPT,Accepted,JEFFERSON,US0031,,CLARK MEMORIAL,BRG,,,,,,,,38.257968771,-85.753034997,0.120,2/28/2021 12:00:00 AM,2124,3,3,0,2,RAINING,WET,True,SIDESWIPE COLLISION - OPPOSITE DIRECTION,SIDESWIPE-OPPOSITE DIRECTION,STRAIGHT & LEVEL,DARK-HWY LIGHTED/ON,,,1/3/2022 7:44:15 AM,False,5329,Accepted,
27828860,0568000,LOUISVILLE METRO POLICE DEPT,Accepted,JEFFERSON,US0031E,,BARDSTOWN,RD,,,,KY0660,WATERFORD,US0031E,US31E CROSSOVER,38.078810163,-85.553972357,0.225,2/28/2021 12:00:00 AM,1755,1,1,0,0,RAINING,WET,False,COLLISION WITH FIXED OBJECT NON - INTERSECTION - FIRST EVENT COLLISION 09 - 32 EXCLUDING 16,SINGLE VEHICLE,CURVE & GRADE,DAYLIGHT,,,3/1/2021 7:46:44 AM,False,2321,Accepted,
27828865,0568000,LOUISVILLE METRO POLICE DEPT,Accepted,JEFFERSON,US0031E,,BARDSTOWN,RD,,,TREVILIAN,,,,,38.223001662,-85.684703298,13.126,2/28/2021 12:00:00 AM,2209,1,1,0,0,RAINING,WET,False,COLLISION WITH FIXED OBJECT IN INTERSECTION - FIRST EVENT COLLISION 09 - 32,SINGLE VEHICLE,STRAIGHT & HILLCREST,DARK-HWY LIGHTED/ON,,,3/1/2021 7:47:12 AM,False,2026,Accepted,
27828866,0568000,LOUISVILLE METRO POLICE DEPT,Accepted,JEFFERSON,,,GRADE LN CONN,,,,,,,,,38.169394504,-85.720826877,0.114,2/28/2021 12:00:00 AM,2017,1,1,0,0,RAINING,WET,True,OTHER ROADWAY OR MID-BLOCK COLLISION,SINGLE VEHICLE,,DARK-HWY LIGHTED/ON,,,3/1/2021 7:47:21 AM,False,5317,Accepted,
27828867,0568000,LOUISVILLE METRO POLICE DEPT,Accepted,JEFFERSON,,,4TH,ST,S,US0060A,WINKLER,,,,,38.210331275,-85.764661197,3.223,2/28/2021 12:00:00 AM,2303,2,2,0,0,RAINING,WET,False,OPPOSING LEFT TURN,OPPOSING LEFT TURN,CURVE & LEVEL,DARK-HWY LIGHTED/ON,,,3/1/2021 7:47:48 AM,False,5317,Accepted,
27828840,0568000,LOUISVILLE METRO POLICE DEPT,Accepted,JEFFERSON,,,26TH,ST,S,,GRAND,,,,,38.240691874,-85.795875757,1.375,2/28/2021 12:00:00 AM,0154,2,2,0,0,RAINING,WET,True,COLLISION WITH PARKED VEHICLE,SIDESWIPE-SAME DIRECTION,STRAIGHT & LEVEL,DARK-HWY LIGHTED/ON,,,3/1/2021 7:44:51 AM,False,5229,Accepted,
27828841,0568000,LOUISVILLE METRO POLICE DEPT,Accepted,JEFFERSON,,,4TH,ST,S,US0060A,WINKLER,,,,,38.210320845,-85.764859008,3.214,2/28/2021 12:00:00 AM,0323,2,2,0,0,RAINING,WET,False,SIDESWIPE-SAME DIRECTION,SIDESWIPE-SAME DIRECTION,STRAIGHT & LEVEL,DARK-HWY LIGHTED/ON,,,3/1/2021 7:44:55 AM,False,5163,Accepted,
27828842,0568000,LOUISVILLE METRO POLICE DEPT,Accepted,JEFFERSON,,323,ST CATHERINE,ST,E,,,,,,,38.236453229,-85.750701410,1.084,2/28/2021 12:00:00 AM,0410,2,2,0,0,RAINING,WET,True,1 VEHICLE PARKED POSITION (NOT PARKING LOT/DRIVEWAY),HEAD ON,STRAIGHT & LEVEL,DARK-HWY LIGHTED/ON,,,3/1/2021 7:45:01 AM,False,5127,Accepted,
27828848,0568000,LOUISVILLE METRO POLICE DEPT,Accepted,JEFFERSON,I 0264,,I264 E,,,,,I 0264,I264 E EXIT18 ON RAMP FROM KY1932 N,I 0064,I64 E EXIT19A RAMP TO I64 E,38.232766570,-85.627968439,18.462,2/28/2021 12:00:00 AM,0710,2,2,0,1,RAINING,WET,False,1 VEHICLE ENTERING/LEAVING ENTRANCE,ANGLE,STRAIGHT & LEVEL,DARK-HWY LIGHTED/ON,,,3/1/2021 7:45:43 AM,False,2013,Accepted,
27828849,0568000,LOUISVILLE METRO POLICE DEPT,Accepted,JEFFERSON,KY1447,,WESTPORT,RD,,,,,,,,38.296155694,-85.553345825,6.382,2/28/2021 12:00:00 AM,0830,3,3,0,1,CLOUDY,WET,False,1 VEHICLE ENTERING/LEAVING ENTRANCE,ANGLE,STRAIGHT & LEVEL,DAYLIGHT,,,3/1/2021 7:45:48 AM,False,7615,Accepted,
27828857,0568000,LOUISVILLE METRO POLICE DEPT,Accepted,JEFFERSON,KY1631,2704,CRITTENDEN,DR,,,,,,,,38.204690785,-85.750696280,1.154,2/28/2021 12:00:00 AM,1114,1,1,0,0,RAINING,WET,False,COLLISION WITH FIXED OBJECT NON - INTERSECTION - FIRST EVENT COLLISION 09 - 32 EXCLUDING 16,SINGLE VEHICLE,STRAIGHT & LEVEL,DAYLIGHT,,,3/1/2021 7:46:30 AM,False,5337,Accepted,