IncidentID,AgencyORI,AgencyName,IncidentStatusDesc,County,RdwyNumber,Street,RoadwayName,StreetSfx,StreetDir,IntersectionRdwy,IntersectionRdwyName,BetweenStRdwy1,BetweenStRdwyName1,BetweenStRdwy2,BetweenStRdwyName2,Latitude,Longitude,Milepoint,CollisionDate,CollisionTime,UnitsInvolved,MotorVehiclesInvolved,NumberKilled,NumberInjured,Weather,RdwyConditionCode,HitandRun,DirAnalysisCode,MannerofCollision,RdwyCharacter,LightCondition,RampFromRdwyId,RampToRdwyId,AcceptedDate,IsSecondaryCollision,OwnerBadge,IncidentStatus,
27833573,0568000,LOUISVILLE METRO POLICE DEPT,Accepted,JEFFERSON,,,RIVER,RD,,,WITHERSPOON,,,,,38.261595965,-85.736804212,0.582,2/28/2021 12:00:00 AM,1558,2,2,0,0,CLOUDY,DRY,False,COLLISION IN PARKING LOT,BACKING,STRAIGHT & LEVEL,DAYLIGHT,,,3/2/2021 8:16:45 AM,False,2764,Accepted,
27828859,0568000,LOUISVILLE METRO POLICE DEPT,Accepted,JEFFERSON,,,BLUE CREEK,CT,,,WHISPERING BROOK,,,,,38.104167703,-85.697470665,0.003,2/28/2021 12:00:00 AM,1728,1,1,0,0,RAINING,WET,False,COLLISION WITH FIXED OBJECT IN INTERSECTION - FIRST EVENT COLLISION 09 - 32,SINGLE VEHICLE,STRAIGHT & LEVEL,DAYLIGHT,,,3/1/2021 7:46:40 AM,False,7989,Accepted,
27882825,0560400,SHIVELY POLICE DEPARTMENT,Accepted,JEFFERSON,I 0264,,I264 E,,,,,,,,,38.186506813,-85.827263394,6.678,2/28/2021 12:00:00 AM,0605,1,1,0,0,RAINING,FLOODED,False,OTHER ROADWAY OR MID-BLOCK COLLISION,SINGLE VEHICLE,STRAIGHT & GRADE,DARK-HWY LIGHTED/ON,,,3/14/2021 7:13:30 AM,False,7131,Accepted,
27890273,0568000,LOUISVILLE METRO POLICE DEPT,Accepted,JEFFERSON,KY2055,404,MT HOLLY,RD,,,,,,,,38.104916653,-85.758643471,1.363,2/28/2021 12:00:00 AM,2118,2,2,0,1,RAINING,WET,False,COLLISION IN PARKING LOT,ANGLE,STRAIGHT & LEVEL,OTHER,,,3/16/2021 8:09:39 AM,False,7090,Accepted,
27828858,0568000,LOUISVILLE METRO POLICE DEPT,Accepted,JEFFERSON,I 0264,,,,,,,,,,,38.189801429,-85.783405563,0.233,2/27/2021 12:00:00 AM,1028,2,2,0,2,CLOUDY,DRY,False,OTHER RAMP RELATED COLLISIONS NOT LISTED ABOVE,REAR END,CURVE & GRADE,DAYLIGHT,I 0264,KY1865,3/1/2021 7:46:35 AM,False,5337,Accepted,
27828850,0568000,LOUISVILLE METRO POLICE DEPT,Accepted,JEFFERSON,US0031E,,BARDSTOWN,RD,,,ICHABOD,,,,,38.131473683,-85.578165473,4.172,2/27/2021 12:00:00 AM,1922,2,2,0,0,CLEAR,DRY,False,SIDESWIPE-SAME DIRECTION,SIDESWIPE-SAME DIRECTION,STRAIGHT & LEVEL,DARK-HWY LIGHTED/ON,,,3/1/2021 7:45:54 AM,False,2321,Accepted,
27828835,0568000,LOUISVILLE METRO POLICE DEPT,Accepted,JEFFERSON,US0031E,701,BAXTER,AVE,,,,,,,,38.243571428,-85.726734274,15.885,2/27/2021 12:00:00 AM,1506,3,3,0,0,CLOUDY,DRY,True,1 VEHICLE PARKED POSITION (NOT PARKING LOT/DRIVEWAY),SIDESWIPE-SAME DIRECTION,STRAIGHT & LEVEL,DAYLIGHT,,,3/1/2021 7:44:26 AM,False,5354,Accepted,
27828843,0568000,LOUISVILLE METRO POLICE DEPT,Accepted,JEFFERSON,,4014,GREENWOOD,AVE,,,,,,,,38.243985636,-85.819078964,1.847,2/27/2021 12:00:00 AM,1910,2,2,0,2,CLEAR,DRY,False,1 VEHICLE PARKED POSITION (NOT PARKING LOT/DRIVEWAY),HEAD ON,STRAIGHT & LEVEL,DARK-HWY LIGHTED/ON,,,3/1/2021 7:45:08 AM,False,5318,Accepted,
27828833,0568000,LOUISVILLE METRO POLICE DEPT,Accepted,JEFFERSON,I 0264,,I264 W,,,,,I 0264,I264 W EXIT16 ON RAMP FROM US31E,I 0264,I264 W EXIT15A OFF RAMP TO KY1703 N,38.205242703,-85.681221292,14.800,2/27/2021 12:00:00 AM,0905,2,2,0,1,CLOUDY,WET,False,1 VEHICLE PARKED POSITION (NOT PARKING LOT/DRIVEWAY),SIDESWIPE-SAME DIRECTION,STRAIGHT & LEVEL,DAYLIGHT,,,3/1/2021 7:44:15 AM,False,5354,Accepted,
27828834,0568000,LOUISVILLE METRO POLICE DEPT,Accepted,JEFFERSON,US0150,,BROADWAY,,E,,RUBEL,,,,,38.243877648,-85.728864118,3.994,2/27/2021 12:00:00 AM,1122,2,2,0,0,CLOUDY,DRY,False,OPPOSITE DIRECTION - BOTH VEHICLES GOING STRAIGHT AHEAD,SIDESWIPE-OPPOSITE DIRECTION,STRAIGHT & LEVEL,DAYLIGHT,,,3/1/2021 7:44:21 AM,False,5354,Accepted,
27828818,0568000,LOUISVILLE METRO POLICE DEPT,Accepted,JEFFERSON,,521,ZORN,AVE,,,,,,,,38.262717015,-85.687537110,0.553,2/27/2021 12:00:00 AM,0129,1,1,0,2,CLOUDY,WET,False,COLLISION WITH FIXED OBJECT NON - INTERSECTION - FIRST EVENT COLLISION 09 - 32 EXCLUDING 16,SINGLE VEHICLE,STRAIGHT & HILLCREST,DARK-HWY LIGHTED/ON,,,3/1/2021 7:42:54 AM,False,5331,Accepted,
27828824,0568000,LOUISVILLE METRO POLICE DEPT,Accepted,JEFFERSON,,621,ORMSBY,AVE,E,,,,HANCOCK,,CLAY,38.230496770,-85.745061610,0.593,2/27/2021 12:00:00 AM,0720,2,2,0,0,RAINING,WET,True,1 VEHICLE PARKED POSITION (NOT PARKING LOT/DRIVEWAY),SIDESWIPE-SAME DIRECTION,STRAIGHT & LEVEL,DARK (UNKNOWN ROADWAY LIGHTING),,,3/1/2021 7:43:27 AM,False,5120,Accepted,
27828826,0568000,LOUISVILLE METRO POLICE DEPT,Accepted,JEFFERSON,KY1747,,FERN VALLEY,RD,,,JEFFERSON,,,,,38.156706599,-85.671680283,3.314,2/27/2021 12:00:00 AM,1141,2,2,0,2,CLOUDY,DRY,False,ANGLE COLLISION - ONE VEHICLE TURNING LEFT,ANGLE,STRAIGHT & LEVEL,DAYLIGHT,,,3/1/2021 7:43:37 AM,False,7914,Accepted,
27828822,0568000,LOUISVILLE METRO POLICE DEPT,Accepted,JEFFERSON,,,LIBERTY,ST,W,KY1020,3RD,,,,,38.252843931,-85.755555701,0.695,2/27/2021 12:00:00 AM,0320,2,2,0,0,CLOUDY,WET,False,SIDESWIPE-SAME DIRECTION,SIDESWIPE-SAME DIRECTION,STRAIGHT & LEVEL,DUSK,,,3/1/2021 7:43:10 AM,False,7904,Accepted,
27828831,0568000,LOUISVILLE METRO POLICE DEPT,Accepted,JEFFERSON,KY0907,,VALLEY STATION,RD,,,,US0031W,DIXIE,,DEERING,38.107386298,-85.865926844,0.047,2/27/2021 12:00:00 AM,1644,2,2,0,0,CLOUDY,DRY,False,1 VEHICLE ENTERING/LEAVING ENTRANCE,ANGLE,STRAIGHT & LEVEL,DAYLIGHT,,,3/1/2021 7:44:03 AM,False,2021,Accepted,
27828839,0568000,LOUISVILLE METRO POLICE DEPT,Accepted,JEFFERSON,,513,CANDLELIGHT,LN,,,,,,,,38.133416199,-85.779981506,0.217,2/27/2021 12:00:00 AM,2345,1,1,0,2,RAINING,WET,False,COLLISION WITH FIXED OBJECT NON - INTERSECTION - FIRST EVENT COLLISION 09 - 32 EXCLUDING 16,SINGLE VEHICLE,CURVE & HILLCREST,DUSK,,,3/1/2021 7:44:46 AM,False,5266,Accepted,
27826931,0560400,SHIVELY POLICE DEPARTMENT,Accepted,JEFFERSON,,,UPPER HUNTERS,TRCE,,,GRASTON,,,,,38.168257346,-85.835399486,0.382,2/27/2021 12:00:00 AM,1311,2,2,0,0,CLEAR,DRY,False,OTHER INTERSECTION COLLISIONS,REAR END,STRAIGHT & LEVEL,DAYLIGHT,,,2/28/2021 2:51:35 PM,False,7108,Accepted,
27828828,0568000,LOUISVILLE METRO POLICE DEPT,Accepted,JEFFERSON,,,ST CATHERINE,ST,W,,1ST,,,,,38.236867406,-85.754932707,0.001,2/27/2021 12:00:00 AM,1113,2,2,0,1,CLEAR,DRY,False,ANGLE COLLISION - OTHER,ANGLE,STRAIGHT & LEVEL,DAYLIGHT,,,3/1/2021 7:43:47 AM,False,5186,Accepted,
27828829,0568000,LOUISVILLE METRO POLICE DEPT,Accepted,JEFFERSON,,1509,GLENGARRY,DR,,,,,,,,38.121222929,-85.739654067,1.251,2/27/2021 12:00:00 AM,0955,3,3,0,1,CLOUDY,WET,False,1 VEHICLE PARKED POSITION (NOT PARKING LOT/DRIVEWAY),ANGLE,CURVE & LEVEL,DAYLIGHT,,,3/1/2021 7:43:52 AM,False,7356,Accepted,
27828830,0568000,LOUISVILLE METRO POLICE DEPT,Accepted,JEFFERSON,US0031W,,DIXIE,HWY,,,FLOWERVALE,,,,,38.084411175,-85.880337704,6.869,2/27/2021 12:00:00 AM,1316,3,3,0,0,CLOUDY,DRY,False,OTHER INTERSECTION COLLISIONS,REAR END,STRAIGHT & LEVEL,DAYLIGHT,,,3/1/2021 7:43:57 AM,False,7634,Accepted,
27842843,0568000,LOUISVILLE METRO POLICE DEPT,Accepted,JEFFERSON,,1129,ASHLAND,AVE,W,,PEACHTREE,,,,,38.186345099,-85.780988614,0.837,2/27/2021 12:00:00 AM,1018,2,2,0,0,CLOUDY,WET,False,COLLISION WITH PARKED VEHICLE,REAR END,STRAIGHT & LEVEL,DAYLIGHT,,,3/4/2021 8:06:57 AM,False,5308,Accepted,
27828856,0568000,LOUISVILLE METRO POLICE DEPT,Accepted,JEFFERSON,,,DIXIE,HWY,,KY2054,ALGONQUIN,,,,,38.223073821,-85.792535350,1.874,2/27/2021 12:00:00 AM,0710,2,2,0,0,CLOUDY,DRY,True,SIDESWIPE-SAME DIRECTION,SIDESWIPE-SAME DIRECTION,STRAIGHT & LEVEL,DAYLIGHT,,,3/1/2021 7:46:25 AM,False,2457,Accepted,
27828864,0568000,LOUISVILLE METRO POLICE DEPT,Accepted,JEFFERSON,,,BISHOP,LN,,KY1703,NEWBURG,,,,,38.200909192,-85.685942715,0.001,2/27/2021 12:00:00 AM,2251,2,2,0,2,RAINING,WET,False,ANGLE COLLISION - OTHER,ANGLE,STRAIGHT & LEVEL,DARK-HWY LIGHTED/ON,,,3/1/2021 7:47:05 AM,False,5317,Accepted,
27828837,0568000,LOUISVILLE METRO POLICE DEPT,Accepted,JEFFERSON,KY0907,,SOUTHSIDE,DR,,,LILLIAN,,,,,38.147581726,-85.773518270,6.470,2/27/2021 12:00:00 AM,1128,3,3,0,0,CLOUDY,GRAVEL,False,OTHER INTERSECTION COLLISIONS,REAR END,STRAIGHT & LEVEL,DAYLIGHT,,,3/1/2021 7:44:35 AM,False,5302,Accepted,
27828846,0568000,LOUISVILLE METRO POLICE DEPT,Accepted,JEFFERSON,KY1020,,2ND,ST,S,,JACOB,,,,,38.244467781,-85.755316467,12.028,2/27/2021 12:00:00 AM,2021,2,2,0,1,CLEAR,DRY,False,SIDESWIPE-SAME DIRECTION,SIDESWIPE-SAME DIRECTION,STRAIGHT & LEVEL,DARK-HWY LIGHTED/ON,,,3/1/2021 7:45:33 AM,False,5267,Accepted,
27828870,0568000,LOUISVILLE METRO POLICE DEPT,Accepted,JEFFERSON,,,35TH,ST,N,,PARKER,,,,,38.269105625,-85.805648316,0.406,2/27/2021 12:00:00 AM,2116,2,2,0,0,CLOUDY,WET,False,SIDESWIPE-SAME DIRECTION,SIDESWIPE-SAME DIRECTION,STRAIGHT & LEVEL,DARK-HWY LIGHTED/ON,,,3/1/2021 7:48:03 AM,False,5328,Accepted,
27847674,0568000,LOUISVILLE METRO POLICE DEPT,Accepted,JEFFERSON,KY1819,,BILLTOWN,RD,,KY1819,SEATONVILLE,,,,,38.136566638,-85.538280881,4.388,2/27/2021 12:00:00 AM,2320,1,1,0,0,RAINING,WET,False,COLLISION WITH FIXED OBJECT IN INTERSECTION - FIRST EVENT COLLISION 09 - 32,SINGLE VEHICLE,STRAIGHT & LEVEL,DARK-HWY LIGHTED/OFF,,,3/5/2021 8:26:11 AM,False,5014,Accepted,
27825131,0566900,LOUISVILLE AIRPORT POLICE,Accepted,JEFFERSON,,600,TERMINAL,DR,,,,,,,,38.186559219,-85.741729807,0.308,2/27/2021 12:00:00 AM,0930,1,1,0,0,CLOUDY,WET,False,COLLISION IN PARKING LOT,SINGLE VEHICLE,STRAIGHT & LEVEL,DAYLIGHT,,,2/27/2021 7:38:32 PM,False,5880,Accepted,
27828798,0568000,LOUISVILLE METRO POLICE DEPT,Accepted,JEFFERSON,,,DIXIE,HWY,,,VORSTER,,,,,38.224630168,-85.791906252,1.762,2/26/2021 12:00:00 AM,1230,2,2,0,0,SLEET HAIL FREEZING RAIN,WET,False,ANGLE COLLISION - OTHER,ANGLE,STRAIGHT & LEVEL,DAYLIGHT,,,3/1/2021 7:41:08 AM,False,5341,Accepted,
27828799,0568000,LOUISVILLE METRO POLICE DEPT,Accepted,JEFFERSON,US0150,,BROADWAY,,E,KY0061,PRESTON,,,,,38.245283952,-85.747583338,2.965,2/26/2021 12:00:00 AM,1329,1,1,0,1,RAINING,WET,False,OTHER INTERSECTION COLLISIONS,SINGLE VEHICLE,STRAIGHT & LEVEL,DAYLIGHT,,,3/1/2021 7:41:19 AM,False,7266,Accepted,
27828807,0568000,LOUISVILLE METRO POLICE DEPT,Accepted,JEFFERSON,US0031E,,BUECHEL,BYP,,,,KY2052,HIKES,KY2052,HIKES,38.197976636,-85.660778856,10.945,2/26/2021 12:00:00 AM,1548,2,2,0,1,RAINING,WET,False,1 VEHICLE ENTERING/LEAVING ENTRANCE,ANGLE,STRAIGHT & LEVEL,DAYLIGHT,,,3/1/2021 7:41:57 AM,False,5247,Accepted,
27828809,0568000,LOUISVILLE METRO POLICE DEPT,Accepted,JEFFERSON,,,BROADWAY,,W,,34TH,,,,,38.249939564,-85.807992766,1.066,2/26/2021 12:00:00 AM,1710,2,2,0,0,CLOUDY,WET,True,ANGLE COLLISION - ONE VEHICLE TURNING RIGHT,ANGLE,STRAIGHT & LEVEL,DAYLIGHT,,,3/1/2021 7:42:08 AM,False,7387,Accepted,
27828815,0568000,LOUISVILLE METRO POLICE DEPT,Accepted,JEFFERSON,,4108,41ST,ST,S,,,,,,,38.258993148,-85.818400592,1.614,2/26/2021 12:00:00 AM,2146,2,2,0,0,CLEAR,WET,True,1 VEHICLE PARKED POSITION (NOT PARKING LOT/DRIVEWAY),SIDESWIPE-SAME DIRECTION,STRAIGHT & LEVEL,DARK-HWY LIGHTED/ON,,,3/1/2021 7:42:39 AM,False,5318,Accepted,
27828816,0568000,LOUISVILLE METRO POLICE DEPT,Accepted,JEFFERSON,,671,34TH,ST,S,,,,,,,38.250390458,-85.807892820,0.828,2/26/2021 12:00:00 AM,2100,2,2,0,0,CLEAR,WET,True,1 VEHICLE PARKED POSITION (NOT PARKING LOT/DRIVEWAY),SIDESWIPE-SAME DIRECTION,STRAIGHT & LEVEL,DARK-HWY LIGHTED/ON,,,3/1/2021 7:42:44 AM,False,5318,Accepted,
27828817,0568000,LOUISVILLE METRO POLICE DEPT,Accepted,JEFFERSON,KY1447,,WESTPORT,RD,,KY1747,HURSTBOURNE,,,,,38.287655415,-85.572224053,5.244,2/26/2021 12:00:00 AM,2258,2,2,0,0,CLOUDY,DRY,False,OPPOSING LEFT TURN,OPPOSING LEFT TURN,STRAIGHT & LEVEL,DARK-HWY LIGHTED/ON,,,3/1/2021 7:42:48 AM,False,5004,Accepted,
27833584,0568000,LOUISVILLE METRO POLICE DEPT,Accepted,JEFFERSON,I 0065,,I65 S,,,,,,,,,38.255348498,-85.742341972,136.193,2/26/2021 12:00:00 AM,1658,1,1,0,1,CLOUDY,WET,False,COLLISION WITH FIXED OBJECT NON - INTERSECTION - FIRST EVENT COLLISION 09 - 32 EXCLUDING 16,SINGLE VEHICLE,CURVE & HILLCREST,DAYLIGHT,,,3/2/2021 8:18:00 AM,False,2217,Accepted,
27829757,0561500,UNIV. OF LOUISVILLE POLICE,Accepted,JEFFERSON,,414,CHESTNUT,ST,E,,,,,,,38.247721685,-85.746540983,0.350,2/26/2021 12:00:00 AM,0744,2,2,0,0,CLOUDY,DRY,False,COLLISION IN PARKING LOT,SIDESWIPE-SAME DIRECTION,STRAIGHT & GRADE,DAWN,,,3/1/2021 10:40:02 AM,False,5682,Accepted,
27828813,0568000,LOUISVILLE METRO POLICE DEPT,Accepted,JEFFERSON,KY1747,,FERN VALLEY,RD,,KY0061,PRESTON,,,,,38.156745581,-85.696945417,1.922,2/26/2021 12:00:00 AM,2120,2,2,0,1,CLEAR,WET,False,ANGLE COLLISION - OTHER,ANGLE,STRAIGHT & LEVEL,DARK-HWY LIGHTED/ON,,,3/1/2021 7:42:29 AM,False,5198,Accepted,
27828819,0568000,LOUISVILLE METRO POLICE DEPT,Accepted,JEFFERSON,,,BROADWAY,,W,,38TH,,,,,38.250182252,-85.815087911,1.449,2/26/2021 12:00:00 AM,2346,2,2,0,1,CLEAR,DRY,True,ANGLE COLLISION - OTHER,ANGLE,STRAIGHT & LEVEL,DARK-HWY LIGHTED/ON,,,3/1/2021 7:42:59 AM,False,7489,Accepted,
27828820,0568000,LOUISVILLE METRO POLICE DEPT,Accepted,JEFFERSON,US0031E,,BARDSTOWN,RD,,,,KY2251,KY2251 TURN LANE,KY2251,KY2251 CROSSOVER,38.190427678,-85.644125836,9.884,2/26/2021 12:00:00 AM,2306,2,2,0,0,CLEAR,DRY,True,REAR END IN TRAFFIC LANES BOTH VEHICLES MOVING,REAR END,CURVE & LEVEL,DARK-HWY LIGHTED/ON,,,3/1/2021 7:43:04 AM,False,5222,Accepted,
27828827,0568000,LOUISVILLE METRO POLICE DEPT,Accepted,JEFFERSON,US0031E,,MAIN,ST,E,,FLOYD,,,,,38.255669079,-85.747876769,17.586,2/26/2021 12:00:00 AM,1812,2,2,0,0,CLOUDY,WET,False,ANGLE COLLISION - OTHER,ANGLE,STRAIGHT & LEVEL,DARK-HWY LIGHTED/ON,,,3/1/2021 7:43:42 AM,False,2764,Accepted,
27823942,0566900,LOUISVILLE AIRPORT POLICE,Accepted,JEFFERSON,,911,GRADE,LN,,,,,,,,38.162950688,-85.722961027,1.324,2/26/2021 12:00:00 AM,1513,1,1,0,0,RAINING,WET,False,OTHER COLLISIONS ON SHOULDER,SINGLE VEHICLE,CURVE & LEVEL,DAYLIGHT,,,2/27/2021 7:24:09 AM,False,5844,Accepted,
27828794,0568000,LOUISVILLE METRO POLICE DEPT,Accepted,JEFFERSON,KY1703,,NEWBURG,RD,,I 0264,I264 E EXIT15 ON RAMP FROM KY1703 S,,,,,38.201662309,-85.687920991,2.196,2/26/2021 12:00:00 AM,0648,2,2,0,2,CLEAR,DRY,False,ANGLE COLLISION - OTHER,ANGLE,STRAIGHT & GRADE,DAWN,,,3/1/2021 7:40:45 AM,False,7284,Accepted,
27828795,0568000,LOUISVILLE METRO POLICE DEPT,Accepted,JEFFERSON,KY1747,,HURSTBOURNE,PKWY,S,,HURSTBOURNE,,,,,38.217634202,-85.587055626,11.301,2/26/2021 12:00:00 AM,0840,2,2,0,1,CLOUDY,DRY,False,ANGLE COLLISION - ONE VEHICLE TURNING LEFT,ANGLE,STRAIGHT & LEVEL,DAYLIGHT,,,3/1/2021 7:40:51 AM,False,4693,Accepted,
27828802,0568000,LOUISVILLE METRO POLICE DEPT,Accepted,JEFFERSON,,,7TH,ST,S,,MYRTLE,,,,,38.231016861,-85.766866615,0.932,2/26/2021 12:00:00 AM,0223,2,2,0,1,CLEAR,DRY,True,SIDESWIPE-SAME DIRECTION,SIDESWIPE-SAME DIRECTION,CURVE & LEVEL,DARK-HWY LIGHTED/ON,,,3/1/2021 7:41:36 AM,False,5236,Accepted,
27828803,0568000,LOUISVILLE METRO POLICE DEPT,Accepted,JEFFERSON,US0031E,,BARDSTOWN,RD,,,,,OLD BARDSTOWN,,COLONEL HANCOCK,38.130646916,-85.577452065,4.075,2/26/2021 12:00:00 AM,1625,2,2,0,1,RAINING,WET,False,OTHER ROADWAY OR MID-BLOCK COLLISION,REAR END,STRAIGHT & LEVEL,DAYLIGHT,,,3/1/2021 7:41:42 AM,False,6878,Accepted,
27828804,0568000,LOUISVILLE METRO POLICE DEPT,Accepted,JEFFERSON,,,4TH,ST,S,,HILL,,,,,38.226017027,-85.761910380,2.132,2/26/2021 12:00:00 AM,1718,2,2,0,0,RAINING,WET,True,SIDESWIPE-SAME DIRECTION,SIDESWIPE-SAME DIRECTION,STRAIGHT & LEVEL,OTHER,,,3/1/2021 7:41:47 AM,False,5120,Accepted,
27828811,0568000,LOUISVILLE METRO POLICE DEPT,Accepted,JEFFERSON,KY1020,,2ND,ST,S,US0150,BROADWAY,,,,,38.245879447,-85.755077745,12.095,2/26/2021 12:00:00 AM,1449,2,2,0,1,RAINING,WET,False,OPPOSING LEFT TURN,OPPOSING LEFT TURN,STRAIGHT & LEVEL,DAYLIGHT,,,3/1/2021 7:42:18 AM,False,5251,Accepted,
27828796,0568000,LOUISVILLE METRO POLICE DEPT,Accepted,JEFFERSON,KY1450,,BLUE LICK,RD,,,,,,,,38.087124091,-85.699750490,0.070,2/26/2021 12:00:00 AM,1113,2,2,0,0,CLOUDY,DRY,True,SIDESWIPE COLLISION - OPPOSITE DIRECTION,SIDESWIPE-OPPOSITE DIRECTION,CURVE & LEVEL,DAYLIGHT,,,3/1/2021 7:40:56 AM,False,4693,Accepted,
27828805,0568000,LOUISVILLE METRO POLICE DEPT,Accepted,JEFFERSON,US0031W,,DIXIE,HWY,,,,,JOHNSONTOWN,,WITTEN,38.121782634,-85.855355643,9.721,2/26/2021 12:00:00 AM,1459,2,2,0,3,RAINING,WET,True,1 VEHICLE ENTERING/LEAVING ENTRANCE,ANGLE,STRAIGHT & LEVEL,DAYLIGHT,,,3/1/2021 7:41:52 AM,False,2021,Accepted,
27828814,0568000,LOUISVILLE METRO POLICE DEPT,Accepted,JEFFERSON,KY3077,601,RIVER,RD,,,,,,,,38.258613205,-85.761122403,0.012,2/26/2021 12:00:00 AM,2348,2,2,0,0,RAINING,WET,True,SIDESWIPE COLLISION - SAME DIRECTION,SIDESWIPE-SAME DIRECTION,STRAIGHT & LEVEL,DARK-HWY LIGHTED/ON,,,3/1/2021 7:42:34 AM,False,7386,Accepted,
27828825,0568000,LOUISVILLE METRO POLICE DEPT,Accepted,JEFFERSON,,,VERMONT,AVE,,,34TH,,,,,38.255550433,-85.807357755,0.363,2/26/2021 12:00:00 AM,1318,2,2,0,0,RAINING,WET,False,ANGLE COLLISION - OTHER,ANGLE,STRAIGHT & LEVEL,DAYLIGHT,,,3/1/2021 7:43:31 AM,False,5129,Accepted,
27828793,0568000,LOUISVILLE METRO POLICE DEPT,Accepted,JEFFERSON,KY3084,,OLD HENRY,RD,,I 0265,I265 N EXIT29 ON RAMP FROM KY3084,,,,,38.270856360,-85.498824258,1.287,2/26/2021 12:00:00 AM,0651,2,2,0,0,CLOUDY,DRY,False,OTHER INTERSECTION COLLISIONS,REAR END,STRAIGHT & LEVEL,DAWN,,,3/1/2021 7:40:38 AM,False,7370,Accepted,
27828801,0568000,LOUISVILLE METRO POLICE DEPT,Accepted,JEFFERSON,KY1932,2949,BRECKENRIDGE,LN,,,,,,,,38.221088583,-85.630181726,2.921,2/26/2021 12:00:00 AM,1328,4,4,0,1,RAINING,WET,False,COLLISION IN PARKING LOT,REAR END,STRAIGHT & LEVEL,DAYLIGHT,,,3/1/2021 7:41:30 AM,False,4693,Accepted,
27828810,0568000,LOUISVILLE METRO POLICE DEPT,Accepted,JEFFERSON,KY1447,9493,WESTPORT,RD,,,,,,,,38.287162436,-85.574407874,4.855,2/26/2021 12:00:00 AM,1301,2,2,0,0,RAINING,WET,True,COLLISION IN PARKING LOT,REAR END,STRAIGHT & LEVEL,DAYLIGHT,,,3/1/2021 7:42:13 AM,False,7751,Accepted,
27828823,0568000,LOUISVILLE METRO POLICE DEPT,Accepted,JEFFERSON,,,GAGEL,AVE,,,SANDERS,,,,,38.172923510,-85.808955763,0.748,2/26/2021 12:00:00 AM,1538,2,2,0,2,RAINING,WET,False,OPPOSING LEFT TURN,OPPOSING LEFT TURN,STRAIGHT & HILLCREST,DAYLIGHT,,,3/1/2021 7:43:18 AM,False,5308,Accepted,
27828868,0568000,LOUISVILLE METRO POLICE DEPT,Accepted,JEFFERSON,US0060A,,TAYLOR,BLVD,,,LONGFIELD,,,,,38.198623042,-85.782730044,1.618,2/26/2021 12:00:00 AM,1913,3,3,0,0,RAINING,WET,True,ANGLE COLLISION - OTHER,ANGLE,STRAIGHT & LEVEL,DARK-HWY LIGHTED/ON,,,3/1/2021 7:47:53 AM,False,5163,Accepted,
27828851,0568000,LOUISVILLE METRO POLICE DEPT,Accepted,JEFFERSON,,,4TH,ST,S,,M,,,,,38.209007887,-85.764896377,3.314,2/26/2021 12:00:00 AM,0625,2,2,0,0,CLEAR,DRY,True,COLLISION WITH PARKED VEHICLE,ANGLE,STRAIGHT & LEVEL,DARK-HWY LIGHTED/OFF,,,3/1/2021 7:46:00 AM,False,7298,Accepted,
27941564,0568000,LOUISVILLE METRO POLICE DEPT,Accepted,JEFFERSON,,2231,JEFFERSON,ST,W,,,,,,,38.257255355,-85.787922383,1.970,2/26/2021 12:00:00 AM,2257,2,2,0,0,CLOUDY,WET,False,1 VEHICLE ENTERING OR LEAVING PARKED POSITION (NOT PARKING LOT),ANGLE,STRAIGHT & LEVEL,DARK-HWY LIGHTED/ON,,,3/29/2021 8:59:49 AM,False,5025,Accepted,
29753465,0568000,LOUISVILLE METRO POLICE DEPT,Accepted,JEFFERSON,,5455,BRUCE,AVE,,,,,,,,38.149405467,-85.785337951,0.722,2/25/2021 12:00:00 AM,1047,1,1,0,0,CLOUDY,DRY,False,COLLISION WITH FIXED OBJECT NON - INTERSECTION - FIRST EVENT COLLISION 09 - 32 EXCLUDING 16,SINGLE VEHICLE,STRAIGHT & LEVEL,DAYLIGHT,,,2/28/2022 8:35:57 AM,False,7427,Accepted,
27941435,0568000,LOUISVILLE METRO POLICE DEPT,Accepted,JEFFERSON,KY3077,,RIVER,RD,,I 0064,I64 W EXIT5 OFF RAMP TO  N  3RD ST,,,,,38.258671978,-85.754499388,0.367,2/25/2021 12:00:00 AM,1815,2,1,0,1,CLOUDY,DRY,True,OTHER INTERSECTION COLLISIONS,SINGLE VEHICLE,CURVE & GRADE,DAYLIGHT,,,3/29/2021 8:45:09 AM,False,2661,Accepted,
27838166,0568000,LOUISVILLE METRO POLICE DEPT,Accepted,JEFFERSON,KY2251,3603,BARDSTOWN,RD,,,,,GERALD,,HIKES,38.199778206,-85.660819732,1.103,2/25/2021 12:00:00 AM,1838,2,2,0,0,CLEAR,DRY,False,1 VEHICLE PARKED POSITION (NOT PARKING LOT/DRIVEWAY),HEAD ON,STRAIGHT & LEVEL,DARK-HWY NOT LIGHTED,,,3/3/2021 8:16:11 AM,False,7482,Accepted,