IncidentID,AgencyORI,AgencyName,IncidentStatusDesc,County,RdwyNumber,Street,RoadwayName,StreetSfx,StreetDir,IntersectionRdwy,IntersectionRdwyName,BetweenStRdwy1,BetweenStRdwyName1,BetweenStRdwy2,BetweenStRdwyName2,Latitude,Longitude,Milepoint,CollisionDate,CollisionTime,UnitsInvolved,MotorVehiclesInvolved,NumberKilled,NumberInjured,Weather,RdwyConditionCode,HitandRun,DirAnalysisCode,MannerofCollision,RdwyCharacter,LightCondition,RampFromRdwyId,RampToRdwyId,AcceptedDate,IsSecondaryCollision,OwnerBadge,IncidentStatus,
27873199,0568000,LOUISVILLE METRO POLICE DEPT,Accepted,JEFFERSON,,,WINTER,AVE,,,EDWARD,,,,,38.236529857,-85.725986705,0.184,2/25/2021 12:00:00 AM,1247,2,2,0,0,CLEAR,DRY,False,ANGLE COLLISION - OTHER,ANGLE,STRAIGHT & LEVEL,DAYLIGHT,,,3/11/2021 1:29:46 PM,False,5006,Accepted,
27838177,0568000,LOUISVILLE METRO POLICE DEPT,Accepted,JEFFERSON,US0060A,,EASTERN,PKWY,,,DELOR,,,,,38.217134942,-85.738498625,4.853,2/25/2021 12:00:00 AM,0004,4,4,0,1,CLEAR,DRY,False,HEAD-ON COLLISION,HEAD ON,STRAIGHT & LEVEL,DARK-HWY LIGHTED/ON,,,3/3/2021 8:17:55 AM,False,5348,Accepted,
27820348,0568000,LOUISVILLE METRO POLICE DEPT,Accepted,JEFFERSON,,6111,TRENA,TRL,,,,,,,,38.157455276,-85.870909048,0.063,2/25/2021 12:00:00 AM,2323,2,2,0,0,CLEAR,DRY,True,1 VEHICLE PARKED POSITION (NOT PARKING LOT/DRIVEWAY),BACKING,STRAIGHT & LEVEL,DARK-HWY NOT LIGHTED,,,2/26/2021 7:54:54 AM,False,5212,Accepted,
27820349,0568000,LOUISVILLE METRO POLICE DEPT,Accepted,JEFFERSON,,,BROOK,ST,N,,WASHINGTON,,,,,38.256661308,-85.749774612,0.051,2/25/2021 12:00:00 AM,2130,2,2,0,0,CLEAR,DRY,True,ANGLE COLLISION - ONE VEHICLE TURNING RIGHT,ANGLE,STRAIGHT & HILLCREST,DARK-HWY LIGHTED/ON,,,2/26/2021 7:55:00 AM,False,5271,Accepted,
27820346,0568000,LOUISVILLE METRO POLICE DEPT,Accepted,JEFFERSON,US0031W,,DIXIE,HWY,,KY1931,GREENWOOD,,,,,38.143515703,-85.839626706,11.685,2/25/2021 12:00:00 AM,1912,2,2,0,1,CLEAR,DRY,False,HEAD-ON COLLISION,HEAD ON,STRAIGHT & LEVEL,DARK-HWY LIGHTED/ON,,,2/26/2021 7:54:43 AM,False,5212,Accepted,
27828812,0568000,LOUISVILLE METRO POLICE DEPT,Accepted,JEFFERSON,US0031E,,BARDSTOWN,RD,,,GARDINER,,,,,38.212560299,-85.672373042,12.136,2/25/2021 12:00:00 AM,2300,2,2,0,0,CLEAR,DRY,False,OPPOSING LEFT TURN,OPPOSING LEFT TURN,STRAIGHT & LEVEL,DARK-HWY LIGHTED/ON,,,3/1/2021 7:42:23 AM,False,5198,Accepted,
27820337,0568000,LOUISVILLE METRO POLICE DEPT,Accepted,JEFFERSON,,,MUHAMMAD ALI,BLVD,W,,24TH,,,,,38.254906350,-85.791584805,2.135,2/25/2021 12:00:00 AM,1315,3,3,0,0,CLEAR,DRY,False,COLLISION WITH PARKED VEHICLE,SIDESWIPE-SAME DIRECTION,STRAIGHT & LEVEL,DAYLIGHT,,,2/26/2021 7:53:38 AM,False,7361,Accepted,
27820338,0568000,LOUISVILLE METRO POLICE DEPT,Accepted,JEFFERSON,,,BROOK,ST,S,,GRAY,,,,,38.246922237,-85.751478049,2.944,2/25/2021 12:00:00 AM,1257,2,2,0,0,CLEAR,DRY,False,SIDESWIPE-SAME DIRECTION,SIDESWIPE-SAME DIRECTION,STRAIGHT & LEVEL,DAYLIGHT,,,2/26/2021 7:53:44 AM,False,7118,Accepted,
27817890,0560300,ST. MATTHEWS POLICE DEPARTMENT,Accepted,JEFFERSON,I 0264,,I264 W,,,,,,,,,38.254522240,-85.620023494,20.058,2/25/2021 12:00:00 AM,1445,2,2,0,0,CLEAR,DRY,False,SIDESWIPE COLLISION - SAME DIRECTION,SIDESWIPE-SAME DIRECTION,CURVE & LEVEL,DAYLIGHT,,,2/25/2021 4:12:58 PM,False,9155,Accepted,
27820345,0568000,LOUISVILLE METRO POLICE DEPT,Accepted,JEFFERSON,,2112,GREEN,ALY,,,,,,,,38.256366190,-85.786051625,0.316,2/25/2021 12:00:00 AM,1712,1,1,0,0,CLEAR,MUD-DIRT,False,COLLISION WITH FIXED OBJECT NON - INTERSECTION - FIRST EVENT COLLISION 09 - 32 EXCLUDING 16,SINGLE VEHICLE,STRAIGHT & LEVEL,DAYLIGHT,,,2/26/2021 7:54:37 AM,False,5282,Accepted,
27820350,0568000,LOUISVILLE METRO POLICE DEPT,Accepted,JEFFERSON,,,RALPH,AVE,,KY1934,CANE RUN,,,,,38.208393956,-85.825565693,1.559,2/25/2021 12:00:00 AM,1820,2,2,0,0,CLOUDY,DRY,False,OPPOSING LEFT TURN,OPPOSING LEFT TURN,STRAIGHT & LEVEL,DUSK,,,2/26/2021 7:55:08 AM,False,5347,Accepted,
27820352,0568000,LOUISVILLE METRO POLICE DEPT,Accepted,JEFFERSON,US0031W,,DIXIE,HWY,,,STONESTREET,,,,,38.121153614,-85.855708375,9.745,2/25/2021 12:00:00 AM,1957,3,3,0,2,CLEAR,DRY,False,ANGLE COLLISION - OTHER,ANGLE,STRAIGHT & LEVEL,DARK-HWY LIGHTED/ON,,,2/26/2021 7:55:19 AM,False,5048,Accepted,
27816265,0568000,LOUISVILLE METRO POLICE DEPT,Accepted,JEFFERSON,,,FEGENBUSH,LN,,,BURNT PINE,,,,,38.171629835,-85.639926715,1.081,2/25/2021 12:00:00 AM,0600,2,2,0,0,CLEAR,DRY,False,ANGLE COLLISION - OTHER,ANGLE,STRAIGHT & LEVEL,DARK (UNKNOWN ROADWAY LIGHTING),,,2/25/2021 7:54:17 AM,False,5153,Accepted,
27816266,0568000,LOUISVILLE METRO POLICE DEPT,Accepted,JEFFERSON,I 0064,,,,,,,,,,,38.236507132,-85.619582363,0.506,2/25/2021 12:00:00 AM,0559,2,2,0,0,CLEAR,DRY,False,OTHER RAMP RELATED COLLISIONS NOT LISTED ABOVE,SIDESWIPE-SAME DIRECTION,CURVE & LEVEL,DARK-HWY LIGHTED/ON,I 0064,I 0064,2/25/2021 7:54:22 AM,False,4903,Accepted,
27820333,0568000,LOUISVILLE METRO POLICE DEPT,Accepted,JEFFERSON,US0031E,,BARDSTOWN,RD,,,DREAMS END,,,,,38.175665251,-85.616600106,8.026,2/25/2021 12:00:00 AM,1050,2,2,0,1,CLEAR,DRY,False,ANGLE COLLISION - OTHER,ANGLE,STRAIGHT & HILLCREST,DAYLIGHT,,,2/26/2021 7:53:21 AM,False,4693,Accepted,
27820334,0568000,LOUISVILLE METRO POLICE DEPT,Accepted,JEFFERSON,KY0907,8027,3RD ST,RD,,,CHURCHDOWN,,,,,38.126298952,-85.795846199,4.553,2/25/2021 12:00:00 AM,1105,2,2,0,1,CLEAR,DRY,False,SIDESWIPE-SAME DIRECTION,SIDESWIPE-SAME DIRECTION,STRAIGHT & LEVEL,DAYLIGHT,,,2/26/2021 7:53:27 AM,False,5336,Accepted,
27820343,0568000,LOUISVILLE METRO POLICE DEPT,Accepted,JEFFERSON,KY1694,,BROWNSBORO,RD,,,NEW CHAMBERLAIN,,,,,38.315527707,-85.561392287,0.014,2/25/2021 12:00:00 AM,1107,3,3,0,0,CLEAR,DRY,False,ANGLE COLLISION - ONE VEHICLE TURNING LEFT,ANGLE,CURVE & LEVEL,DAYLIGHT,,,2/26/2021 7:54:26 AM,False,7751,Accepted,
27820344,0568000,LOUISVILLE METRO POLICE DEPT,Accepted,JEFFERSON,KY1065,,OUTER,LOOP,,,,,,,,38.127523248,-85.746267671,2.686,2/25/2021 12:00:00 AM,1820,4,4,0,1,CLEAR,DRY,False,REAR END IN TRAFFIC LANES BOTH VEHICLES MOVING,REAR END,STRAIGHT & LEVEL,DAYLIGHT,,,2/26/2021 7:54:32 AM,False,7234,Accepted,
27858569,0568000,LOUISVILLE METRO POLICE DEPT,Accepted,JEFFERSON,,,7TH,ST,S,KY2054,ALGONQUIN,,,,,38.220076036,-85.777395959,0.001,2/25/2021 12:00:00 AM,1440,2,2,0,2,CLEAR,DRY,False,HEAD-ON COLLISION,HEAD ON,STRAIGHT & LEVEL,DAYLIGHT,,,3/8/2021 10:54:00 AM,False,5272,Accepted,
27816257,0568000,LOUISVILLE METRO POLICE DEPT,Accepted,JEFFERSON,,,BRECKINRIDGE,ST,W,,7TH,,,,,38.242640773,-85.764048386,0.550,2/24/2021 12:00:00 AM,1614,1,1,0,0,CLEAR,DRY,True,OTHER INTERSECTION COLLISIONS,SINGLE VEHICLE,STRAIGHT & LEVEL,DAYLIGHT,,,2/25/2021 7:53:42 AM,False,7433,Accepted,
27816264,0568000,LOUISVILLE METRO POLICE DEPT,Accepted,JEFFERSON,I 0264,,I264 E,,,,,,,,,38.243505512,-85.813619352,2.486,2/24/2021 12:00:00 AM,1945,1,1,0,0,CLEAR,DRY,False,OTHER ROADWAY OR MID-BLOCK COLLISION,SINGLE VEHICLE,STRAIGHT & LEVEL,DARK-HWY LIGHTED/ON,,,2/25/2021 7:54:12 AM,False,5285,Accepted,
27816247,0568000,LOUISVILLE METRO POLICE DEPT,Accepted,JEFFERSON,I 0065,,I65 E EXIT12 TRANSIT,,,,,,,,,38.190035769,-85.729592194,1.075,2/24/2021 12:00:00 AM,0709,1,1,0,0,CLEAR,DRY,False,OTHER COLLISIONS ON SHOULDER,SINGLE VEHICLE,STRAIGHT & LEVEL,DAYLIGHT,,,2/25/2021 7:52:48 AM,False,4903,Accepted,
27816249,0568000,LOUISVILLE METRO POLICE DEPT,Accepted,JEFFERSON,I 0065,,I65 N,,,,,,,,,38.173252733,-85.720124516,129.389,2/24/2021 12:00:00 AM,0854,2,2,0,1,CLOUDY,DRY,False,REAR END IN TRAFFIC LANES BOTH VEHICLES MOVING,REAR END,STRAIGHT & LEVEL,DAYLIGHT,,,2/25/2021 7:53:01 AM,False,4903,Accepted,
27811853,0568000,LOUISVILLE METRO POLICE DEPT,Accepted,JEFFERSON,,,BROADWAY,,W,,34TH,,,,,38.249879740,-85.807910144,1.071,2/24/2021 12:00:00 AM,0510,1,1,0,0,CLOUDY,DRY,True,COLLISION WITH FIXED OBJECT IN INTERSECTION - FIRST EVENT COLLISION 09 - 32,SINGLE VEHICLE,STRAIGHT & LEVEL,DARK-HWY NOT LIGHTED,,,2/24/2021 8:23:42 AM,False,5202,Accepted,
27816259,0568000,LOUISVILLE METRO POLICE DEPT,Accepted,JEFFERSON,KY0841,,GENE SNYDER,FWY,,,,,WOODRIDGE,KY0841,KY841 RAMP TO  STONESTREET RD,38.096623176,-85.829359655,2.723,2/24/2021 12:00:00 AM,1617,2,2,0,0,CLOUDY,DRY,False,REAR END IN TRAFFIC LANES BOTH VEHICLES MOVING,REAR END,STRAIGHT & GRADE,DAYLIGHT,,,2/25/2021 7:53:46 AM,False,2098,Accepted,
27828808,0568000,LOUISVILLE METRO POLICE DEPT,Accepted,JEFFERSON,I 0071,,I71 S,,,,,,,,,38.310349884,-85.591131234,8.499,2/24/2021 12:00:00 AM,1316,2,2,0,1,CLEAR,DRY,False,1 VEHICLE PARKED POSITION (NOT PARKING LOT/DRIVEWAY),SIDESWIPE-SAME DIRECTION,STRAIGHT & GRADE,DAYLIGHT,,,3/1/2021 7:42:02 AM,False,2142,Accepted,
27816263,0568000,LOUISVILLE METRO POLICE DEPT,Accepted,JEFFERSON,,9311,NEW MAPLE,RD,,,,,,,,38.110634982,-85.646948689,0.003,2/24/2021 12:00:00 AM,1806,1,1,0,0,CLEAR,DRY,True,COLLISION WITH FIXED OBJECT NON - INTERSECTION - FIRST EVENT COLLISION 09 - 32 EXCLUDING 16,SINGLE VEHICLE,CURVE & LEVEL,DARK (UNKNOWN ROADWAY LIGHTING),,,2/25/2021 7:54:07 AM,False,5182,Accepted,
27816971,0560600,WEST BUECHEL POLICE DEPT.,Accepted,JEFFERSON,,2020,BASHFORD MANOR,LN,,,,,,,,38.200485412,-85.669259490,0.310,2/24/2021 12:00:00 AM,1425,2,2,0,0,CLEAR,DRY,True,1 VEHICLE PARKED POSITION (NOT PARKING LOT/DRIVEWAY),ANGLE,STRAIGHT & LEVEL,DAYLIGHT,,,2/25/2021 11:49:38 AM,False,1272,Accepted,
27816252,0568000,LOUISVILLE METRO POLICE DEPT,Accepted,JEFFERSON,I 0065,,,,,,,,,,,38.242500907,-85.752619142,0.017,2/24/2021 12:00:00 AM,0950,2,2,0,1,CLEAR,DRY,False,OTHER RAMP RELATED COLLISIONS NOT LISTED ABOVE,REAR END,STRAIGHT & LEVEL,DAYLIGHT,I 0065,S BROOK ST,2/25/2021 7:53:24 AM,False,7479,Accepted,
27816260,0568000,LOUISVILLE METRO POLICE DEPT,Accepted,JEFFERSON,US0060A,,TAYLOR,BLVD,,,CLARA,,,,,38.199736666,-85.782649114,1.717,2/24/2021 12:00:00 AM,1455,3,3,0,1,CLEAR,DRY,False,OTHER INTERSECTION COLLISIONS,REAR END,STRAIGHT & LEVEL,DAYLIGHT,,,2/25/2021 7:53:51 AM,False,5324,Accepted,
27816261,0568000,LOUISVILLE METRO POLICE DEPT,Accepted,JEFFERSON,KY1020,4013,SOUTHERN,PKWY,,,,,,,,38.196046464,-85.766510403,8.813,2/24/2021 12:00:00 AM,2240,2,2,0,0,CLEAR,DRY,True,COLLISION IN PARKING LOT,BACKING,STRAIGHT & LEVEL,OTHER,,,2/25/2021 7:53:57 AM,False,5332,Accepted,
27820339,0568000,LOUISVILLE METRO POLICE DEPT,Accepted,JEFFERSON,US0031W,,DR W J HODGE,ST,,,HALE,,,,,38.238259034,-85.788423525,18.903,2/24/2021 12:00:00 AM,1645,2,2,0,0,CLEAR,DRY,True,OTHER INTERSECTION COLLISIONS,REAR END,STRAIGHT & LEVEL,DAYLIGHT,,,2/26/2021 7:53:51 AM,False,5273,Accepted,
27828797,0568000,LOUISVILLE METRO POLICE DEPT,Accepted,JEFFERSON,,947,4TH,ST,S,,,,,,,38.240630576,-85.759337878,1.114,2/24/2021 12:00:00 AM,1900,2,2,0,0,CLEAR,DRY,False,1 VEHICLE ENTERING/LEAVING ENTRANCE,ANGLE,STRAIGHT & LEVEL,DARK-HWY LIGHTED/ON,,,3/1/2021 7:41:02 AM,False,5236,Accepted,
27816251,0568000,LOUISVILLE METRO POLICE DEPT,Accepted,JEFFERSON,US0031E,,BARDSTOWN,RD,,,,,,,,38.179403357,-85.623684923,8.487,2/24/2021 12:00:00 AM,1237,2,2,0,0,CLOUDY,WET,False,COLLISION IN PARKING LOT,REAR TO REAR,STRAIGHT & LEVEL,DAYLIGHT,,,2/25/2021 7:53:18 AM,False,2395,Accepted,
27833572,0568000,LOUISVILLE METRO POLICE DEPT,Accepted,JEFFERSON,,,FILSON,AVE,,,,,THRUSTON,,FRENCH,38.213985723,-85.729437378,0.318,2/24/2021 12:00:00 AM,1447,1,1,0,0,CLEAR,DRY,False,OTHER ROADWAY OR MID-BLOCK COLLISION,SINGLE VEHICLE,STRAIGHT & LEVEL,DAYLIGHT,,,3/2/2021 8:16:40 AM,False,7938,Accepted,
29831064,0568000,LOUISVILLE METRO POLICE DEPT,Accepted,JEFFERSON,KY0022,9909,BROWNSBORO,RD,,,,,,,,38.314524221,-85.563609708,4.689,2/24/2021 12:00:00 AM,2058,2,2,0,0,CLOUDY,WET,False,OTHER ROADWAY OR MID-BLOCK COLLISION,OPPOSING LEFT TURN,STRAIGHT & LEVEL,DARK-HWY LIGHTED/ON,,,3/18/2022 8:23:59 AM,False,5155,Accepted,
28266259,0568000,LOUISVILLE METRO POLICE DEPT,Accepted,JEFFERSON,KY1932,,BRECKENRIDGE,LN,,,LANDSIDE,,,,,38.200384582,-85.623582050,1.337,2/24/2021 12:00:00 AM,2203,2,1,1,0,CLOUDY,DRY,False,COLLISION WITH PEDESTRIAN IN INTERSECTION,SINGLE VEHICLE,STRAIGHT & GRADE,DARK-HWY LIGHTED/OFF,,,6/17/2021 2:54:31 PM,False,7720,Accepted,
29372704,0568000,LOUISVILLE METRO POLICE DEPT,Accepted,JEFFERSON,I 0264,,I264 E,,,,,I 0064,I64 E EXIT19A RAMP TO I64 E,I 0264,I264 E EXIT18 ON RAMP FROM KY1932 N,38.231395653,-85.630291998,18.304,2/23/2021 12:00:00 AM,0133,2,2,0,2,CLEAR,DRY,False,REAR END IN TRAFFIC LANES BOTH VEHICLES MOVING,REAR END,STRAIGHT & LEVEL,DARK-HWY LIGHTED/ON,,,12/1/2021 8:30:43 AM,False,7633,Accepted,
28093473,0568000,LOUISVILLE METRO POLICE DEPT,Accepted,JEFFERSON,US0150,1300B,BROADWAY,,W,,,,,,,38.248147059,-85.774881851,1.466,2/23/2021 12:00:00 AM,1005,3,3,0,0,CLEAR,DRY,False,REAR END IN TRAFFIC LANES BOTH VEHICLES MOVING,REAR END,STRAIGHT & LEVEL,DAYLIGHT,,,5/5/2021 9:02:42 AM,False,7387,Accepted,
27954743,0568000,LOUISVILLE METRO POLICE DEPT,Accepted,JEFFERSON,US0060A,,TAYLOR,BLVD,,,CLARA,,,,,38.199780648,-85.782664433,1.713,2/23/2021 12:00:00 AM,1951,2,2,0,1,CLEAR,DRY,True,OTHER INTERSECTION COLLISIONS,REAR END,,DARK-HWY LIGHTED/ON,,,4/1/2021 9:07:57 AM,False,5139,Accepted,
27863418,0561500,UNIV. OF LOUISVILLE POLICE,Accepted,JEFFERSON,,,ROCKERY,WAY,,,,,,,,38.222528913,-85.768840978,0.098,2/23/2021 12:00:00 AM,1917,2,2,0,0,CLEAR,DRY,True,1 VEHICLE ENTERING/LEAVING ENTRANCE,ANGLE,STRAIGHT & LEVEL,DARK (UNKNOWN ROADWAY LIGHTING),,,3/9/2021 11:09:42 AM,False,5691,Accepted,
27811832,0568000,LOUISVILLE METRO POLICE DEPT,Accepted,JEFFERSON,I 0065,,I65 N,,,,,,,,,38.213313897,-85.752578527,132.985,2/23/2021 12:00:00 AM,0745,2,2,0,0,CLEAR,DRY,True,SIDESWIPE COLLISION - SAME DIRECTION,SIDESWIPE-SAME DIRECTION,CURVE & GRADE,DAYLIGHT,,,2/24/2021 8:21:44 AM,False,2395,Accepted,
27816253,0568000,LOUISVILLE METRO POLICE DEPT,Accepted,JEFFERSON,,,CYPRESS,ST,,,,,,,,38.224175308,-85.800074096,0.894,2/23/2021 12:00:00 AM,2100,2,2,0,7,CLOUDY,DRY,False,HEAD-ON COLLISION,HEAD ON,STRAIGHT & LEVEL,DARK-HWY LIGHTED/OFF,,,2/25/2021 7:53:30 AM,False,7154,Accepted,
27811840,0568000,LOUISVILLE METRO POLICE DEPT,Accepted,JEFFERSON,I 0065,,I65 N,,,,,,,,,38.108766096,-85.701159111,124.730,2/23/2021 12:00:00 AM,0427,1,1,0,0,CLEAR,DRY,True,OTHER ROADWAY OR MID-BLOCK COLLISION,SINGLE VEHICLE,STRAIGHT & LEVEL,DARK-HWY LIGHTED/ON,,,2/24/2021 8:22:19 AM,False,7474,Accepted,
27811842,0568000,LOUISVILLE METRO POLICE DEPT,Accepted,JEFFERSON,US0031W,,DIXIE,HWY,,,KATHERINE STATION,,,,,38.005887236,-85.936864654,0.454,2/23/2021 12:00:00 AM,1650,2,2,0,2,CLEAR,DRY,False,ANGLE COLLISION - ONE VEHICLE TURNING LEFT,ANGLE,STRAIGHT & LEVEL,DAYLIGHT,,,2/24/2021 8:22:33 AM,False,7174,Accepted,
27811849,0568000,LOUISVILLE METRO POLICE DEPT,Accepted,JEFFERSON,,,12TH,ST,S,,,,BURNETT,,MAGNOLIA,38.229205842,-85.774953811,1.656,2/23/2021 12:00:00 AM,1714,2,2,0,0,CLEAR,DRY,False,1 VEHICLE PARKED POSITION (NOT PARKING LOT/DRIVEWAY),SIDESWIPE-SAME DIRECTION,STRAIGHT & LEVEL,DAYLIGHT,,,2/24/2021 8:23:16 AM,False,5341,Accepted,
27811850,0568000,LOUISVILLE METRO POLICE DEPT,Accepted,JEFFERSON,KY1447,,WESTPORT,RD,,KY1747,HURSTBOURNE,,,,,38.287637546,-85.572162903,5.243,2/23/2021 12:00:00 AM,1952,2,2,0,0,CLOUDY,DRY,True,REAR END - ONE VEHICLE TURNING LEFT,REAR END,STRAIGHT & LEVEL,DARK-HWY LIGHTED/ON,,,2/24/2021 8:23:29 AM,False,5004,Accepted,
27811854,0568000,LOUISVILLE METRO POLICE DEPT,Accepted,JEFFERSON,KY1931,,MANSLICK,RD,,US0060A,7TH ST,,,,,38.196756673,-85.799073124,8.510,2/23/2021 12:00:00 AM,2345,3,3,0,1,CLEAR,DRY,True,OPPOSITE DIRECTION - BOTH VEHICLES GOING STRAIGHT AHEAD,SIDESWIPE-OPPOSITE DIRECTION,STRAIGHT & LEVEL,DARK-HWY LIGHTED/ON,,,2/24/2021 8:23:46 AM,False,5131,Accepted,
27811852,0568000,LOUISVILLE METRO POLICE DEPT,Accepted,JEFFERSON,KY0155,,TAYLORSVILLE LAKE,RD,,KY1531,ROUTT,,,,,38.177066714,-85.463994150,2.990,2/23/2021 12:00:00 AM,1558,2,2,0,0,CLEAR,DRY,False,ANGLE COLLISION - OTHER,ANGLE,STRAIGHT & GRADE,DAYLIGHT,,,2/24/2021 8:23:37 AM,False,2321,Accepted,
27811836,0568000,LOUISVILLE METRO POLICE DEPT,Accepted,JEFFERSON,US0031W,,DR W J HODGE,ST,,,MADISON,,,,,38.253180279,-85.785825403,19.947,2/23/2021 12:00:00 AM,1300,2,2,0,2,CLEAR,DRY,False,ANGLE COLLISION - OTHER,ANGLE,STRAIGHT & LEVEL,DAYLIGHT,,,2/24/2021 8:21:55 AM,False,7292,Accepted,
27811837,0568000,LOUISVILLE METRO POLICE DEPT,Accepted,JEFFERSON,,,TRADE PORT,DR,,KY1934,GREENBELT,,,,,38.125408798,-85.893021033,0.272,2/23/2021 12:00:00 AM,1527,2,2,0,0,CLEAR,DRY,False,ANGLE COLLISION - OTHER,ANGLE,STRAIGHT & GRADE,DAYLIGHT,,,2/24/2021 8:22:02 AM,False,2021,Accepted,
27811838,0568000,LOUISVILLE METRO POLICE DEPT,Accepted,JEFFERSON,,145,CLIFTON,AVE,N,,,,,,,38.255643712,-85.705211846,0.244,2/23/2021 12:00:00 AM,0812,1,1,0,1,CLEAR,DRY,False,COLLISION WITH FIXED OBJECT NON - INTERSECTION - FIRST EVENT COLLISION 09 - 32 EXCLUDING 16,SINGLE VEHICLE,STRAIGHT & LEVEL,DAYLIGHT,,,2/24/2021 8:22:07 AM,False,5311,Accepted,
27811845,0568000,LOUISVILLE METRO POLICE DEPT,Accepted,JEFFERSON,US0031E,,BARDSTOWN,RD,,,DEL MARIA,,,,,38.170160767,-85.607004155,7.378,2/23/2021 12:00:00 AM,1537,3,3,0,3,CLEAR,DRY,False,ANGLE COLLISION - OTHER,ANGLE,STRAIGHT & LEVEL,DAYLIGHT,,,2/24/2021 8:22:51 AM,False,7864,Accepted,
27811846,0568000,LOUISVILLE METRO POLICE DEPT,Accepted,JEFFERSON,KY0155,,TAYLORSVILLE,RD,,,,I 0265,I265 E EXIT23 ON RAMP FROM KY155,,HARRODS OLD,38.189719260,-85.505174898,5.842,2/23/2021 12:00:00 AM,1813,2,2,0,1,CLEAR,DRY,False,OTHER ROADWAY OR MID-BLOCK COLLISION,REAR END,STRAIGHT & LEVEL,DAYLIGHT,,,2/24/2021 8:22:57 AM,False,6937,Accepted,
27811843,0568000,LOUISVILLE METRO POLICE DEPT,Accepted,JEFFERSON,KY1020,,3RD,ST,S,,CENTRAL,,,,,38.204744280,-85.763944073,9.470,2/23/2021 12:00:00 AM,0001,2,2,0,0,CLEAR,DRY,False,ANGLE COLLISION - OTHER,ANGLE,STRAIGHT & LEVEL,DARK-HWY LIGHTED/ON,,,2/24/2021 8:22:41 AM,False,5139,Accepted,
27812631,0561500,UNIV. OF LOUISVILLE POLICE,Accepted,JEFFERSON,,100,CARDINAL,BLVD,W,KY1020,2ND,,,,,38.220424752,-85.759526444,0.093,2/23/2021 12:00:00 AM,1005,2,2,0,0,CLEAR,DRY,False,SIDESWIPE-SAME DIRECTION,SIDESWIPE-SAME DIRECTION,STRAIGHT & LEVEL,DAYLIGHT,,,2/24/2021 12:27:38 PM,False,5638,Accepted,
27807192,0568000,LOUISVILLE METRO POLICE DEPT,Accepted,JEFFERSON,I 0065,,I65 N,,,I 0065,I65 N EXIT130 OFF RAMP TO KY61,,,,,38.173550479,-85.720023300,129.401,2/22/2021 12:00:00 AM,0852,2,2,0,0,CLOUDY,WET,False,OTHER INTERSECTION COLLISIONS,REAR END,CURVE & LEVEL,DAYLIGHT,,,2/23/2021 8:01:47 AM,False,7720,Accepted,
27807172,0568000,LOUISVILLE METRO POLICE DEPT,Accepted,JEFFERSON,,,HUMLER,ST,,,,,MAPLE,,HOWARD,38.245812846,-85.791283592,0.104,2/22/2021 12:00:00 AM,1524,2,2,0,0,CLEAR,WET,True,REAR END IN TRAFFIC LANES BOTH VEHICLES MOVING,REAR END,STRAIGHT & LEVEL,DAYLIGHT,,,2/23/2021 7:58:55 AM,True,7328,Accepted,
27807173,0568000,LOUISVILLE METRO POLICE DEPT,Accepted,JEFFERSON,KY2052,,SHEPHERDSVILLE,RD,,KY0864,POPLAR LEVEL,,,,,38.159966287,-85.660032372,1.487,2/22/2021 12:00:00 AM,1756,2,2,0,0,CLEAR,DRY,False,OPPOSING LEFT TURN,OPPOSING LEFT TURN,STRAIGHT & LEVEL,DAYLIGHT,,,2/23/2021 7:59:00 AM,False,7339,Accepted,
27807174,0568000,LOUISVILLE METRO POLICE DEPT,Accepted,JEFFERSON,,,LIBERTY,ST,E,,,US0031E,BAXTER,,COOPER,38.249390133,-85.730128153,1.235,2/22/2021 12:00:00 AM,0836,1,1,0,1,CLOUDY,WET,False,OTHER ROADWAY OR MID-BLOCK COLLISION,SINGLE VEHICLE,CURVE & LEVEL,DAYLIGHT,,,2/23/2021 7:59:04 AM,False,5354,Accepted,
27807175,0568000,LOUISVILLE METRO POLICE DEPT,Accepted,JEFFERSON,KY1703,,NEWBURG,RD,,,,,RICHMOND,,BELLARMINE,38.219116468,-85.709260223,4.011,2/22/2021 12:00:00 AM,1115,2,2,0,0,CLOUDY,WET,False,REAR END IN TRAFFIC LANES BOTH VEHICLES MOVING,REAR END,STRAIGHT & LEVEL,DAYLIGHT,,,2/23/2021 7:59:09 AM,False,5354,Accepted,
27807181,0568000,LOUISVILLE METRO POLICE DEPT,Accepted,JEFFERSON,I 0065,,,,,,,,,,,38.189707802,-85.725186607,0.238,2/22/2021 12:00:00 AM,1205,1,1,0,0,CLOUDY,DRY,False,OVERTURNED ON RAMP,SINGLE VEHICLE,CURVE & GRADE,DAYLIGHT,I 0065,I 0264,2/23/2021 7:59:38 AM,False,2738,Accepted,
27811847,0568000,LOUISVILLE METRO POLICE DEPT,Accepted,JEFFERSON,,2215,GRAND,AVE,,,,,,,,38.240367152,-85.790706359,0.272,2/22/2021 12:00:00 AM,1501,2,2,0,0,CLEAR,DRY,True,1 VEHICLE PARKED POSITION (NOT PARKING LOT/DRIVEWAY),REAR END,STRAIGHT & LEVEL,DAYLIGHT,,,2/24/2021 8:23:02 AM,False,7387,Accepted,