IncidentID,AgencyORI,AgencyName,IncidentStatusDesc,County,RdwyNumber,Street,RoadwayName,StreetSfx,StreetDir,IntersectionRdwy,IntersectionRdwyName,BetweenStRdwy1,BetweenStRdwyName1,BetweenStRdwy2,BetweenStRdwyName2,Latitude,Longitude,Milepoint,CollisionDate,CollisionTime,UnitsInvolved,MotorVehiclesInvolved,NumberKilled,NumberInjured,Weather,RdwyConditionCode,HitandRun,DirAnalysisCode,MannerofCollision,RdwyCharacter,LightCondition,RampFromRdwyId,RampToRdwyId,AcceptedDate,IsSecondaryCollision,OwnerBadge,IncidentStatus,
27791861,0568000,LOUISVILLE METRO POLICE DEPT,Accepted,JEFFERSON,KY2052,,SHEPHERDSVILLE,RD,,,RURAL,,,,,38.174264408,-85.659435425,2.455,2/17/2021 12:00:00 AM,0956,2,2,0,2,CLOUDY,WET,True,OPPOSING LEFT TURN,OPPOSING LEFT TURN,STRAIGHT & LEVEL,DAYLIGHT,,,2/18/2021 8:33:43 AM,False,7339,Accepted,
27790392,0568000,LOUISVILLE METRO POLICE DEPT,Accepted,JEFFERSON,US0060A,,3RD,ST,S,US0060A,WINKLER,,,,,38.211897487,-85.762642628,3.280,2/17/2021 12:00:00 AM,0418,1,1,0,0,CLEAR,WET,False,OTHER INTERSECTION COLLISIONS,SINGLE VEHICLE,STRAIGHT & GRADE,DUSK,,,2/17/2021 4:41:29 PM,False,5332,Accepted,
27790397,0568000,LOUISVILLE METRO POLICE DEPT,Accepted,JEFFERSON,,,INDIAN,TRL,E,,WARWICKSHIRE,,,,,38.168656747,-85.701292755,0.287,2/16/2021 12:00:00 AM,1109,2,2,0,1,CLOUDY,SNOW/SLUSH,False,OTHER INTERSECTION COLLISIONS,REAR END,STRAIGHT & LEVEL,DAYLIGHT,,,2/17/2021 4:41:53 PM,False,5027,Accepted,
27787005,0568000,LOUISVILLE METRO POLICE DEPT,Accepted,JEFFERSON,I 0065,,I65 S,,,,,,,,,38.113011411,-85.701596055,125.021,2/16/2021 12:00:00 AM,0116,1,1,0,0,SNOWING,ICE,False,COLLISION WITH FIXED OBJECT NON - INTERSECTION - FIRST EVENT COLLISION 09 - 32 EXCLUDING 16,SINGLE VEHICLE,STRAIGHT & LEVEL,DARK-HWY LIGHTED/ON,,,2/16/2021 10:51:04 AM,False,5182,Accepted,
27790373,0568000,LOUISVILLE METRO POLICE DEPT,Accepted,JEFFERSON,KY1747,,FERN VALLEY,RD,,,INDUSTRIAL,,,,,38.157042959,-85.708106447,1.322,2/16/2021 12:00:00 AM,1226,2,2,0,0,SNOWING,SNOW/SLUSH,False,ANGLE COLLISION - OTHER,ANGLE,STRAIGHT & LEVEL,DAYLIGHT,,,2/17/2021 4:39:52 PM,False,2017,Accepted,
27790382,0568000,LOUISVILLE METRO POLICE DEPT,Accepted,JEFFERSON,KY1865,,NEW CUT,RD,,,,,,,,38.159444207,-85.778582714,3.626,2/16/2021 12:00:00 AM,1534,1,1,0,1,CLOUDY,SNOW/SLUSH,False,COLLISION WITH FIXED OBJECT NON - INTERSECTION - FIRST EVENT COLLISION 09 - 32 EXCLUDING 16,SINGLE VEHICLE,STRAIGHT & LEVEL,DAYLIGHT,,,2/17/2021 4:40:30 PM,False,7234,Accepted,
27790383,0568000,LOUISVILLE METRO POLICE DEPT,Accepted,JEFFERSON,,,17TH,ST,S,US0150,BROADWAY,,,,,38.248854296,-85.779846825,0.560,2/16/2021 12:00:00 AM,1620,2,2,0,0,CLEAR,SNOW/SLUSH,False,OTHER INTERSECTION COLLISIONS,REAR END,STRAIGHT & LEVEL,DAYLIGHT,,,2/17/2021 4:40:37 PM,False,5365,Accepted,
27790389,0568000,LOUISVILLE METRO POLICE DEPT,Accepted,JEFFERSON,KY1727,,TERRY,RD,,,PARADISE,,,,,38.137548386,-85.873103688,1.093,2/16/2021 12:00:00 AM,2335,2,2,0,0,SNOWING,ICE,False,ANGLE COLLISION - OTHER,ANGLE,STRAIGHT & LEVEL,DARK-HWY LIGHTED/ON,,,2/17/2021 4:41:16 PM,False,5356,Accepted,
27790391,0568000,LOUISVILLE METRO POLICE DEPT,Accepted,JEFFERSON,KY0146,12412,LA GRANGE,RD,,,,,,,,38.289736612,-85.511987986,7.583,2/16/2021 12:00:00 AM,2350,2,2,0,0,CLEAR,SNOW/SLUSH,True,COLLISION IN PARKING LOT,BACKING,STRAIGHT & LEVEL,DARK-HWY LIGHTED/ON,,,2/17/2021 4:41:23 PM,False,5306,Accepted,
27791886,0568000,LOUISVILLE METRO POLICE DEPT,Accepted,JEFFERSON,I 0064,,I64 E,,,,,,,,,38.237527294,-85.663954240,10.222,2/16/2021 12:00:00 AM,1428,1,1,0,0,CLEAR,WET,False,OTHER COLLISIONS ON SHOULDER,SINGLE VEHICLE,STRAIGHT & LEVEL,DAYLIGHT,,,2/18/2021 8:40:48 AM,False,5311,Accepted,
27790387,0568000,LOUISVILLE METRO POLICE DEPT,Accepted,JEFFERSON,I 0264,,I264 E,,,,,I 0264,I264 E EXIT16 OFF RAMP TO US31E,I 0264,I264 E EXIT15 ON RAMP FROM KY1703,38.203496470,-85.683821120,14.805,2/16/2021 12:00:00 AM,2214,1,1,0,1,CLEAR,SNOW/SLUSH,False,OTHER ROADWAY OR MID-BLOCK COLLISION,SINGLE VEHICLE,STRAIGHT & LEVEL,DARK-HWY LIGHTED/ON,,,2/17/2021 4:41:01 PM,False,7049,Accepted,
27790396,0568000,LOUISVILLE METRO POLICE DEPT,Accepted,JEFFERSON,KY2845,4900,MANSLICK,RD,E,,,,,,,38.117308131,-85.669128293,0.624,2/16/2021 12:00:00 AM,2245,1,1,0,0,CLEAR,SNOW/SLUSH,False,COLLISION WITH FIXED OBJECT NON - INTERSECTION - FIRST EVENT COLLISION 09 - 32 EXCLUDING 16,SINGLE VEHICLE,CURVE & LEVEL,DARK-HWY LIGHTED/OFF,,,2/17/2021 4:41:48 PM,False,5214,Accepted,
27790370,0568000,LOUISVILLE METRO POLICE DEPT,Accepted,JEFFERSON,I 0064,,I64 W,,,,,,,,,38.222998214,-85.510730683,18.587,2/16/2021 12:00:00 AM,1104,1,1,0,1,CLOUDY,SNOW/SLUSH,False,OTHER COLLISIONS ON SHOULDER,SINGLE VEHICLE,STRAIGHT & LEVEL,DAYLIGHT,,,2/17/2021 4:39:37 PM,False,6886,Accepted,
27790377,0568000,LOUISVILLE METRO POLICE DEPT,Accepted,JEFFERSON,I 0064,,I64 W,,,,,,,,,38.235319222,-85.615022475,12.800,2/16/2021 12:00:00 AM,1220,1,1,0,0,CLOUDY,SNOW/SLUSH,False,OTHER COLLISIONS ON SHOULDER,SINGLE VEHICLE,STRAIGHT & LEVEL,DAYLIGHT,,,2/17/2021 4:40:15 PM,False,7751,Accepted,
27790385,0568000,LOUISVILLE METRO POLICE DEPT,Accepted,JEFFERSON,,5416,BANNON CROSSINGS,DR,,,,,,,,38.177136615,-85.629501121,0.335,2/16/2021 12:00:00 AM,1625,1,1,0,0,CLOUDY,SNOW/SLUSH,False,COLLISION WITH FIXED OBJECT NON - INTERSECTION - FIRST EVENT COLLISION 09 - 32 EXCLUDING 16,SINGLE VEHICLE,STRAIGHT & LEVEL,DAYLIGHT,,,2/17/2021 4:40:43 PM,False,7294,Accepted,
27787000,0568000,LOUISVILLE METRO POLICE DEPT,Accepted,JEFFERSON,KY1931,,MANSLICK,RD,,,,,ELDERWOOD,,NICHOLS,38.194874699,-85.800015563,8.342,2/15/2021 12:00:00 AM,1315,3,3,0,0,SNOWING,SNOW/SLUSH,False,1 VEHICLE ENTERING/LEAVING ENTRANCE,ANGLE,CURVE & LEVEL,DAYLIGHT,,,2/16/2021 10:50:39 AM,False,7978,Accepted,
27787001,0568000,LOUISVILLE METRO POLICE DEPT,Accepted,JEFFERSON,,,3RD,ST,S,,WAMPUM,,,,,38.186399008,-85.765363248,0.981,2/15/2021 12:00:00 AM,1340,2,2,0,0,SLEET HAIL FREEZING RAIN,ICE,False,HEAD-ON COLLISION,HEAD ON,STRAIGHT & LEVEL,DAYLIGHT,,,2/16/2021 10:50:45 AM,False,7488,Accepted,
27787010,0568000,LOUISVILLE METRO POLICE DEPT,Accepted,JEFFERSON,,,BUSH FARM,RD,,,,,,,,38.279500043,-85.496192791,0.019,2/15/2021 12:00:00 AM,0822,1,1,0,0,SNOWING,SNOW/SLUSH,False,COLLISION WITH FIXED OBJECT NON - INTERSECTION - FIRST EVENT COLLISION 09 - 32 EXCLUDING 16,SINGLE VEHICLE,CURVE & LEVEL,DAYLIGHT,,,2/16/2021 10:51:42 AM,False,7802,Accepted,
27786992,0568000,LOUISVILLE METRO POLICE DEPT,Accepted,JEFFERSON,KY1065,,OUTER,LOOP,,,,,,,,38.136940121,-85.709437679,4.784,2/15/2021 12:00:00 AM,1327,2,2,0,2,SLEET HAIL FREEZING RAIN,SNOW/SLUSH,False,OTHER ROADWAY OR MID-BLOCK COLLISION,OPPOSING LEFT TURN,STRAIGHT & GRADE,DAYLIGHT,,,2/16/2021 10:49:51 AM,False,7669,Accepted,
27807177,0568000,LOUISVILLE METRO POLICE DEPT,Accepted,JEFFERSON,I 0265,,I265 E,,,,,,,,,38.145002064,-85.552745327,19.000,2/15/2021 12:00:00 AM,1608,2,2,0,1,SNOWING,ICE,False,HEAD-ON COLLISION,HEAD ON,STRAIGHT & LEVEL,DAYLIGHT,,,2/23/2021 7:59:19 AM,False,2142,Accepted,
27790371,0568000,LOUISVILLE METRO POLICE DEPT,Accepted,JEFFERSON,I 0071,,I71 N,,,,,,,,,38.310336391,-85.590661488,8.519,2/15/2021 12:00:00 AM,1703,2,2,0,0,SLEET HAIL FREEZING RAIN,SNOW/SLUSH,True,SIDESWIPE COLLISION - SAME DIRECTION,SIDESWIPE-SAME DIRECTION,STRAIGHT & GRADE,DAYLIGHT,,,2/17/2021 4:39:43 PM,False,8278,Accepted,
27786994,0568000,LOUISVILLE METRO POLICE DEPT,Accepted,JEFFERSON,KY1020,,NATIONAL,TPKE,,,,,,,,38.139461164,-85.753787763,4.553,2/15/2021 12:00:00 AM,1457,2,2,0,1,SNOWING,SNOW/SLUSH,False,1 VEHICLE ENTERING/LEAVING ENTRANCE,ANGLE,STRAIGHT & LEVEL,DAYLIGHT,,,2/16/2021 10:50:03 AM,False,7202,Accepted,
27821747,0564400,INDIAN HILLS POLICE DEPARTMENT,Accepted,JEFFERSON,US0042,,BROWNSBORO,RD,,,,,RUDY,I 0264,I264 W EXIT22 OFF RAMP TO US42,38.278525091,-85.638018043,5.654,2/15/2021 12:00:00 AM,0755,2,1,0,0,CLOUDY,SNOW/SLUSH,False,REAR END IN TRAFFIC LANES BOTH VEHICLES MOVING,REAR END,STRAIGHT & LEVEL,DAYLIGHT,,,2/15/2021 11:46:28 AM,False,4422,Accepted,
27786998,0568000,LOUISVILLE METRO POLICE DEPT,Accepted,JEFFERSON,,,ALGONQUIN,PKWY,,,GIBSON,,,,,38.232924838,-85.830760052,0.835,2/15/2021 12:00:00 AM,1357,1,1,0,1,SLEET HAIL FREEZING RAIN,SNOW/SLUSH,False,COLLISION WITH FIXED OBJECT IN INTERSECTION - FIRST EVENT COLLISION 09 - 32,SINGLE VEHICLE,CURVE & LEVEL,DAYLIGHT,,,2/16/2021 10:50:33 AM,False,5253,Accepted,
27790374,0568000,LOUISVILLE METRO POLICE DEPT,Accepted,JEFFERSON,US0031W,,22ND,ST,S,,MARKET,,,,,38.258589546,-85.786603548,20.205,2/15/2021 12:00:00 AM,0920,2,2,0,0,CLOUDY,WET,True,ANGLE COLLISION - OTHER,ANGLE,STRAIGHT & LEVEL,DAYLIGHT,,,2/17/2021 4:39:57 PM,True,2403,Accepted,
27787004,0568000,LOUISVILLE METRO POLICE DEPT,Accepted,JEFFERSON,I 0264,,I264 W,,,,,,,,,38.208390571,-85.676107911,15.343,2/15/2021 12:00:00 AM,2355,1,1,0,1,CLOUDY,SNOW/SLUSH,False,COLLISION WITH FIXED OBJECT NON - INTERSECTION - FIRST EVENT COLLISION 09 - 32 EXCLUDING 16,SINGLE VEHICLE,CURVE & HILLCREST,DARK-HWY LIGHTED/ON,,,2/16/2021 10:50:58 AM,False,7916,Accepted,
27785085,0568000,LOUISVILLE METRO POLICE DEPT,Accepted,JEFFERSON,I 0065,,I65 S,,,,,,,,,38.208901746,-85.752628629,132.630,2/15/2021 12:00:00 AM,0719,2,2,0,0,CLOUDY,SNOW/SLUSH,False,HEAD-ON COLLISION,HEAD ON,CURVE & LEVEL,DAYLIGHT,,,2/15/2021 11:22:43 AM,False,4903,Accepted,
27785086,0568000,LOUISVILLE METRO POLICE DEPT,Accepted,JEFFERSON,KY1747,,FERN VALLEY,RD,,,HANSES,,,,,38.157363467,-85.679763080,2.890,2/15/2021 12:00:00 AM,0801,2,2,0,0,SNOWING,SNOW/SLUSH,False,ANGLE COLLISION - OTHER,ANGLE,STRAIGHT & LEVEL,DAYLIGHT,,,2/15/2021 11:22:46 AM,False,2017,Accepted,
27786996,0568000,LOUISVILLE METRO POLICE DEPT,Accepted,JEFFERSON,KY3082,3530,BANK,ST,,,,,,,,38.272343466,-85.805364942,0.256,2/15/2021 12:00:00 AM,0912,2,2,0,0,CLOUDY,SNOW/SLUSH,False,1 VEHICLE PARKED POSITION (NOT PARKING LOT/DRIVEWAY),SIDESWIPE-SAME DIRECTION,STRAIGHT & LEVEL,DAYLIGHT,,,2/16/2021 10:50:19 AM,False,5124,Accepted,
27786997,0568000,LOUISVILLE METRO POLICE DEPT,Accepted,JEFFERSON,,7601,ARNOLDTOWN,RD,,,,,CLAYTON,,HARDWOOD FOREST,38.138415797,-85.820379821,0.810,2/15/2021 12:00:00 AM,1646,1,1,0,0,SLEET HAIL FREEZING RAIN,SNOW/SLUSH,False,COLLISION WITH FIXED OBJECT NON - INTERSECTION - FIRST EVENT COLLISION 09 - 32 EXCLUDING 16,SINGLE VEHICLE,STRAIGHT & HILLCREST,DAYLIGHT,,,2/16/2021 10:50:27 AM,False,6758,Accepted,
27785067,0568000,LOUISVILLE METRO POLICE DEPT,Accepted,JEFFERSON,,,RIVER PARK,DR,,,40TH,,,,,38.255534077,-85.816942677,0.544,2/14/2021 12:00:00 AM,1244,5,5,0,1,CLOUDY,ICE,False,ANGLE COLLISION - OTHER,ANGLE,STRAIGHT & LEVEL,DAYLIGHT,,,2/15/2021 11:21:52 AM,False,5113,Accepted,
27785068,0568000,LOUISVILLE METRO POLICE DEPT,Accepted,JEFFERSON,KY1747,2905,FERN VALLEY,RD,,,,,PARAMOUNT PARK,,ULRICH,38.157051878,-85.711273298,1.149,2/14/2021 12:00:00 AM,1454,1,1,0,0,CLOUDY,DRY,False,COLLISION IN PARKING LOT,SINGLE VEHICLE,STRAIGHT & LEVEL,DAYLIGHT,,,2/15/2021 11:21:57 AM,False,2324,Accepted,
27785069,0568000,LOUISVILLE METRO POLICE DEPT,Accepted,JEFFERSON,KY0864,,POPLAR LEVEL,RD,,,BISHOP,,,,,38.184775833,-85.700040161,10.465,2/14/2021 12:00:00 AM,1550,2,2,0,1,CLOUDY,DRY,False,OTHER INTERSECTION COLLISIONS,REAR END,STRAIGHT & LEVEL,DAYLIGHT,,,2/15/2021 11:22:02 AM,False,7341,Accepted,
27785076,0568000,LOUISVILLE METRO POLICE DEPT,Accepted,JEFFERSON,,,STONESTREET,RD,,,,,VALLEY COLLEGE,,MARSEILLE,38.117434231,-85.843440267,0.742,2/14/2021 12:00:00 AM,1537,1,1,0,1,CLEAR,WET,False,OTHER COLLISIONS ON SHOULDER,SINGLE VEHICLE,STRAIGHT & GRADE,DAYLIGHT,,,2/15/2021 11:22:25 AM,False,5302,Accepted,
27785074,0568000,LOUISVILLE METRO POLICE DEPT,Accepted,JEFFERSON,KY1865,,TAYLOR,BLVD,,,,,,,,38.189797719,-85.783416767,5.731,2/14/2021 12:00:00 AM,1834,2,2,0,1,CLEAR,DRY,False,REAR END IN TRAFFIC LANES BOTH VEHICLES MOVING,REAR END,CURVE & LEVEL,DARK-HWY LIGHTED/OFF,,,2/15/2021 11:22:19 AM,False,7468,Accepted,
27785083,0568000,LOUISVILLE METRO POLICE DEPT,Accepted,JEFFERSON,KY1934,,CANE RUN,RD,,,KRAMERS,,,,,38.201277744,-85.834776850,9.380,2/14/2021 12:00:00 AM,2300,3,3,0,2,CLOUDY,WET,False,OTHER INTERSECTION COLLISIONS,REAR END,STRAIGHT & LEVEL,DARK-HWY NOT LIGHTED,,,2/15/2021 11:22:36 AM,False,5202,Accepted,
27785059,0568000,LOUISVILLE METRO POLICE DEPT,Accepted,JEFFERSON,US0031E,942,BAXTER,AVE,,,,,,,,38.241741879,-85.725476243,15.760,2/14/2021 12:00:00 AM,0002,2,1,0,1,CLEAR,ICE,False,COLLISION WITH PEDESTRIAN NON - INTERSECTION,SINGLE VEHICLE,STRAIGHT & LEVEL,DARK-HWY LIGHTED/ON,,,2/15/2021 11:21:23 AM,False,5330,Accepted,
27785060,0568000,LOUISVILLE METRO POLICE DEPT,Accepted,JEFFERSON,KY0864,,POPLAR LEVEL,RD,,I 0264,I264 W EXIT14 ON RAMP FROM KY864 N,,,,,38.195752048,-85.707833346,11.306,2/14/2021 12:00:00 AM,0131,2,2,0,0,CLEAR,DRY,False,OPPOSING LEFT TURN,OPPOSING LEFT TURN,STRAIGHT & LEVEL,DARK-HWY LIGHTED/ON,,,2/15/2021 11:21:28 AM,False,5299,Accepted,
27785061,0568000,LOUISVILLE METRO POLICE DEPT,Accepted,JEFFERSON,KY1450,9007,BLUE LICK,RD,,,,,,,,38.117810375,-85.689574085,2.123,2/14/2021 12:00:00 AM,0330,2,2,0,1,CLEAR,DRY,False,HEAD-ON COLLISION,HEAD ON,STRAIGHT & LEVEL,DARK-HWY NOT LIGHTED,,,2/15/2021 11:21:31 AM,False,5198,Accepted,
27782026,0566900,LOUISVILLE AIRPORT POLICE,Accepted,JEFFERSON,,755,GRADE,LN,,,,,,,,38.152382310,-85.734210172,2.491,2/14/2021 12:00:00 AM,0029,1,1,0,0,CLEAR,DRY,False,OTHER COLLISIONS ON SHOULDER,SINGLE VEHICLE,CURVE & LEVEL,DARK-HWY LIGHTED/ON,,,2/14/2021 7:35:36 AM,False,5870,Accepted,
27795960,0568000,LOUISVILLE METRO POLICE DEPT,Accepted,JEFFERSON,KY2860,,GRINSTEAD,DR,,,,,,,,38.240493911,-85.715305710,0.356,2/14/2021 12:00:00 AM,0000,2,2,0,1,CLOUDY,DRY,False,1 VEHICLE ENTERING/LEAVING ENTRANCE,ANGLE,CURVE & LEVEL,DARK-HWY LIGHTED/ON,,,2/19/2021 3:22:57 PM,False,7022,Accepted,
27785071,0568000,LOUISVILLE METRO POLICE DEPT,Accepted,JEFFERSON,KY2251,,BARDSTOWN,RD,,,BUECHEL,,,,,38.191479767,-85.645823572,0.113,2/14/2021 12:00:00 AM,1720,2,2,0,1,CLOUDY,DRY,False,ANGLE COLLISION - ONE VEHICLE TURNING RIGHT,ANGLE,STRAIGHT & LEVEL,DAYLIGHT,,,2/15/2021 11:22:09 AM,False,7864,Accepted,
27785072,0568000,LOUISVILLE METRO POLICE DEPT,Accepted,JEFFERSON,KY1865,5853,NEW CUT,RD,,,,,,,,38.128940451,-85.774519409,1.462,2/14/2021 12:00:00 AM,1900,1,1,0,0,CLEAR,DRY,False,COLLISION WITH FIXED OBJECT NON - INTERSECTION - FIRST EVENT COLLISION 09 - 32 EXCLUDING 16,SINGLE VEHICLE,STRAIGHT & HILLCREST,DUSK,,,2/15/2021 11:22:12 AM,False,7263,Accepted,
27785073,0568000,LOUISVILLE METRO POLICE DEPT,Accepted,JEFFERSON,KY2251,,BARDSTOWN,RD,,KY2251,KY2251 CROSSOVER,,,,,38.200225560,-85.662105619,1.151,2/14/2021 12:00:00 AM,1731,2,2,0,0,CLEAR,DRY,False,ANGLE COLLISION - OTHER,ANGLE,STRAIGHT & LEVEL,DAYLIGHT,,,2/15/2021 11:22:15 AM,False,5220,Accepted,
27785070,0568000,LOUISVILLE METRO POLICE DEPT,Accepted,JEFFERSON,,,JOHNSONTOWN,RD,,,,,OMAR KHAYYAM,,SEAFORTH,38.121580092,-85.870127566,0.765,2/14/2021 12:00:00 AM,1321,2,2,0,2,CLOUDY,DRY,False,HEAD-ON COLLISION,HEAD ON,STRAIGHT & LEVEL,DAYLIGHT,,,2/15/2021 11:22:05 AM,False,6877,Accepted,
27785078,0568000,LOUISVILLE METRO POLICE DEPT,Accepted,JEFFERSON,,,6TH,ST,S,US0031W,MARKET,,,,,38.255588973,-85.760117546,0.095,2/14/2021 12:00:00 AM,0328,1,1,0,0,CLEAR,DRY,False,COLLISION WITH FIXED OBJECT IN INTERSECTION - FIRST EVENT COLLISION 09 - 32,SINGLE VEHICLE,STRAIGHT & LEVEL,DARK-HWY LIGHTED/ON,,,2/15/2021 11:22:28 AM,False,7386,Accepted,
27785039,0568000,LOUISVILLE METRO POLICE DEPT,Accepted,JEFFERSON,US0060A,,EASTERN,PKWY,,KY1020,3RD,,,,,38.213754369,-85.762291224,3.410,2/13/2021 12:00:00 AM,0141,2,2,0,0,CLEAR,ICE,False,ANGLE COLLISION - OTHER,ANGLE,STRAIGHT & GRADE,DARK-HWY LIGHTED/ON,,,2/15/2021 11:19:51 AM,False,5204,Accepted,
27785046,0568000,LOUISVILLE METRO POLICE DEPT,Accepted,JEFFERSON,,,EVERETT,AVE,,,,,MIDLAND,,CHEROKEE,38.235807258,-85.710611524,0.100,2/13/2021 12:00:00 AM,1115,4,4,0,0,CLOUDY,ICE,False,SIDESWIPE COLLISION - OPPOSITE DIRECTION,SIDESWIPE-OPPOSITE DIRECTION,STRAIGHT & GRADE,DAYLIGHT,,,2/15/2021 11:20:17 AM,False,7900,Accepted,
27785047,0568000,LOUISVILLE METRO POLICE DEPT,Accepted,JEFFERSON,,,RIVER PARK,DR,,,34TH,,,,,38.254457894,-85.807540604,1.065,2/13/2021 12:00:00 AM,1154,2,2,0,1,CLEAR,DRY,False,ANGLE COLLISION - OTHER,ANGLE,STRAIGHT & LEVEL,DAYLIGHT,,,2/15/2021 11:20:21 AM,False,5129,Accepted,
27785048,0568000,LOUISVILLE METRO POLICE DEPT,Accepted,JEFFERSON,,,FERN CREEK,RD,,,WOODBARK,,,,,38.149175258,-85.594475495,0.137,2/13/2021 12:00:00 AM,1314,2,2,0,0,CLOUDY,DRY,False,ANGLE COLLISION - OTHER,ANGLE,STRAIGHT & LEVEL,DAYLIGHT,,,2/15/2021 11:20:24 AM,False,7755,Accepted,
27785055,0568000,LOUISVILLE METRO POLICE DEPT,Accepted,JEFFERSON,KY2052,5000,SHEPHERDSVILLE,RD,,,,,,,,38.178604385,-85.659497027,2.757,2/13/2021 12:00:00 AM,0912,2,2,0,0,CLEAR,DRY,False,COLLISION IN PARKING LOT,ANGLE,STRAIGHT & LEVEL,DAYLIGHT,,,2/15/2021 11:20:53 AM,False,5247,Accepted,
27785056,0568000,LOUISVILLE METRO POLICE DEPT,Accepted,JEFFERSON,KY2054,,ALGONQUIN,PKWY,,,COMPTON,,,,,38.213264495,-85.772248297,3.056,2/13/2021 12:00:00 AM,1855,2,2,0,0,CLOUDY,WET,True,OPPOSING LEFT TURN,OPPOSING LEFT TURN,STRAIGHT & LEVEL,DARK-HWY NOT LIGHTED,,,2/15/2021 11:20:57 AM,False,7402,Accepted,
27785053,0568000,LOUISVILLE METRO POLICE DEPT,Accepted,JEFFERSON,,,BLUEGRASS,AVE,,,HAZELWOOD,,,,,38.179444050,-85.788252086,0.580,2/13/2021 12:00:00 AM,1443,3,3,0,1,CLOUDY,DRY,False,ANGLE COLLISION - OTHER,ANGLE,STRAIGHT & LEVEL,DAYLIGHT,,,2/15/2021 11:20:44 AM,False,5301,Accepted,
27785065,0568000,LOUISVILLE METRO POLICE DEPT,Accepted,JEFFERSON,,,DIXIE,HWY,,,STANDARD,,,,,38.230943335,-85.789404901,1.305,2/13/2021 12:00:00 AM,2100,2,2,0,2,CLEAR,DRY,True,OTHER INTERSECTION COLLISIONS,REAR END,STRAIGHT & LEVEL,DARK (UNKNOWN ROADWAY LIGHTING),,,2/15/2021 11:21:45 AM,False,7312,Accepted,
27785164,0565000,LYNDON POLICE DEPARTMENT,Accepted,JEFFERSON,KY1447,,WESTPORT,RD,,,,,,,,38.286880001,-85.574090857,5.125,2/13/2021 12:00:00 AM,1352,3,3,0,0,CLEAR,SNOW/SLUSH,False,OTHER ROADWAY OR MID-BLOCK COLLISION,REAR END,STRAIGHT & LEVEL,DAYLIGHT,,,2/15/2021 12:10:39 PM,False,1320,Accepted,
27816630,0560400,SHIVELY POLICE DEPARTMENT,Accepted,JEFFERSON,US0031W,,DIXIE,HWY,,,,,KENNEDY,,MILLERS,38.215017737,-85.795889599,17.078,2/13/2021 12:00:00 AM,0943,2,2,0,0,CLOUDY,ICE,False,HEAD-ON COLLISION,HEAD ON,STRAIGHT & LEVEL,DAYLIGHT,,,2/25/2021 9:57:31 AM,False,7105,Accepted,
27820340,0568000,LOUISVILLE METRO POLICE DEPT,Accepted,JEFFERSON,KY3084,,OLD HENRY,RD,,,,,,,,38.271929469,-85.495667225,1.475,2/13/2021 12:00:00 AM,1711,2,2,0,0,CLOUDY,DRY,False,1 VEHICLE ENTERING/LEAVING ENTRANCE,ANGLE,STRAIGHT & GRADE,DAYLIGHT,,,2/26/2021 7:53:57 AM,False,6532,Accepted,
27785035,0568000,LOUISVILLE METRO POLICE DEPT,Accepted,JEFFERSON,KY0061,5708,PRESTON,HWY,,,,,,,,38.168105064,-85.705910735,6.281,2/13/2021 12:00:00 AM,0230,1,1,0,0,CLEAR,DRY,False,COLLISION WITH FIXED OBJECT NON - INTERSECTION - FIRST EVENT COLLISION 09 - 32 EXCLUDING 16,SINGLE VEHICLE,STRAIGHT & LEVEL,DARK-HWY LIGHTED/ON,,,2/15/2021 11:19:45 AM,False,5286,Accepted,
27785050,0568000,LOUISVILLE METRO POLICE DEPT,Accepted,JEFFERSON,US0031E,,BARDSTOWN,RD,,KY1065,BEULAH CHURCH,,,,,38.149950803,-85.587258013,5.562,2/13/2021 12:00:00 AM,1450,2,2,0,0,CLOUDY,DRY,False,OTHER INTERSECTION COLLISIONS,REAR END,STRAIGHT & LEVEL,DAYLIGHT,,,2/15/2021 11:20:33 AM,False,6937,Accepted,
27785044,0568000,LOUISVILLE METRO POLICE DEPT,Accepted,JEFFERSON,,320,IDLEWYLDE,DR,,,,,,,,38.259134775,-85.700772975,0.211,2/13/2021 12:00:00 AM,0850,2,2,0,0,CLOUDY,ICE,False,COLLISION IN PARKING LOT,BACKING,STRAIGHT & HILLCREST,DAYLIGHT,,,2/15/2021 11:20:09 AM,False,5331,Accepted,
27785051,0568000,LOUISVILLE METRO POLICE DEPT,Accepted,JEFFERSON,I 0264,,I264 E EXIT20 TRANSIT,,,,,,,,,38.249085499,-85.619410501,0.202,2/13/2021 12:00:00 AM,1511,2,2,0,0,CLEAR,DRY,False,OTHER ROADWAY OR MID-BLOCK COLLISION,REAR END,STRAIGHT & LEVEL,DAYLIGHT,,,2/15/2021 11:20:37 AM,False,5102,Accepted,
27785066,0568000,LOUISVILLE METRO POLICE DEPT,Accepted,JEFFERSON,KY0061,,PRESTON,HWY,,,,,TOWER,,OAKLAWN,38.151584598,-85.694020180,4.941,2/13/2021 12:00:00 AM,2135,1,1,0,1,CLOUDY,DRY,False,COLLISION WITH FIXED OBJECT NON - INTERSECTION - FIRST EVENT COLLISION 09 - 32 EXCLUDING 16,SINGLE VEHICLE,STRAIGHT & LEVEL,DARK-HWY NOT LIGHTED,,,2/15/2021 11:21:48 AM,False,2308,Accepted,