IncidentID,AgencyORI,AgencyName,IncidentStatusDesc,County,RdwyNumber,Street,RoadwayName,StreetSfx,StreetDir,IntersectionRdwy,IntersectionRdwyName,BetweenStRdwy1,BetweenStRdwyName1,BetweenStRdwy2,BetweenStRdwyName2,Latitude,Longitude,Milepoint,CollisionDate,CollisionTime,UnitsInvolved,MotorVehiclesInvolved,NumberKilled,NumberInjured,Weather,RdwyConditionCode,HitandRun,DirAnalysisCode,MannerofCollision,RdwyCharacter,LightCondition,RampFromRdwyId,RampToRdwyId,AcceptedDate,IsSecondaryCollision,OwnerBadge,IncidentStatus,
27785334,0561500,UNIV. OF LOUISVILLE POLICE,Accepted,JEFFERSON,,,4TH,ST,S,,,,,,,38.216380404,-85.763600403,2.802,2/13/2021 12:00:00 AM,1948,2,2,0,0,CLOUDY,ICE,False,VEHICLE BACKING NON INTERSECTION,BACKING,STRAIGHT & LEVEL,DARK-HWY LIGHTED/ON,,,2/15/2021 1:33:29 PM,False,5714,Accepted,
27790375,0568000,LOUISVILLE METRO POLICE DEPT,Accepted,JEFFERSON,I 0065,,I65 N,,,,,,,,,38.231520212,-85.750794801,134.254,2/12/2021 12:00:00 AM,1747,2,2,0,2,CLEAR,DRY,False,REAR END IN TRAFFIC LANES BOTH VEHICLES MOVING,REAR END,STRAIGHT & LEVEL,DARK-HWY NOT LIGHTED,,,2/17/2021 4:40:03 PM,False,2142,Accepted,
27785033,0568000,LOUISVILLE METRO POLICE DEPT,Accepted,JEFFERSON,,6717,WAYNE VERNE,AVE,,,,,,,,38.164468259,-85.801917522,0.047,2/12/2021 12:00:00 AM,2238,3,3,0,1,CLEAR,ICE,False,1 VEHICLE PARKED POSITION (NOT PARKING LOT/DRIVEWAY),REAR END,STRAIGHT & LEVEL,DARK-HWY LIGHTED/ON,,,2/15/2021 11:19:42 AM,False,7133,Accepted,
27785049,0568000,LOUISVILLE METRO POLICE DEPT,Accepted,JEFFERSON,US0060,,SHELBYVILLE,RD,,,MOSER,,,,,38.245043146,-85.559214559,8.825,2/12/2021 12:00:00 AM,1845,3,3,0,0,CLEAR,DRY,False,OPPOSING LEFT TURN,OPPOSING LEFT TURN,STRAIGHT & LEVEL,DARK-HWY LIGHTED/ON,,,2/15/2021 11:20:28 AM,False,2109,Accepted,
27785026,0568000,LOUISVILLE METRO POLICE DEPT,Accepted,JEFFERSON,KY1865,,NEW CUT,RD,,KY1065,OUTER,,,,,38.126366455,-85.776075506,1.261,2/12/2021 12:00:00 AM,1451,2,2,0,0,CLOUDY,SNOW/SLUSH,False,ANGLE COLLISION - ONE VEHICLE TURNING LEFT,ANGLE,STRAIGHT & LEVEL,DAYLIGHT,,,2/15/2021 11:19:24 AM,False,5312,Accepted,
27785027,0568000,LOUISVILLE METRO POLICE DEPT,Accepted,JEFFERSON,,,25TH,ST,S,,MAIN,,,,,38.260524565,-85.791205184,0.004,2/12/2021 12:00:00 AM,1040,2,2,0,0,CLOUDY,ICE,False,COLLISION WITH PARKED VEHICLE,ANGLE,STRAIGHT & LEVEL,DAYLIGHT,,,2/15/2021 11:19:28 AM,False,7305,Accepted,
27785017,0568000,LOUISVILLE METRO POLICE DEPT,Accepted,JEFFERSON,US0031W,,MAIN,ST,W,,,,4TH,,5TH,38.256720083,-85.757336661,21.889,2/12/2021 12:00:00 AM,1313,2,2,0,0,CLOUDY,WET,False,SIDESWIPE COLLISION - SAME DIRECTION,SIDESWIPE-SAME DIRECTION,STRAIGHT & LEVEL,DAYLIGHT,,,2/15/2021 11:18:46 AM,False,7937,Accepted,
27785024,0568000,LOUISVILLE METRO POLICE DEPT,Accepted,JEFFERSON,I 0265,,I265 N,,,I 0265,I265 N EXIT33 OFF RAMP TO KY1447,,,,,38.297177446,-85.547654040,32.483,2/12/2021 12:00:00 AM,1514,3,3,0,0,CLOUDY,DRY,False,OTHER INTERSECTION COLLISIONS,REAR END,STRAIGHT & LEVEL,DAYLIGHT,,,2/15/2021 11:19:17 AM,False,7751,Accepted,
27785025,0568000,LOUISVILLE METRO POLICE DEPT,Accepted,JEFFERSON,US0060,,SHELBYVILLE,RD,,,,,HOLLEY,,WHIPPS MILL,38.248381996,-85.601296292,6.524,2/12/2021 12:00:00 AM,1410,2,2,0,0,CLOUDY,DRY,False,SIDESWIPE COLLISION - SAME DIRECTION,SIDESWIPE-SAME DIRECTION,STRAIGHT & LEVEL,DAYLIGHT,,,2/15/2021 11:19:21 AM,False,7751,Accepted,
27790388,0568000,LOUISVILLE METRO POLICE DEPT,Accepted,JEFFERSON,,,ROCKAWAY,DR,,KY1934,CANE RUN,,,,,38.182613829,-85.856437390,0.001,2/12/2021 12:00:00 AM,0628,2,2,0,0,SNOWING,ICE,False,ANGLE COLLISION - OTHER,ANGLE,STRAIGHT & LEVEL,DARK-HWY LIGHTED/ON,,,2/17/2021 4:41:10 PM,False,5136,Accepted,
27790393,0568000,LOUISVILLE METRO POLICE DEPT,Accepted,JEFFERSON,US0031E,,BARDSTOWN,RD,,,GOLDSMITH,,,,,38.208343002,-85.669086734,11.772,2/12/2021 12:00:00 AM,0756,2,2,0,0,CLEAR,SNOW/SLUSH,False,OTHER INTERSECTION COLLISIONS,REAR END,STRAIGHT & LEVEL,DAYLIGHT,,,2/17/2021 4:41:37 PM,False,5287,Accepted,
27785064,0568000,LOUISVILLE METRO POLICE DEPT,Accepted,JEFFERSON,KY1727,,TERRY,RD,,,,,,,,38.123166543,-85.874687979,0.099,2/12/2021 12:00:00 AM,1959,2,2,0,2,CLOUDY,DRY,False,1 VEHICLE ENTERING/LEAVING ENTRANCE,ANGLE,STRAIGHT & LEVEL,DARK-HWY LIGHTED/ON,,,2/15/2021 11:21:42 AM,False,5170,Accepted,
27807176,0568000,LOUISVILLE METRO POLICE DEPT,Accepted,JEFFERSON,US0031W,,,,,,,,,,,38.090871541,-85.876738582,0.027,2/12/2021 12:00:00 AM,1915,2,2,1,1,CLEAR,DRY,False,OTHER RAMP RELATED COLLISIONS NOT LISTED ABOVE,ANGLE,STRAIGHT & LEVEL,DARK-HWY LIGHTED/ON,KY1934,US31W,2/23/2021 7:59:14 AM,False,2142,Accepted,
27804060,0568000,LOUISVILLE METRO POLICE DEPT,Accepted,JEFFERSON,,,ST CATHERINE,ST,E,KY0061,JACKSON,,,,,38.235331156,-85.747299399,0.866,2/12/2021 12:00:00 AM,1256,2,2,0,1,CLOUDY,SNOW/SLUSH,False,ANGLE COLLISION - OTHER,ANGLE,STRAIGHT & LEVEL,DAYLIGHT,,,2/22/2021 11:44:05 AM,False,5120,Accepted,
27785012,0568000,LOUISVILLE METRO POLICE DEPT,Accepted,JEFFERSON,,815,INVERNESS,AVE,,,,,,,,38.164663138,-85.778262660,0.824,2/12/2021 12:00:00 AM,1008,3,2,0,0,CLOUDY,ICE,False,REAR END IN TRAFFIC LANES BOTH VEHICLES MOVING,REAR END,STRAIGHT & GRADE,DAYLIGHT,,,2/15/2021 11:18:39 AM,False,7768,Accepted,
27785020,0568000,LOUISVILLE METRO POLICE DEPT,Accepted,JEFFERSON,I 0264,,I264 W,,,,,,,,,38.186096019,-85.812485021,7.600,2/12/2021 12:00:00 AM,1450,2,2,0,0,CLOUDY,DRY,True,1 VEHICLE PARKED POSITION (NOT PARKING LOT/DRIVEWAY),REAR END,CURVE & GRADE,DAYLIGHT,,,2/15/2021 11:18:57 AM,False,8278,Accepted,
27785029,0568000,LOUISVILLE METRO POLICE DEPT,Accepted,JEFFERSON,,,5TH,ST,S,,CREEL,,,,,38.213138847,-85.765897348,2.129,2/12/2021 12:00:00 AM,1300,2,2,0,0,SNOWING,ICE,True,COLLISION WITH PARKED VEHICLE,ANGLE,STRAIGHT & LEVEL,UNKNOWN,,,2/15/2021 11:19:32 AM,False,5052,Accepted,
27785031,0568000,LOUISVILLE METRO POLICE DEPT,Accepted,JEFFERSON,KY1065,6308,OUTER,LOOP,,,,,,,,38.138017389,-85.642715021,8.470,2/12/2021 12:00:00 AM,1436,2,2,0,0,CLEAR,DRY,False,OTHER ROADWAY OR MID-BLOCK COLLISION,REAR END,STRAIGHT & LEVEL,DAYLIGHT,,,2/15/2021 11:19:35 AM,False,7812,Accepted,
27785045,0568000,LOUISVILLE METRO POLICE DEPT,Accepted,JEFFERSON,KY0061,530,JACKSON,ST,S,,,,,,,38.248534533,-85.745081224,12.525,2/12/2021 12:00:00 AM,1639,2,2,0,0,CLOUDY,DRY,False,COLLISION IN PARKING LOT,BACKING,STRAIGHT & LEVEL,DAYLIGHT,,,2/15/2021 11:20:13 AM,False,7239,Accepted,
27777382,0568000,LOUISVILLE METRO POLICE DEPT,Accepted,JEFFERSON,,,PEPPERMILL,LN,,,BLAZIER,,,,,38.143388778,-85.631003253,0.328,2/12/2021 12:00:00 AM,0630,1,1,0,0,SNOWING,ICE,False,COLLISION WITH FIXED OBJECT IN INTERSECTION - FIRST EVENT COLLISION 09 - 32,SINGLE VEHICLE,CURVE & GRADE,DARK-HWY NOT LIGHTED,,,2/12/2021 10:52:10 AM,False,7415,Accepted,
27785023,0568000,LOUISVILLE METRO POLICE DEPT,Accepted,JEFFERSON,KY1865,5533,NEW CUT,RD,,,,,,,,38.145193094,-85.774895400,2.622,2/12/2021 12:00:00 AM,1137,2,2,0,0,CLOUDY,WET,False,COLLISION IN PARKING LOT,ANGLE,STRAIGHT & LEVEL,DAYLIGHT,,,2/15/2021 11:19:11 AM,False,7232,Accepted,
27785038,0568000,LOUISVILLE METRO POLICE DEPT,Accepted,JEFFERSON,,,PAGES,LN,E,,STANDING OAK,,,,,38.129919960,-85.846851278,0.056,2/12/2021 12:00:00 AM,2121,2,2,0,1,CLEAR,DRY,False,SIDESWIPE-SAME DIRECTION,SIDESWIPE-SAME DIRECTION,CURVE & GRADE,DARK (UNKNOWN ROADWAY LIGHTING),,,2/15/2021 11:19:48 AM,False,5223,Accepted,
27777057,0560400,SHIVELY POLICE DEPARTMENT,Accepted,JEFFERSON,US0031W,,DIXIE,HWY,,,,KY2051,ROCKFORD,,ROCKFORD,38.174047731,-85.823557957,13.810,2/12/2021 12:00:00 AM,0453,2,2,0,0,CLEAR,ICE,False,SIDESWIPE COLLISION - SAME DIRECTION,SIDESWIPE-SAME DIRECTION,STRAIGHT & LEVEL,DARK (UNKNOWN ROADWAY LIGHTING),,,2/12/2021 9:02:52 AM,False,7124,Accepted,
27777377,0568000,LOUISVILLE METRO POLICE DEPT,Accepted,JEFFERSON,,,HIKES,LN,,,ROSS,,,,,38.214472274,-85.635080017,2.612,2/12/2021 12:00:00 AM,0231,2,2,0,1,CLEAR,SNOW/SLUSH,False,OTHER INTERSECTION COLLISIONS,REAR END,STRAIGHT & LEVEL,DARK-HWY LIGHTED/ON,,,2/12/2021 10:51:52 AM,False,5146,Accepted,
27785015,0568000,LOUISVILLE METRO POLICE DEPT,Accepted,JEFFERSON,KY1747,,FERN VALLEY,RD,,,,,,,,38.157484491,-85.716862838,0.837,2/12/2021 12:00:00 AM,0801,2,2,0,1,CLOUDY,ICE,False,1 VEHICLE ENTERING/LEAVING ENTRANCE,ANGLE,STRAIGHT & LEVEL,DAYLIGHT,,,2/15/2021 11:18:42 AM,False,4693,Accepted,
27785022,0568000,LOUISVILLE METRO POLICE DEPT,Accepted,JEFFERSON,KY1865,4615,TAYLOR,BLVD,,,,,,,,38.174091449,-85.782243325,4.643,2/12/2021 12:00:00 AM,0949,1,1,0,0,CLOUDY,ICE,False,COLLISION IN PARKING LOT,SINGLE VEHICLE,STRAIGHT & LEVEL,DAYLIGHT,,,2/15/2021 11:19:04 AM,False,7667,Accepted,
29312658,0568000,LOUISVILLE METRO POLICE DEPT,Accepted,JEFFERSON,,,26TH,ST,S,,CHESTNUT,,,,,38.253037865,-85.794532450,0.533,2/12/2021 12:00:00 AM,1934,2,2,0,0,CLOUDY,ICE,False,ANGLE COLLISION - OTHER,ANGLE,STRAIGHT & LEVEL,DARK-HWY LIGHTED/ON,,,11/15/2021 8:21:18 AM,False,5329,Accepted,
29696483,0568000,LOUISVILLE METRO POLICE DEPT,Accepted,JEFFERSON,,,GRADE,LN,,,FERN GRADE,,,,,38.158865303,-85.725131088,1.637,2/11/2021 12:00:00 AM,2136,2,2,0,1,RAINING,WET,False,ANGLE COLLISION - OTHER,ANGLE,STRAIGHT & LEVEL,DARK-HWY LIGHTED/ON,,,2/14/2022 8:29:59 AM,False,5299,Accepted,
27989962,0568000,LOUISVILLE METRO POLICE DEPT,Accepted,JEFFERSON,I 0264,,I264 E,,,,,,,,,38.185585666,-85.807218704,7.800,2/11/2021 12:00:00 AM,1343,1,1,0,1,CLOUDY,DRY,False,OTHER ROADWAY OR MID-BLOCK COLLISION,SINGLE VEHICLE,STRAIGHT & GRADE,DAYLIGHT,,,4/9/2021 8:35:26 AM,False,8278,Accepted,
27777369,0568000,LOUISVILLE METRO POLICE DEPT,Accepted,JEFFERSON,KY0061,9500,PRESTON,HWY,,,BOERSTE,,,,,38.113035410,-85.676746783,1.937,2/11/2021 12:00:00 AM,1625,2,1,0,1,CLOUDY,WET,False,COLLISION IN PARKING LOT,SINGLE VEHICLE,STRAIGHT & LEVEL,DAYLIGHT,,,2/12/2021 10:51:18 AM,False,7269,Accepted,
27777375,0568000,LOUISVILLE METRO POLICE DEPT,Accepted,JEFFERSON,,,APPLEGATE,LN,,,VAUGHN MILL,,,,,38.130389878,-85.629907443,1.625,2/11/2021 12:00:00 AM,0700,1,1,0,0,SLEET HAIL FREEZING RAIN,ICE,False,COLLISION WITH FIXED OBJECT IN INTERSECTION - FIRST EVENT COLLISION 09 - 32,SINGLE VEHICLE,STRAIGHT & LEVEL,DAWN,,,2/12/2021 10:51:45 AM,False,7804,Accepted,
27777376,0568000,LOUISVILLE METRO POLICE DEPT,Accepted,JEFFERSON,,2106,ENGLISH STATION,RD,S,,,,,,,38.207727817,-85.484376349,1.707,2/11/2021 12:00:00 AM,1826,1,1,0,0,CLOUDY,ICE,False,OTHER COLLISIONS ON SHOULDER,SINGLE VEHICLE,CURVE & GRADE,DARK-HWY NOT LIGHTED,,,2/12/2021 10:51:49 AM,False,7802,Accepted,
27777383,0568000,LOUISVILLE METRO POLICE DEPT,Accepted,JEFFERSON,KY2050,,HERR,LN,,,GREENLAWN,,,,,38.277282366,-85.622186592,1.631,2/11/2021 12:00:00 AM,1732,2,2,0,0,CLOUDY,ICE,False,ANGLE COLLISION - OTHER,ANGLE,STRAIGHT & LEVEL,DAYLIGHT,,,2/12/2021 10:52:18 AM,False,6929,Accepted,
27787386,0560000,JEFFERSON COUNTY SHERIFF DEPT.,Accepted,JEFFERSON,,,TUCKER STATION,RD,,,DOMINION,,,,,38.189482775,-85.523867820,4.368,2/11/2021 12:00:00 AM,0630,1,1,0,0,CLOUDY,ICE,False,COLLISION WITH FIXED OBJECT IN INTERSECTION - FIRST EVENT COLLISION 09 - 32,SINGLE VEHICLE,STRAIGHT & LEVEL,DARK (UNKNOWN ROADWAY LIGHTING),,,2/16/2021 2:06:35 PM,False,3699,Accepted,
27792323,0568000,LOUISVILLE METRO POLICE DEPT,Accepted,JEFFERSON,I 0071,,I71 N,,,,,I 0071,I71 TURN AROUND6,I 0071,I71 TURN AROUND8,38.303655005,-85.603897414,7.657,2/11/2021 12:00:00 AM,0659,2,2,0,0,SLEET HAIL FREEZING RAIN,ICE,True,1 VEHICLE ENTERING/LEAVING ENTRANCE,ANGLE,STRAIGHT & GRADE,DAWN,,,2/18/2021 11:15:03 AM,False,6929,Accepted,
27777364,0568000,LOUISVILLE METRO POLICE DEPT,Accepted,JEFFERSON,KY0061,,PRESTON,HWY,,I 0265,I265 E EXIT12 OFF RAMP TO KY61 N,,,,,38.108697738,-85.674606722,1.780,2/11/2021 12:00:00 AM,1605,2,2,0,1,CLOUDY,SNOW/SLUSH,False,ANGLE COLLISION - ONE VEHICLE TURNING LEFT,ANGLE,STRAIGHT & LEVEL,DAYLIGHT,,,2/12/2021 10:50:56 AM,False,7465,Accepted,
27777371,0568000,LOUISVILLE METRO POLICE DEPT,Accepted,JEFFERSON,KY1020,,2ND,ST,S,,HILL,,,,,38.225647989,-85.758602818,10.694,2/11/2021 12:00:00 AM,1349,2,2,0,0,CLOUDY,SNOW/SLUSH,False,ANGLE COLLISION - OTHER,ANGLE,STRAIGHT & LEVEL,DAYLIGHT,,,2/12/2021 10:51:26 AM,False,7441,Accepted,
27777372,0568000,LOUISVILLE METRO POLICE DEPT,Accepted,JEFFERSON,,,CHAMBERLAIN,LN,,,ANGIES,,,,,38.315053803,-85.568448873,4.225,2/11/2021 12:00:00 AM,1649,3,3,0,0,CLOUDY,SNOW/SLUSH,False,OPPOSING LEFT TURN,OPPOSING LEFT TURN,STRAIGHT & LEVEL,DAYLIGHT,,,2/12/2021 10:51:30 AM,False,7839,Accepted,
27777378,0568000,LOUISVILLE METRO POLICE DEPT,Accepted,JEFFERSON,,1774,HILL,ST,W,,,,,,,38.228431683,-85.789702221,1.798,2/11/2021 12:00:00 AM,0039,2,2,0,0,SLEET HAIL FREEZING RAIN,SNOW/SLUSH,True,1 VEHICLE PARKED POSITION (NOT PARKING LOT/DRIVEWAY),REAR END,STRAIGHT & LEVEL,DARK-HWY LIGHTED/ON,,,2/12/2021 10:51:56 AM,False,5039,Accepted,
27785019,0568000,LOUISVILLE METRO POLICE DEPT,Accepted,JEFFERSON,US0031E,,BARDSTOWN,RD,,,,,,,,38.186484092,-85.636513731,9.346,2/11/2021 12:00:00 AM,1721,3,3,0,1,CLEAR,SNOW/SLUSH,False,SIDESWIPE COLLISION - OPPOSITE DIRECTION,SIDESWIPE-OPPOSITE DIRECTION,STRAIGHT & LEVEL,DAYLIGHT,,,2/15/2021 11:18:53 AM,False,7739,Accepted,
27776776,0560300,ST. MATTHEWS POLICE DEPARTMENT,Accepted,JEFFERSON,I 0264,,I264 E,,,,,,,,,38.263702824,-85.623606509,20.778,2/11/2021 12:00:00 AM,0610,2,2,0,0,SLEET HAIL FREEZING RAIN,ICE,False,REAR END IN TRAFFIC LANES BOTH VEHICLES MOVING,REAR END,STRAIGHT & GRADE,DARK-HWY LIGHTED/ON,,,2/12/2021 5:55:16 AM,False,9164,Accepted,
27777361,0568000,LOUISVILLE METRO POLICE DEPT,Accepted,JEFFERSON,I 0064,,I64 W,,,,,,,,,38.223531025,-85.578500988,14.890,2/11/2021 12:00:00 AM,0529,1,1,0,1,SLEET HAIL FREEZING RAIN,ICE,False,OTHER ROADWAY OR MID-BLOCK COLLISION,SINGLE VEHICLE,CURVE & GRADE,DARK-HWY LIGHTED/ON,,,2/12/2021 10:50:45 AM,False,7720,Accepted,
27777362,0568000,LOUISVILLE METRO POLICE DEPT,Accepted,JEFFERSON,,2349,MAGAZINE,ST,,,,,,,,38.251391290,-85.791826715,1.355,2/11/2021 12:00:00 AM,1211,1,1,0,0,CLOUDY,SNOW/SLUSH,True,COLLISION WITH FIXED OBJECT NON - INTERSECTION - FIRST EVENT COLLISION 09 - 32 EXCLUDING 16,SINGLE VEHICLE,STRAIGHT & LEVEL,DAYLIGHT,,,2/12/2021 10:50:48 AM,False,7805,Accepted,
27777360,0568000,LOUISVILLE METRO POLICE DEPT,Accepted,JEFFERSON,I 0264,,I264 W,,,,,I 0064,I64 W EXIT19 RAMP TO I64,I 0264,I264 W EXIT18B OFF RAMP TO KY1932 N,38.231303977,-85.630975286,18.250,2/11/2021 12:00:00 AM,0655,2,2,0,0,CLOUDY,ICE,False,SIDESWIPE COLLISION - SAME DIRECTION,SIDESWIPE-SAME DIRECTION,STRAIGHT & LEVEL,DARK-HWY LIGHTED/ON,,,2/12/2021 10:50:41 AM,False,7720,Accepted,
27777367,0568000,LOUISVILLE METRO POLICE DEPT,Accepted,JEFFERSON,I 0264,,,,,,,,,,,38.245863210,-85.620389674,0.389,2/11/2021 12:00:00 AM,1627,2,2,0,2,CLOUDY,ICE,False,OTHER RAMP RELATED COLLISIONS NOT LISTED ABOVE,ANGLE,STRAIGHT & LEVEL,DAYLIGHT,I 0264,US0060,2/12/2021 10:51:03 AM,False,8278,Accepted,
27790372,0568000,LOUISVILLE METRO POLICE DEPT,Accepted,JEFFERSON,I 0264,,I264 E,,,,,,,,,38.208706518,-85.675235278,15.396,2/11/2021 12:00:00 AM,1112,2,2,0,0,CLOUDY,WET,False,1 VEHICLE ENTERING/LEAVING ENTRANCE,ANGLE,CURVE & GRADE,DAYLIGHT,,,2/17/2021 4:39:47 PM,False,8278,Accepted,
27785058,0568000,LOUISVILLE METRO POLICE DEPT,Accepted,JEFFERSON,KY0841,,GENE SNYDER,FWY,,KY1865,NEW CUT,,,,,38.120308584,-85.776494520,6.090,2/10/2021 12:00:00 AM,0508,2,2,0,0,SLEET HAIL FREEZING RAIN,ICE,False,SIDESWIPE-SAME DIRECTION,SIDESWIPE-SAME DIRECTION,STRAIGHT & LEVEL,DARK-HWY LIGHTED/ON,,,2/15/2021 11:21:15 AM,False,7115,Accepted,
27795972,0568000,LOUISVILLE METRO POLICE DEPT,Accepted,JEFFERSON,I 0065,,I65 N,,,,,,,,,38.147655996,-85.712339674,127.526,2/10/2021 12:00:00 AM,1739,2,2,0,1,CLOUDY,SNOW/SLUSH,False,1 VEHICLE ENTERING/LEAVING ENTRANCE,ANGLE,STRAIGHT & GRADE,DAYLIGHT,,,2/19/2021 3:23:54 PM,False,8278,Accepted,
27774685,0561500,UNIV. OF LOUISVILLE POLICE,Accepted,JEFFERSON,,301,BYRNE,AVE,,,,,,,,38.208085036,-85.755607512,0.034,2/10/2021 12:00:00 AM,1145,2,2,0,0,CLOUDY,SNOW/SLUSH,False,1 VEHICLE PARKED POSITION (NOT PARKING LOT/DRIVEWAY),ANGLE,STRAIGHT & LEVEL,DAYLIGHT,,,2/11/2021 11:22:39 AM,False,5650,Accepted,
27777359,0568000,LOUISVILLE METRO POLICE DEPT,Accepted,JEFFERSON,KY0841,,GENE SNYDER,FWY,,,,,,,,38.091265744,-85.839161532,2.056,2/10/2021 12:00:00 AM,0646,2,2,0,0,SLEET HAIL FREEZING RAIN,ICE,False,REAR END IN TRAFFIC LANES BOTH VEHICLES MOVING,REAR END,STRAIGHT & LEVEL,DARK-HWY NOT LIGHTED,,,2/12/2021 10:50:35 AM,False,7720,Accepted,
27774368,0568000,LOUISVILLE METRO POLICE DEPT,Accepted,JEFFERSON,KY1230,8000,CANE RUN,RD,,,,,,,,38.138020740,-85.897493083,4.167,2/10/2021 12:00:00 AM,1525,1,1,0,0,SLEET HAIL FREEZING RAIN,SNOW/SLUSH,False,COLLISION WITH FIXED OBJECT NON - INTERSECTION - FIRST EVENT COLLISION 09 - 32 EXCLUDING 16,SINGLE VEHICLE,STRAIGHT & LEVEL,DAYLIGHT,,,2/11/2021 9:31:50 AM,False,2311,Accepted,
27774369,0568000,LOUISVILLE METRO POLICE DEPT,Accepted,JEFFERSON,I 0071,,I71 S,,,,,,,,,38.274848981,-85.697588419,1.771,2/10/2021 12:00:00 AM,1018,4,4,0,1,RAINING,ICE,False,COLLISION WITH FIXED OBJECT NON - INTERSECTION - FIRST EVENT COLLISION 09 - 32 EXCLUDING 16,SIDESWIPE-SAME DIRECTION,STRAIGHT & LEVEL,DAYLIGHT,,,2/11/2021 9:31:54 AM,False,5311,Accepted,
27774376,0568000,LOUISVILLE METRO POLICE DEPT,Accepted,JEFFERSON,I 0071,,I71 S,,,,,,,,,38.300468038,-85.615238279,7.002,2/10/2021 12:00:00 AM,1503,1,1,0,1,SLEET HAIL FREEZING RAIN,SNOW/SLUSH,False,COLLISION WITH FIXED OBJECT NON - INTERSECTION - FIRST EVENT COLLISION 09 - 32 EXCLUDING 16,SINGLE VEHICLE,STRAIGHT & GRADE,DAYLIGHT,,,2/11/2021 9:32:42 AM,False,7751,Accepted,
27774383,0568000,LOUISVILLE METRO POLICE DEPT,Accepted,JEFFERSON,US0031E,,BUECHEL,BYP,,,BUECHEL BANK,,,,,38.190601173,-85.646556798,9.985,2/10/2021 12:00:00 AM,2239,1,1,0,1,CLEAR,SNOW/SLUSH,False,OTHER INTERSECTION COLLISIONS,SINGLE VEHICLE,STRAIGHT & LEVEL,DARK (UNKNOWN ROADWAY LIGHTING),,,2/11/2021 9:33:18 AM,False,5174,Accepted,
27774384,0568000,LOUISVILLE METRO POLICE DEPT,Accepted,JEFFERSON,US0031E,,BARDSTOWN,RD,,,DUKER,,,,,38.230154395,-85.703715110,14.303,2/10/2021 12:00:00 AM,2020,3,3,0,1,SLEET HAIL FREEZING RAIN,ICE,False,ANGLE COLLISION - OTHER,ANGLE,STRAIGHT & LEVEL,DARK-HWY LIGHTED/ON,,,2/11/2021 9:33:23 AM,False,5274,Accepted,
27774385,0568000,LOUISVILLE METRO POLICE DEPT,Accepted,JEFFERSON,I 0065,,I65 N,,,,,,,,,38.099577627,-85.700781998,124.095,2/10/2021 12:00:00 AM,2117,1,1,0,0,SLEET HAIL FREEZING RAIN,ICE,False,COLLISION WITH FIXED OBJECT NON - INTERSECTION - FIRST EVENT COLLISION 09 - 32 EXCLUDING 16,SINGLE VEHICLE,STRAIGHT & LEVEL,DARK-HWY NOT LIGHTED,,,2/11/2021 9:33:28 AM,False,5182,Accepted,
27772562,0568000,LOUISVILLE METRO POLICE DEPT,Accepted,JEFFERSON,I 0065,,I65 N,,,,,,,,,38.191929097,-85.730599857,130.868,2/10/2021 12:00:00 AM,0856,1,1,0,1,CLOUDY,ICE,False,OTHER COLLISIONS ON SHOULDER,SINGLE VEHICLE,CURVE & GRADE,DAYLIGHT,,,2/10/2021 3:56:03 PM,False,7872,Accepted,
27772563,0568000,LOUISVILLE METRO POLICE DEPT,Accepted,JEFFERSON,,,GRADE,LN,,,,,THOROUGHBRED EXPRESS,,GRADE LN CONN,38.174324889,-85.720944953,0.461,2/10/2021 12:00:00 AM,0759,1,1,0,1,CLOUDY,SNOW/SLUSH,False,COLLISION WITH FIXED OBJECT NON - INTERSECTION - FIRST EVENT COLLISION 09 - 32 EXCLUDING 16,SINGLE VEHICLE,CURVE & LEVEL,DAYLIGHT,,,2/10/2021 3:56:06 PM,False,7431,Accepted,
27772564,0568000,LOUISVILLE METRO POLICE DEPT,Accepted,JEFFERSON,I 0264,,I264 W,,,,,I 0264,I264 W EXIT11 ON RAMP FROM  CRITTENDEN DR,I 0264,I264 W EXIT10 OFF RAMP TO KY1020,38.190310090,-85.757922879,10.626,2/10/2021 12:00:00 AM,0810,2,2,0,0,RAINING,ICE,True,1 VEHICLE ENTERING/LEAVING ENTRANCE,ANGLE,STRAIGHT & LEVEL,DAYLIGHT,,,2/10/2021 3:56:09 PM,False,7048,Accepted,
27772571,0568000,LOUISVILLE METRO POLICE DEPT,Accepted,JEFFERSON,US0031E,,MAIN,ST,E,,WENZEL,,,,,38.254139553,-85.733755746,16.808,2/10/2021 12:00:00 AM,1250,2,2,0,0,CLOUDY,WET,False,ANGLE COLLISION - OTHER,ANGLE,STRAIGHT & LEVEL,DAYLIGHT,,,2/10/2021 3:56:31 PM,False,6360,Accepted,