IncidentID,AgencyORI,AgencyName,IncidentStatusDesc,County,RdwyNumber,Street,RoadwayName,StreetSfx,StreetDir,IntersectionRdwy,IntersectionRdwyName,BetweenStRdwy1,BetweenStRdwyName1,BetweenStRdwy2,BetweenStRdwyName2,Latitude,Longitude,Milepoint,CollisionDate,CollisionTime,UnitsInvolved,MotorVehiclesInvolved,NumberKilled,NumberInjured,Weather,RdwyConditionCode,HitandRun,DirAnalysisCode,MannerofCollision,RdwyCharacter,LightCondition,RampFromRdwyId,RampToRdwyId,AcceptedDate,IsSecondaryCollision,OwnerBadge,IncidentStatus,
27772572,0568000,LOUISVILLE METRO POLICE DEPT,Accepted,JEFFERSON,I 0264,,I264 W,,,,,,,,,38.190785751,-85.723301926,12.433,2/10/2021 12:00:00 AM,0738,2,2,0,1,SLEET HAIL FREEZING RAIN,ICE,False,OTHER ROADWAY OR MID-BLOCK COLLISION,REAR END,STRAIGHT & GRADE,DUSK,,,2/10/2021 3:56:34 PM,False,2395,Accepted,
27777363,0568000,LOUISVILLE METRO POLICE DEPT,Accepted,JEFFERSON,I 0264,,I264 W,,,,,I 0264,I264 W EXIT4 OFF RAMP TO KY2056,I 0264,I264 W EXIT4 ON RAMP FROM KY2056,38.221720638,-85.822150001,4.090,2/10/2021 12:00:00 AM,1031,4,4,0,0,CLOUDY,ICE,False,OTHER COLLISIONS ON SHOULDER,ANGLE,STRAIGHT & LEVEL,DAYLIGHT,,,2/12/2021 10:50:51 AM,False,7656,Accepted,
27772565,0568000,LOUISVILLE METRO POLICE DEPT,Accepted,JEFFERSON,I 0264,,I264 W,,,,,,,I 0264,I264 W EXIT10 ON RAMP FROM KY1020,38.190062816,-85.764741606,10.255,2/10/2021 12:00:00 AM,0830,2,2,0,0,RAINING,ICE,False,1 VEHICLE ENTERING/LEAVING ENTRANCE,ANGLE,STRAIGHT & LEVEL,DAYLIGHT,,,2/10/2021 3:56:12 PM,False,7048,Accepted,
27772573,0568000,LOUISVILLE METRO POLICE DEPT,Accepted,JEFFERSON,,,SIX MILE,LN,,,,,,,,38.200398947,-85.615552601,2.151,2/10/2021 12:00:00 AM,0829,2,2,0,2,SLEET HAIL FREEZING RAIN,ICE,False,1 VEHICLE ENTERING/LEAVING ENTRANCE,ANGLE,CURVE & LEVEL,DAYLIGHT,,,2/10/2021 3:56:37 PM,False,4693,Accepted,
27774370,0568000,LOUISVILLE METRO POLICE DEPT,Accepted,JEFFERSON,,9523,DAWSON HILL,RD,,,,,,,,38.105305434,-85.497647946,1.980,2/10/2021 12:00:00 AM,1623,1,1,0,1,SLEET HAIL FREEZING RAIN,ICE,False,COLLISION WITH FIXED OBJECT NON - INTERSECTION - FIRST EVENT COLLISION 09 - 32 EXCLUDING 16,SINGLE VEHICLE,CURVE & LEVEL,DAYLIGHT,,,2/11/2021 9:32:01 AM,False,7465,Accepted,
27774378,0568000,LOUISVILLE METRO POLICE DEPT,Accepted,JEFFERSON,,,ST ANTHONY CHURCH,RD,,,,,,,,38.146617379,-85.818601649,0.326,2/10/2021 12:00:00 AM,1524,1,1,0,2,SLEET HAIL FREEZING RAIN,ICE,False,OTHER ROADWAY OR MID-BLOCK COLLISION,SINGLE VEHICLE,STRAIGHT & HILLCREST,DAYLIGHT,,,2/11/2021 9:32:52 AM,False,7331,Accepted,
27777373,0568000,LOUISVILLE METRO POLICE DEPT,Accepted,JEFFERSON,,,DUMESNIL,ST,,,17TH,,,,,38.236021919,-85.783014692,1.968,2/10/2021 12:00:00 AM,0830,8,8,0,0,SLEET HAIL FREEZING RAIN,ICE,False,COLLISION WITH PARKED VEHICLE,SIDESWIPE-SAME DIRECTION,STRAIGHT & LEVEL,DARK-HWY LIGHTED/ON,,,2/12/2021 10:51:34 AM,False,5256,Accepted,
27774371,0568000,LOUISVILLE METRO POLICE DEPT,Accepted,JEFFERSON,I 0065,,I65 N,,,,,,,,,38.153907124,-85.715928348,128.000,2/10/2021 12:00:00 AM,1601,2,2,0,0,RAINING,SNOW/SLUSH,False,SIDESWIPE COLLISION - SAME DIRECTION,SIDESWIPE-SAME DIRECTION,STRAIGHT & LEVEL,DAYLIGHT,,,2/11/2021 9:32:04 AM,False,2142,Accepted,
27774372,0568000,LOUISVILLE METRO POLICE DEPT,Accepted,JEFFERSON,,7819,ARNOLDTOWN,RD,,,WINDSOR LAKES,,,,,38.133919703,-85.815147548,1.231,2/10/2021 12:00:00 AM,1658,1,1,0,1,SLEET HAIL FREEZING RAIN,SNOW/SLUSH,False,COLLISION WITH FIXED OBJECT IN INTERSECTION - FIRST EVENT COLLISION 09 - 32,SINGLE VEHICLE,CURVE & GRADE,DAYLIGHT,,,2/11/2021 9:32:10 AM,False,5336,Accepted,
27774373,0568000,LOUISVILLE METRO POLICE DEPT,Accepted,JEFFERSON,I 0065,,I65 N,,,I 0065,I65 N EXIT127 OFF RAMP TO KY1065,,,,,38.130716206,-85.703360100,126.192,2/10/2021 12:00:00 AM,1044,1,1,0,1,SLEET HAIL FREEZING RAIN,ICE,False,OTHER INTERSECTION COLLISIONS,SINGLE VEHICLE,STRAIGHT & LEVEL,DAYLIGHT,,,2/11/2021 9:32:16 AM,False,5264,Accepted,
27774379,0568000,LOUISVILLE METRO POLICE DEPT,Accepted,JEFFERSON,I 0264,,I264 W,,,,,,,,,38.190064952,-85.764862794,10.248,2/10/2021 12:00:00 AM,0830,2,2,0,0,SLEET HAIL FREEZING RAIN,ICE,False,REAR END IN TRAFFIC LANES BOTH VEHICLES MOVING,REAR END,STRAIGHT & LEVEL,DAYLIGHT,,,2/11/2021 9:32:57 AM,False,7488,Accepted,
27774381,0568000,LOUISVILLE METRO POLICE DEPT,Accepted,JEFFERSON,KY1931,,GREENWOOD,RD,,,DAFFODIL,,,,,38.144359401,-85.859327066,2.061,2/10/2021 12:00:00 AM,2145,1,1,0,1,SLEET HAIL FREEZING RAIN,ICE,False,OTHER INTERSECTION COLLISIONS,SINGLE VEHICLE,STRAIGHT & LEVEL,DARK-HWY LIGHTED/ON,,,2/11/2021 9:33:11 AM,False,5048,Accepted,
27774690,0561500,UNIV. OF LOUISVILLE POLICE,Accepted,JEFFERSON,US0060A,334,EASTERN,PKWY,,,,,,,,38.213585336,-85.762101020,3.423,2/10/2021 12:00:00 AM,0729,1,1,0,0,SLEET HAIL FREEZING RAIN,SNOW/SLUSH,False,COLLISION WITH FIXED OBJECT NON - INTERSECTION - FIRST EVENT COLLISION 09 - 32 EXCLUDING 16,SINGLE VEHICLE,STRAIGHT & GRADE,DAYLIGHT,,,2/11/2021 11:22:47 AM,False,5620,Accepted,
27772558,0568000,LOUISVILLE METRO POLICE DEPT,Accepted,JEFFERSON,KY1819,6310,BILLTOWN,RD,,,,,,,,38.152225868,-85.554412104,5.823,2/10/2021 12:00:00 AM,0604,1,1,0,0,SLEET HAIL FREEZING RAIN,ICE,False,COLLISION WITH FIXED OBJECT NON - INTERSECTION - FIRST EVENT COLLISION 09 - 32 EXCLUDING 16,SINGLE VEHICLE,STRAIGHT & LEVEL,DARK-HWY NOT LIGHTED,,,2/10/2021 3:55:49 PM,False,7255,Accepted,
27772559,0568000,LOUISVILLE METRO POLICE DEPT,Accepted,JEFFERSON,I 0065,,I65 N,,,,,,,,,38.162972836,-85.720619186,128.679,2/10/2021 12:00:00 AM,0817,2,2,0,0,CLOUDY,ICE,False,SIDESWIPE COLLISION - SAME DIRECTION,SIDESWIPE-SAME DIRECTION,STRAIGHT & LEVEL,DAYLIGHT,,,2/10/2021 3:55:52 PM,False,4903,Accepted,
27772560,0568000,LOUISVILLE METRO POLICE DEPT,Accepted,JEFFERSON,I 0264,,I264 W,,,I 0264,I264 W EXIT2 ON RAMP FROM  MUHAMMAD ALI BLVD,,,,,38.260576264,-85.804862649,1.172,2/10/2021 12:00:00 AM,0807,2,2,0,1,SLEET HAIL FREEZING RAIN,ICE,False,ANGLE COLLISION - OTHER,ANGLE,STRAIGHT & LEVEL,DAYLIGHT,,,2/10/2021 3:55:55 PM,False,7805,Accepted,
27772566,0568000,LOUISVILLE METRO POLICE DEPT,Accepted,JEFFERSON,I 0065,,I65 N,,,,,,,,,38.171759772,-85.720402559,129.285,2/10/2021 12:00:00 AM,0622,2,2,0,0,SLEET HAIL FREEZING RAIN,ICE,False,REAR END IN TRAFFIC LANES BOTH VEHICLES MOVING,REAR END,CURVE & GRADE,DARK-HWY LIGHTED/ON,,,2/10/2021 3:56:15 PM,False,6886,Accepted,
27772567,0568000,LOUISVILLE METRO POLICE DEPT,Accepted,JEFFERSON,I 0065,,I65 N,,,,,,,,,38.157094085,-85.717879510,128.244,2/10/2021 12:00:00 AM,1036,2,2,0,1,SLEET HAIL FREEZING RAIN,ICE,False,OTHER ROADWAY OR MID-BLOCK COLLISION,REAR END,STRAIGHT & HILLCREST,DAYLIGHT,,,2/10/2021 3:56:18 PM,False,6886,Accepted,
27785032,0568000,LOUISVILLE METRO POLICE DEPT,Accepted,JEFFERSON,KY0841,,GENE SNYDER,FWY,,,,US0031W,US31W RAMP FROM KY841,KY0841,KY841 RAMP FROM  STONESTREET RD,38.088880645,-85.858285257,1.005,2/10/2021 12:00:00 AM,0628,2,2,0,0,SLEET HAIL FREEZING RAIN,ICE,False,1 VEHICLE PARKED POSITION (NOT PARKING LOT/DRIVEWAY),REAR END,STRAIGHT & LEVEL,DARK-HWY LIGHTED/ON,,,2/15/2021 11:19:38 AM,False,7908,Accepted,
27777365,0568000,LOUISVILLE METRO POLICE DEPT,Accepted,JEFFERSON,I 0264,,I264 E,,,,,,,,,38.190116094,-85.756649020,10.600,2/10/2021 12:00:00 AM,1048,2,2,0,1,SLEET HAIL FREEZING RAIN,ICE,False,1 VEHICLE ENTERING/LEAVING ENTRANCE,ANGLE,STRAIGHT & GRADE,DAYLIGHT,,,2/12/2021 10:50:59 AM,False,8278,Accepted,
27772550,0568000,LOUISVILLE METRO POLICE DEPT,Accepted,JEFFERSON,,,5TH,ST,S,,JEFFERSON,,,,,38.254034198,-85.758663994,3.614,2/10/2021 12:00:00 AM,0301,2,2,0,2,CLEAR,DRY,False,ANGLE COLLISION - OTHER,ANGLE,STRAIGHT & LEVEL,DARK-HWY LIGHTED/ON,,,2/10/2021 3:55:26 PM,False,5328,Accepted,
27791866,0568000,LOUISVILLE METRO POLICE DEPT,Accepted,JEFFERSON,I 0264,,I264 W,,,,,,,,,38.218384774,-85.822319634,4.325,2/10/2021 12:00:00 AM,0455,2,2,0,0,SNOWING,SNOW/SLUSH,False,SIDESWIPE COLLISION - SAME DIRECTION,SIDESWIPE-SAME DIRECTION,STRAIGHT & LEVEL,DARK-HWY LIGHTED/ON,,,2/18/2021 8:34:17 AM,False,7466,Accepted,
27785063,0568000,LOUISVILLE METRO POLICE DEPT,Accepted,JEFFERSON,KY0841,,GENE SNYDER,FWY,,,,,,,,38.089381152,-85.863435178,0.719,2/10/2021 12:00:00 AM,0635,2,2,0,0,SLEET HAIL FREEZING RAIN,ICE,False,REAR END IN TRAFFIC LANES BOTH VEHICLES MOVING,REAR END,STRAIGHT & GRADE,DARK-HWY NOT LIGHTED,,,2/15/2021 11:21:37 AM,False,5170,Accepted,
27772569,0568000,LOUISVILLE METRO POLICE DEPT,Accepted,JEFFERSON,,,FAIRGROUND,RD,,,MICHAEL EDWARD,,,,,38.172651317,-85.584563078,1.242,2/10/2021 12:00:00 AM,1009,2,2,0,1,CLOUDY,ICE,False,ANGLE COLLISION - OTHER,ANGLE,STRAIGHT & LEVEL,DAYLIGHT,,,2/10/2021 3:56:24 PM,False,7465,Accepted,
27774382,0568000,LOUISVILLE METRO POLICE DEPT,Accepted,JEFFERSON,I 0064,,I64 E,,,,,,,,,38.217601662,-85.413670069,23.908,2/10/2021 12:00:00 AM,2102,2,2,0,0,SLEET HAIL FREEZING RAIN,SNOW/SLUSH,False,OTHER ROADWAY OR MID-BLOCK COLLISION,REAR END,STRAIGHT & LEVEL,DARK-HWY NOT LIGHTED,,,2/11/2021 9:33:15 AM,False,5128,Accepted,
27784480,0560400,SHIVELY POLICE DEPARTMENT,Accepted,JEFFERSON,I 0264,,I264 E EXIT5 CROSSOVER KY1934,,,,,,,,,38.206083773,-85.828598552,0.003,2/10/2021 12:00:00 AM,0730,2,2,0,1,SLEET HAIL FREEZING RAIN,ICE,False,REAR END IN TRAFFIC LANES BOTH VEHICLES MOVING,REAR END,STRAIGHT & LEVEL,DARK-HWY LIGHTED/ON,,,2/15/2021 8:44:49 AM,False,7091,Accepted,
27785062,0568000,LOUISVILLE METRO POLICE DEPT,Accepted,JEFFERSON,KY0841,,GENE SNYDER,FWY,,,,,,,,38.089189208,-85.862336016,0.782,2/10/2021 12:00:00 AM,0635,1,1,0,0,SLEET HAIL FREEZING RAIN,ICE,False,OTHER ROADWAY OR MID-BLOCK COLLISION,SINGLE VEHICLE,STRAIGHT & GRADE,DARK-HWY NOT LIGHTED,,,2/15/2021 11:21:34 AM,False,5170,Accepted,
27847645,0568000,LOUISVILLE METRO POLICE DEPT,Accepted,JEFFERSON,I 0264,,I264 W,,,,,,,,,38.191076379,-85.718961879,12.670,2/10/2021 12:00:00 AM,0720,2,2,0,0,SLEET HAIL FREEZING RAIN,ICE,False,SIDESWIPE COLLISION - SAME DIRECTION,SIDESWIPE-SAME DIRECTION,STRAIGHT & GRADE,DAWN,,,3/5/2021 8:24:17 AM,False,7772,Accepted,
27977035,0568000,LOUISVILLE METRO POLICE DEPT,Accepted,JEFFERSON,KY0841,,GENE SNYDER,FWY,,KY1865,NEW CUT,,,,,38.120281267,-85.777542237,6.027,2/10/2021 12:00:00 AM,0508,3,2,0,2,CLOUDY,ICE,False,OTHER INTERSECTION COLLISIONS,REAR END,CURVE & GRADE,DARK-HWY LIGHTED/ON,,,4/6/2021 10:29:02 AM,True,7720,Accepted,
27901044,0568000,LOUISVILLE METRO POLICE DEPT,Accepted,JEFFERSON,I 0065,,I65 N,,,,,,,,,38.142254537,-85.709566231,127.124,2/10/2021 12:00:00 AM,0646,2,2,0,0,SLEET HAIL FREEZING RAIN,ICE,False,HEAD-ON COLLISION,HEAD ON,STRAIGHT & LEVEL,DARK-HWY LIGHTED/ON,,,3/18/2021 1:02:01 PM,False,7772,Accepted,
27918687,0568000,LOUISVILLE METRO POLICE DEPT,Accepted,JEFFERSON,KY0841,,GENE SNYDER,FWY,,,,I 0071,I71 N EXIT35B RAMP TO I71 S,KY0841,GENE SNYDER,38.315075172,-85.582052871,34.735,2/9/2021 12:00:00 AM,2204,3,3,0,1,CLOUDY,DRY,False,SIDESWIPE COLLISION - SAME DIRECTION,SIDESWIPE-SAME DIRECTION,CURVE & LEVEL,DARK-HWY LIGHTED/ON,,,3/23/2021 8:20:25 AM,False,7159,Accepted,
27785081,0568000,LOUISVILLE METRO POLICE DEPT,Accepted,JEFFERSON,I 0065,,I65 N,,,,,,,,,38.209048475,-85.752539008,132.682,2/9/2021 12:00:00 AM,0444,2,2,0,0,SNOWING,SNOW/SLUSH,False,SIDESWIPE COLLISION - SAME DIRECTION,SIDESWIPE-SAME DIRECTION,CURVE & LEVEL,DARK-HWY LIGHTED/ON,,,2/15/2021 11:22:34 AM,False,5316,Accepted,
27804302,0568000,LOUISVILLE METRO POLICE DEPT,Accepted,JEFFERSON,I 0264,,I264 E,,,,,I 0264,I264 E EXIT20 TRANSIT,I 0264,I264 W EXIT19A ON RAMP FROM US60 W,38.243976991,-85.621214579,19.357,2/9/2021 12:00:00 AM,1136,2,1,0,2,CLOUDY,WET,False,REAR END IN TRAFFIC LANES BOTH VEHICLES MOVING,REAR END,STRAIGHT & LEVEL,DAYLIGHT,,,2/22/2021 11:43:35 AM,False,7720,Accepted,
27807171,0568000,LOUISVILLE METRO POLICE DEPT,Accepted,JEFFERSON,I 0264,,I264 E,,,I 0264,I264 E EXIT14 OFF RAMP TO KY864,,,,,38.192280536,-85.712917592,13.007,2/9/2021 12:00:00 AM,1813,2,2,0,0,CLEAR,DRY,False,SIDESWIPE-SAME DIRECTION,SIDESWIPE-SAME DIRECTION,STRAIGHT & LEVEL,DUSK,,,2/23/2021 7:58:50 AM,False,5106,Accepted,
27811834,0568000,LOUISVILLE METRO POLICE DEPT,Accepted,JEFFERSON,I 0064,,I64 W,,,,,,,,,38.277237134,-85.798577122,1.603,2/9/2021 12:00:00 AM,0653,1,1,0,1,CLOUDY,WET,False,OTHER ROADWAY OR MID-BLOCK COLLISION,SINGLE VEHICLE,CURVE & LEVEL,DARK-HWY NOT LIGHTED,,,2/24/2021 8:21:50 AM,False,7772,Accepted,
27816250,0568000,LOUISVILLE METRO POLICE DEPT,Accepted,JEFFERSON,I 0264,,I264 E,,,,,,,,,38.275004375,-85.811520527,0.063,2/9/2021 12:00:00 AM,1203,2,2,0,1,CLEAR,DRY,False,SIDESWIPE COLLISION - SAME DIRECTION,SIDESWIPE-SAME DIRECTION,CURVE & LEVEL,DAYLIGHT,,,2/25/2021 7:53:07 AM,False,7772,Accepted,
27772517,0568000,LOUISVILLE METRO POLICE DEPT,Accepted,JEFFERSON,,,FEYHURST,DR,,,,KY1931,GREENWOOD,,BAYSHORE,38.144324140,-85.858186219,0.001,2/9/2021 12:00:00 AM,0958,2,1,0,1,CLOUDY,WET,False,COLLISION WITH PEDESTRIAN NON - INTERSECTION,SINGLE VEHICLE,STRAIGHT & LEVEL,DAYLIGHT,,,2/10/2021 3:54:06 PM,False,7232,Accepted,
27772524,0568000,LOUISVILLE METRO POLICE DEPT,Accepted,JEFFERSON,,,BROADWAY,,W,,35TH,,,,,38.249956870,-85.810064289,1.190,2/9/2021 12:00:00 AM,1305,2,2,0,0,CLOUDY,DRY,False,COLLISION WITH PARKED VEHICLE,SIDESWIPE-SAME DIRECTION,STRAIGHT & LEVEL,DAYLIGHT,,,2/10/2021 3:54:30 PM,False,7538,Accepted,
27772525,0568000,LOUISVILLE METRO POLICE DEPT,Accepted,JEFFERSON,KY1703,3340,NEWBURG,RD,,,,,GARDINER,,GOLDSMITH,38.199217226,-85.683851812,1.915,2/9/2021 12:00:00 AM,1205,2,2,0,0,CLEAR,DRY,False,SIDESWIPE COLLISION - SAME DIRECTION,SIDESWIPE-SAME DIRECTION,STRAIGHT & LEVEL,DAYLIGHT,,,2/10/2021 3:54:33 PM,False,7879,Accepted,
27772526,0568000,LOUISVILLE METRO POLICE DEPT,Accepted,JEFFERSON,I 0064,,I64 E,,,,,,,,,38.258741270,-85.754535055,4.665,2/9/2021 12:00:00 AM,1230,2,2,0,0,CLOUDY,DRY,False,REAR END IN TRAFFIC LANES BOTH VEHICLES MOVING,REAR END,STRAIGHT & LEVEL,DAYLIGHT,,,2/10/2021 3:54:36 PM,False,7907,Accepted,
27772534,0568000,LOUISVILLE METRO POLICE DEPT,Accepted,JEFFERSON,KY1934,,CANE RUN,RD,,,SHANKS,,,,,38.195412059,-85.842433173,8.788,2/9/2021 12:00:00 AM,1823,2,2,0,1,CLEAR,DRY,False,OPPOSING LEFT TURN,OPPOSING LEFT TURN,STRAIGHT & LEVEL,DAWN,,,2/10/2021 3:54:50 PM,False,5208,Accepted,
27772542,0568000,LOUISVILLE METRO POLICE DEPT,Accepted,JEFFERSON,I 0064,,I64 W,,,,,,,,,38.251258373,-85.715710803,6.926,2/9/2021 12:00:00 AM,1920,2,2,0,0,CLEAR,DRY,False,SIDESWIPE COLLISION - SAME DIRECTION,SIDESWIPE-SAME DIRECTION,CURVE & LEVEL,DARK-HWY NOT LIGHTED,,,2/10/2021 3:55:03 PM,False,5122,Accepted,
27772523,0568000,LOUISVILLE METRO POLICE DEPT,Accepted,JEFFERSON,KY0155,,TAYLORSVILLE,RD,,,MCMAHAN,,,,,38.219473379,-85.619534301,12.987,2/9/2021 12:00:00 AM,1213,2,2,0,1,CLOUDY,WET,False,ANGLE COLLISION - OTHER,ANGLE,STRAIGHT & LEVEL,DAYLIGHT,,,2/10/2021 3:54:27 PM,False,4693,Accepted,
27772540,0568000,LOUISVILLE METRO POLICE DEPT,Accepted,JEFFERSON,US0031W,,DIXIE,HWY,,,,,,,,38.121417572,-85.855568134,9.736,2/9/2021 12:00:00 AM,1807,2,2,0,0,CLOUDY,DRY,True,SIDESWIPE COLLISION - SAME DIRECTION,SIDESWIPE-SAME DIRECTION,STRAIGHT & LEVEL,DAYLIGHT,,,2/10/2021 3:54:56 PM,False,7234,Accepted,
27785010,0568000,LOUISVILLE METRO POLICE DEPT,Accepted,JEFFERSON,US0031W,,DR W J HODGE,ST,,,MUHAMMAD ALI,,,,,38.254246154,-85.785629759,20.000,2/9/2021 12:00:00 AM,0740,2,2,0,1,RAINING,WET,False,ANGLE COLLISION - OTHER,ANGLE,STRAIGHT & LEVEL,DAWN,,,2/15/2021 11:18:34 AM,False,7463,Accepted,
27785018,0568000,LOUISVILLE METRO POLICE DEPT,Accepted,JEFFERSON,I 0064,,I64 W,,,,,I 0064,I64 W EXIT7 OFF RAMP TO  MELLWOOD AVE,I 0064,I64 TURN AROUND7,38.250940812,-85.714841466,6.978,2/9/2021 12:00:00 AM,1817,3,3,0,2,CLOUDY,DRY,False,SIDESWIPE COLLISION - SAME DIRECTION,SIDESWIPE-SAME DIRECTION,STRAIGHT & LEVEL,DARK-HWY LIGHTED/ON,,,2/15/2021 11:18:50 AM,False,2228,Accepted,
27772541,0568000,LOUISVILLE METRO POLICE DEPT,Accepted,JEFFERSON,,,BUCKNER,AVE,,,5TH,,,,,38.169068404,-85.772163764,0.187,2/9/2021 12:00:00 AM,1510,3,3,0,0,CLEAR,DRY,False,ANGLE COLLISION - OTHER,ANGLE,STRAIGHT & LEVEL,DAYLIGHT,,,2/10/2021 3:54:59 PM,False,7263,Accepted,
27772548,0568000,LOUISVILLE METRO POLICE DEPT,Accepted,JEFFERSON,,,34TH,ST,S,,BROADWAY,,,,,38.249887682,-85.808662855,0.001,2/9/2021 12:00:00 AM,2115,2,2,0,3,CLOUDY,WET,True,ANGLE COLLISION - OTHER,ANGLE,STRAIGHT & LEVEL,DARK (UNKNOWN ROADWAY LIGHTING),,,2/10/2021 3:55:19 PM,False,5202,Accepted,
27772549,0568000,LOUISVILLE METRO POLICE DEPT,Accepted,JEFFERSON,,,LEXINGTON,RD,,,,,,,,38.249245248,-85.712637816,1.206,2/9/2021 12:00:00 AM,0440,1,1,0,1,SNOWING,SNOW/SLUSH,False,COLLISION WITH FIXED OBJECT NON - INTERSECTION - FIRST EVENT COLLISION 09 - 32 EXCLUDING 16,SINGLE VEHICLE,CURVE & LEVEL,DARK-HWY LIGHTED/ON,,,2/10/2021 3:55:23 PM,False,7376,Accepted,
27775417,0560600,WEST BUECHEL POLICE DEPT.,Accepted,JEFFERSON,,2020,BASHFORD MANOR,LN,,,,,,,,38.200637875,-85.668950227,0.290,2/9/2021 12:00:00 AM,1953,2,2,0,0,CLOUDY,DRY,True,COLLISION IN PARKING LOT,ANGLE,STRAIGHT & LEVEL,OTHER,,,2/11/2021 4:23:18 PM,False,1290,Accepted,
27772570,0568000,LOUISVILLE METRO POLICE DEPT,Accepted,JEFFERSON,,,OAK,ST,W,,,,,,,38.234721890,-85.756991412,0.090,2/9/2021 12:00:00 AM,2019,2,2,0,0,CLEAR,DRY,False,1 VEHICLE ENTERING/LEAVING ENTRANCE,ANGLE,STRAIGHT & LEVEL,DARK (UNKNOWN ROADWAY LIGHTING),,,2/10/2021 3:56:27 PM,False,5213,Accepted,
27772538,0568000,LOUISVILLE METRO POLICE DEPT,Accepted,JEFFERSON,KY1020,,SOUTHERN,PKWY,,KY2801,SOUTHERN HEIGHTS,,,,,38.189146870,-85.766724378,8.360,2/9/2021 12:00:00 AM,0851,2,2,0,1,CLOUDY,WET,False,OTHER INTERSECTION COLLISIONS,REAR END,STRAIGHT & LEVEL,DAYLIGHT,,,2/10/2021 3:54:53 PM,False,5221,Accepted,
27772547,0568000,LOUISVILLE METRO POLICE DEPT,Accepted,JEFFERSON,,,HANCOCK,ST,S,,JEFFERSON,,,,,38.252220306,-85.742312945,0.192,2/9/2021 12:00:00 AM,2206,2,2,0,0,CLEAR,DRY,True,ANGLE COLLISION - OTHER,ANGLE,STRAIGHT & LEVEL,DARK-HWY LIGHTED/ON,,,2/10/2021 3:55:16 PM,False,5122,Accepted,
27772544,0568000,LOUISVILLE METRO POLICE DEPT,Accepted,JEFFERSON,,3509,LEITH,LN,,,,,,,,38.198827473,-85.678774250,0.194,2/9/2021 12:00:00 AM,1926,1,1,0,0,CLEAR,DRY,False,OTHER ROADWAY OR MID-BLOCK COLLISION,SINGLE VEHICLE,STRAIGHT & LEVEL,DARK-HWY LIGHTED/ON,,,2/10/2021 3:55:06 PM,False,5317,Accepted,
27772552,0568000,LOUISVILLE METRO POLICE DEPT,Accepted,JEFFERSON,KY0864,,POPLAR LEVEL,RD,,,GARDINER,,,,,38.192699050,-85.706080687,11.097,2/9/2021 12:00:00 AM,2038,2,2,0,2,CLEAR,DRY,False,OPPOSING LEFT TURN,OPPOSING LEFT TURN,STRAIGHT & LEVEL,DARK-HWY LIGHTED/ON,,,2/10/2021 3:55:33 PM,False,5286,Accepted,
27772520,0568000,LOUISVILLE METRO POLICE DEPT,Accepted,JEFFERSON,KY1932,,BRECKENRIDGE,LN,,,,,,,,38.221930486,-85.632246699,3.021,2/9/2021 12:00:00 AM,0822,2,2,0,1,CLOUDY,WET,False,1 VEHICLE ENTERING/LEAVING ENTRANCE,ANGLE,STRAIGHT & LEVEL,DAYLIGHT,,,2/10/2021 3:54:20 PM,False,4693,Accepted,
27772528,0568000,LOUISVILLE METRO POLICE DEPT,Accepted,JEFFERSON,,,32ND,ST,S,,MUHAMMAD ALI,,,,,38.256394448,-85.804921079,1.970,2/9/2021 12:00:00 AM,1649,2,2,0,1,CLOUDY,DRY,False,ANGLE COLLISION - OTHER,ANGLE,STRAIGHT & LEVEL,DAYLIGHT,,,2/10/2021 3:54:39 PM,False,7463,Accepted,
27766612,0568000,LOUISVILLE METRO POLICE DEPT,Accepted,JEFFERSON,I 0264,,I264 W,,,,,,,,,38.219409603,-85.822271922,4.251,2/9/2021 12:00:00 AM,0612,2,2,0,0,OTHER,WET,False,SIDESWIPE COLLISION - SAME DIRECTION,SIDESWIPE-SAME DIRECTION,STRAIGHT & LEVEL,DARK-HWY LIGHTED/ON,,,2/9/2021 8:33:29 AM,False,4903,Accepted,
27766611,0568000,LOUISVILLE METRO POLICE DEPT,Accepted,JEFFERSON,KY1931,,ST ANDREWS CHURCH,RD,,,BLANTON,,,,,38.151935974,-85.819311047,4.410,2/8/2021 12:00:00 AM,2047,2,2,0,1,CLEAR,DRY,False,ANGLE COLLISION - OTHER,ANGLE,STRAIGHT & LEVEL,DARK-HWY LIGHTED/ON,,,2/9/2021 8:33:25 AM,False,5170,Accepted,
27772514,0568000,LOUISVILLE METRO POLICE DEPT,Accepted,JEFFERSON,I 0071,,I71 S,,,,,,,,,38.317633969,-85.574946488,9.521,2/8/2021 12:00:00 AM,0510,1,1,0,0,CLOUDY,DRY,False,OTHER ROADWAY OR MID-BLOCK COLLISION,SINGLE VEHICLE,STRAIGHT & LEVEL,DARK-HWY LIGHTED/ON,,,2/10/2021 3:53:49 PM,False,7826,Accepted,