IncidentID,AgencyORI,AgencyName,IncidentStatusDesc,County,RdwyNumber,Street,RoadwayName,StreetSfx,StreetDir,IntersectionRdwy,IntersectionRdwyName,BetweenStRdwy1,BetweenStRdwyName1,BetweenStRdwy2,BetweenStRdwyName2,Latitude,Longitude,Milepoint,CollisionDate,CollisionTime,UnitsInvolved,MotorVehiclesInvolved,NumberKilled,NumberInjured,Weather,RdwyConditionCode,HitandRun,DirAnalysisCode,MannerofCollision,RdwyCharacter,LightCondition,RampFromRdwyId,RampToRdwyId,AcceptedDate,IsSecondaryCollision,OwnerBadge,IncidentStatus,
27747435,0568000,LOUISVILLE METRO POLICE DEPT,Accepted,JEFFERSON,KY0864,,FEGENBUSH,LN,,KY1747,HURSTBOURNE,,,,,38.161160660,-85.640803549,6.593,2/3/2021 12:00:00 AM,1959,2,2,0,0,CLEAR,DRY,False,ANGLE COLLISION - OTHER,ANGLE,STRAIGHT & LEVEL,DARK-HWY NOT LIGHTED,,,2/4/2021 8:09:46 AM,False,7106,Accepted,
27751930,0568000,LOUISVILLE METRO POLICE DEPT,Accepted,JEFFERSON,KY2053,5207,MT WASHINGTON,RD,,,,,,,,38.092907352,-85.668160323,0.039,2/3/2021 12:00:00 AM,1812,2,2,0,0,CLOUDY,DRY,False,REAR END IN TRAFFIC LANES BOTH VEHICLES MOVING,REAR END,STRAIGHT & LEVEL,DAYLIGHT,,,2/5/2021 8:07:56 AM,False,7799,Accepted,
27751931,0568000,LOUISVILLE METRO POLICE DEPT,Accepted,JEFFERSON,,,RUSSELL LEE,DR,,,STRATTON,,,,,38.229590756,-85.816409872,0.337,2/3/2021 12:00:00 AM,1832,2,2,0,0,CLEAR,DRY,False,ANGLE COLLISION - OTHER,ANGLE,STRAIGHT & LEVEL,DARK-HWY NOT LIGHTED,,,2/5/2021 8:08:01 AM,False,5161,Accepted,
27751947,0568000,LOUISVILLE METRO POLICE DEPT,Accepted,JEFFERSON,,,PRODUCE,RD,,,JENNINGS,,,,,38.184685841,-85.682232297,0.648,2/3/2021 12:00:00 AM,2023,2,2,0,0,CLEAR,DRY,False,OTHER INTERSECTION COLLISIONS,REAR END,STRAIGHT & LEVEL,DARK-HWY LIGHTED/ON,,,2/5/2021 8:12:08 AM,False,5317,Accepted,
27751952,0568000,LOUISVILLE METRO POLICE DEPT,Accepted,JEFFERSON,,,NORTHWESTERN,PKWY,,,,,,,,38.275033506,-85.796994767,1.560,2/3/2021 12:00:00 AM,2136,2,2,0,3,CLEAR,DRY,True,HEAD-ON COLLISION,HEAD ON,STRAIGHT & LEVEL,DARK-HWY LIGHTED/ON,,,2/5/2021 8:12:59 AM,False,5329,Accepted,
27747430,0568000,LOUISVILLE METRO POLICE DEPT,Accepted,JEFFERSON,KY1934,,CANE RUN,RD,,,RICHMONT,,,,,38.197033783,-85.840475881,8.948,2/3/2021 12:00:00 AM,1426,2,2,0,1,CLEAR,DRY,False,SIDESWIPE-SAME DIRECTION,SIDESWIPE-SAME DIRECTION,STRAIGHT & LEVEL,DAYLIGHT,,,2/4/2021 8:09:26 AM,False,7437,Accepted,
27747438,0568000,LOUISVILLE METRO POLICE DEPT,Accepted,JEFFERSON,KY2860,2119,GRINSTEAD,DR,,,,,,,,38.239539984,-85.718837351,0.140,2/3/2021 12:00:00 AM,1300,3,3,0,0,CLEAR,DRY,True,1 VEHICLE PARKED POSITION (NOT PARKING LOT/DRIVEWAY),SIDESWIPE-SAME DIRECTION,STRAIGHT & HILLCREST,DARK-HWY LIGHTED/ON,,,2/4/2021 8:10:02 AM,True,5330,Accepted,
27772515,0568000,LOUISVILLE METRO POLICE DEPT,Accepted,JEFFERSON,KY3084,,OLD HENRY,RD,,,,,,,,38.271928614,-85.495665751,1.475,2/3/2021 12:00:00 AM,1215,2,2,0,2,CLEAR,DRY,False,OTHER ROADWAY OR MID-BLOCK COLLISION,OPPOSING LEFT TURN,STRAIGHT & LEVEL,DAYLIGHT,,,2/10/2021 3:53:56 PM,False,2454,Accepted,
27763549,0568000,LOUISVILLE METRO POLICE DEPT,Accepted,JEFFERSON,US0031E,,BARDSTOWN,RD,,,,,STORAGE,,FERNDALE,38.154813714,-85.589627999,5.909,2/3/2021 12:00:00 AM,1610,2,2,0,1,CLOUDY,DRY,False,1 VEHICLE ENTERING/LEAVING ENTRANCE,ANGLE,STRAIGHT & LEVEL,DAYLIGHT,,,2/8/2021 2:29:50 PM,False,2583,Accepted,
27763477,0568000,LOUISVILLE METRO POLICE DEPT,Accepted,JEFFERSON,KY1703,,NEWBURG,RD,,,GOLDSMITH,,,,,38.200145269,-85.684899718,1.992,2/3/2021 12:00:00 AM,2300,1,1,0,2,CLEAR,DRY,False,COLLISION WITH FIXED OBJECT IN INTERSECTION - FIRST EVENT COLLISION 09 - 32,SINGLE VEHICLE,STRAIGHT & LEVEL,DARK-HWY LIGHTED/ON,,,2/8/2021 2:25:49 PM,False,2217,Accepted,
27763161,0560600,WEST BUECHEL POLICE DEPT.,Accepted,JEFFERSON,,,BASHFORD MANOR,LN,,,MAYO,,,,,38.199928140,-85.670279749,0.376,2/3/2021 12:00:00 AM,2000,2,2,0,1,CLEAR,DRY,False,,ANGLE,STRAIGHT & LEVEL,DARK-HWY LIGHTED/ON,,,2/8/2021 12:48:50 PM,False,1295,Accepted,
27763488,0568000,LOUISVILLE METRO POLICE DEPT,Accepted,JEFFERSON,,,28TH,ST,S,,VIRGINIA,,,,,38.238128770,-85.800287114,1.594,2/2/2021 12:00:00 AM,1930,2,2,0,0,CLEAR,DRY,False,OPPOSITE DIRECTION - BOTH VEHICLES GOING STRAIGHT AHEAD,SIDESWIPE-OPPOSITE DIRECTION,STRAIGHT & LEVEL,DARK-HWY LIGHTED/ON,,,2/8/2021 2:26:36 PM,False,5256,Accepted,
27751923,0568000,LOUISVILLE METRO POLICE DEPT,Accepted,JEFFERSON,,,ST PAULS CHURCH,RD,,,,,,,,38.150217912,-85.835638227,0.072,2/2/2021 12:00:00 AM,0941,1,1,0,1,CLEAR,DRY,False,COLLISION WITH FIXED OBJECT NON - INTERSECTION - FIRST EVENT COLLISION 09 - 32 EXCLUDING 16,SINGLE VEHICLE,STRAIGHT & LEVEL,DAYLIGHT,,,2/5/2021 8:06:52 AM,False,7339,Accepted,
27772556,0568000,LOUISVILLE METRO POLICE DEPT,Accepted,JEFFERSON,US0150,,BROADWAY,,W,,1ST,,,,,38.245713759,-85.753378493,2.656,2/2/2021 12:00:00 AM,0913,2,2,0,0,CLEAR,DRY,False,SIDESWIPE-SAME DIRECTION,SIDESWIPE-SAME DIRECTION,STRAIGHT & LEVEL,DAYLIGHT,,,2/10/2021 3:55:43 PM,False,7118,Accepted,
27774669,0568000,LOUISVILLE METRO POLICE DEPT,Accepted,JEFFERSON,I 0264,,I264 / TAYLOR BLVD,,,I 0264,I264 W EXIT9 OFF RAMP TO KY1865,,,,,38.189752157,-85.783369713,0.229,2/2/2021 12:00:00 AM,2315,2,2,0,0,CLEAR,DRY,True,OTHER INTERSECTION COLLISIONS,REAR END,CURVE & GRADE,DARK-HWY LIGHTED/ON,,,2/11/2021 11:18:29 AM,False,7691,Accepted,
27743024,0568000,LOUISVILLE METRO POLICE DEPT,Accepted,JEFFERSON,KY1447,,WESTPORT,RD,,I 0265,I265 N EXIT33 OFF RAMP TO KY1447,,,,,38.297958783,-85.547031000,6.751,2/2/2021 12:00:00 AM,1252,3,3,0,1,CLEAR,DRY,False,OPPOSING LEFT TURN,OPPOSING LEFT TURN,CURVE & LEVEL,DAYLIGHT,,,2/3/2021 8:27:38 AM,False,6929,Accepted,
27743025,0568000,LOUISVILLE METRO POLICE DEPT,Accepted,JEFFERSON,,,WILSON,AVE,,US0031W,22ND,,,,,38.234890509,-85.790391723,0.839,2/2/2021 12:00:00 AM,1355,2,2,0,2,CLEAR,DRY,True,ANGLE COLLISION - OTHER,ANGLE,STRAIGHT & LEVEL,DAYLIGHT,,,2/3/2021 8:27:42 AM,False,5179,Accepted,
27743047,0568000,LOUISVILLE METRO POLICE DEPT,Accepted,JEFFERSON,KY1934,,CANE RUN,RD,,,WILKIE,,,,,38.178908798,-85.860221153,7.294,2/2/2021 12:00:00 AM,0651,2,2,0,1,CLEAR,DRY,False,ANGLE COLLISION - ONE VEHICLE TURNING LEFT,ANGLE,STRAIGHT & LEVEL,DAWN,,,2/3/2021 8:28:55 AM,False,5048,Accepted,
27743048,0568000,LOUISVILLE METRO POLICE DEPT,Accepted,JEFFERSON,,,26TH,ST,S,,VIRGINIA,,,,,38.237781816,-85.796251364,1.594,2/2/2021 12:00:00 AM,1917,2,2,0,1,CLEAR,DRY,True,COLLISION WITH FIXED OBJECT IN INTERSECTION - FIRST EVENT COLLISION 09 - 32,ANGLE,STRAIGHT & LEVEL,DARK-HWY LIGHTED/ON,,,2/3/2021 8:28:58 AM,False,5164,Accepted,
27743450,0561500,UNIV. OF LOUISVILLE POLICE,Accepted,JEFFERSON,US0060A,,3RD,ST,S,,,,,,,38.211553711,-85.762834900,3.255,2/2/2021 12:00:00 AM,2015,3,3,0,0,CLOUDY,DRY,False,COLLISION WITH FIXED OBJECT NON - INTERSECTION - FIRST EVENT COLLISION 09 - 32 EXCLUDING 16,REAR END,STRAIGHT & LEVEL,DARK (UNKNOWN ROADWAY LIGHTING),,,2/3/2021 10:14:24 AM,False,5691,Accepted,
27743038,0568000,LOUISVILLE METRO POLICE DEPT,Accepted,JEFFERSON,,1618,RICHMOND,DR,,,,,,,,38.221133301,-85.708734409,0.677,2/2/2021 12:00:00 AM,1617,1,1,0,0,CLOUDY,DRY,False,COLLISION WITH FIXED OBJECT NON - INTERSECTION - FIRST EVENT COLLISION 09 - 32 EXCLUDING 16,SINGLE VEHICLE,STRAIGHT & HILLCREST,DAYLIGHT,,,2/3/2021 8:28:26 AM,False,7960,Accepted,
27743033,0568000,LOUISVILLE METRO POLICE DEPT,Accepted,JEFFERSON,KY0022,,BROWNSBORO,RD,,,,,,,,38.289574409,-85.617818032,1.115,2/2/2021 12:00:00 AM,1153,1,1,0,0,CLEAR,DRY,False,COLLISION WITH FIXED OBJECT NON - INTERSECTION - FIRST EVENT COLLISION 09 - 32 EXCLUDING 16,SINGLE VEHICLE,STRAIGHT & LEVEL,DAYLIGHT,,,2/3/2021 8:28:17 AM,False,7839,Accepted,
27743040,0568000,LOUISVILLE METRO POLICE DEPT,Accepted,JEFFERSON,,,MANSLICK,RD,,,,,,,,38.146985245,-85.790412545,0.423,2/2/2021 12:00:00 AM,1502,2,2,0,0,CLEAR,DRY,False,HEAD-ON COLLISION,HEAD ON,CURVE & HILLCREST,DAYLIGHT,,,2/3/2021 8:28:30 AM,False,7234,Accepted,
27743041,0568000,LOUISVILLE METRO POLICE DEPT,Accepted,JEFFERSON,KY0864,,POPLAR LEVEL,RD,,,NAOMI,,,,,38.165289090,-85.680387394,8.725,2/2/2021 12:00:00 AM,1807,3,3,0,1,CLOUDY,DRY,False,ANGLE COLLISION - OTHER,ANGLE,STRAIGHT & LEVEL,DUSK,,,2/3/2021 8:28:34 AM,False,7451,Accepted,
27785087,0568000,LOUISVILLE METRO POLICE DEPT,Accepted,JEFFERSON,KY1865,,NEW CUT,RD,,KY1065,OUTER,,,,,38.126348274,-85.776162269,1.260,2/2/2021 12:00:00 AM,1139,2,2,0,0,CLEAR,DRY,True,OTHER INTERSECTION COLLISIONS,REAR END,STRAIGHT & LEVEL,DAYLIGHT,,,2/15/2021 11:22:49 AM,False,7080,Accepted,
27743035,0568000,LOUISVILLE METRO POLICE DEPT,Accepted,JEFFERSON,US0031W,,DIXIE,HWY,,,,,,,,38.172623277,-85.825002931,13.662,2/2/2021 12:00:00 AM,1702,2,2,0,0,CLOUDY,DRY,True,COLLISION IN PARKING LOT,ANGLE,STRAIGHT & LEVEL,DAYLIGHT,,,2/3/2021 8:28:21 AM,False,7340,Accepted,
27743042,0568000,LOUISVILLE METRO POLICE DEPT,Accepted,JEFFERSON,,,PAYNE,ST,,,SPRING,,,,,38.251571962,-85.718912524,0.767,2/2/2021 12:00:00 AM,0530,2,2,0,2,CLEAR,DRY,False,ANGLE COLLISION - OTHER,ANGLE,STRAIGHT & LEVEL,DARK-HWY LIGHTED/ON,,,2/3/2021 8:28:37 AM,False,5243,Accepted,
27743079,0564400,INDIAN HILLS POLICE DEPARTMENT,Accepted,JEFFERSON,,1900,RUDY,LN,,,BAINBRIDGE ROW,,,,,38.279171876,-85.638916750,0.066,2/2/2021 12:00:00 AM,1513,2,2,0,0,CLEAR,DRY,False,OTHER INTERSECTION COLLISIONS,REAR TO REAR,STRAIGHT & LEVEL,DAYLIGHT,,,2/3/2021 8:40:19 AM,False,4433,Accepted,
27738434,0568000,LOUISVILLE METRO POLICE DEPT,Accepted,JEFFERSON,,2915,DUMESNIL,ST,,,,,,,,38.236925066,-85.802118392,0.989,2/2/2021 12:00:00 AM,0700,2,2,0,0,CLEAR,DRY,False,1 VEHICLE PARKED POSITION (NOT PARKING LOT/DRIVEWAY),SIDESWIPE-SAME DIRECTION,STRAIGHT & LEVEL,DAWN,,,2/2/2021 8:04:49 AM,False,5256,Accepted,
27743022,0568000,LOUISVILLE METRO POLICE DEPT,Accepted,JEFFERSON,KY0061,,PRESTON,HWY,,,HUNTINGTON,,,,,38.141702502,-85.688537282,4.196,2/2/2021 12:00:00 AM,1102,2,2,0,0,CLEAR,DRY,False,OPPOSING LEFT TURN,OPPOSING LEFT TURN,STRAIGHT & LEVEL,DAYLIGHT,,,2/3/2021 8:27:12 AM,False,4693,Accepted,
27743023,0568000,LOUISVILLE METRO POLICE DEPT,Accepted,JEFFERSON,KY1747,,HURSTBOURNE,PKWY,S,,FEGENBUSH,,,,,38.161311478,-85.640880569,5.141,2/2/2021 12:00:00 AM,1303,2,2,0,0,CLOUDY,DRY,False,OTHER INTERSECTION COLLISIONS,REAR END,STRAIGHT & LEVEL,DAYLIGHT,,,2/3/2021 8:27:25 AM,False,4693,Accepted,
27743026,0568000,LOUISVILLE METRO POLICE DEPT,Accepted,JEFFERSON,,,HURSTBOURNE,TRCE,,,,KY1747,HURSTBOURNE,,WHITTINGTON,38.250873720,-85.581316828,0.126,2/2/2021 12:00:00 AM,1434,2,2,0,0,CLEAR,DRY,True,1 VEHICLE ENTERING/LEAVING ENTRANCE,ANGLE,STRAIGHT & LEVEL,DAYLIGHT,,,2/3/2021 8:27:45 AM,False,7337,Accepted,
27743028,0568000,LOUISVILLE METRO POLICE DEPT,Accepted,JEFFERSON,US0060,,SHELBYVILLE,RD,,,LYNDON,,,,,38.248175395,-85.598855018,6.660,2/2/2021 12:00:00 AM,0657,3,3,0,1,CLEAR,DRY,False,ANGLE COLLISION - OTHER,ANGLE,STRAIGHT & LEVEL,DAWN,,,2/3/2021 8:27:56 AM,False,6456,Accepted,
27738421,0568000,LOUISVILLE METRO POLICE DEPT,Accepted,JEFFERSON,KY1020,,2ND,ST,S,US0150,BROADWAY,,,,,38.245837082,-85.755030177,12.096,2/1/2021 12:00:00 AM,2100,2,1,0,1,CLOUDY,WET,False,COLLISION WITH PEDESTRIAN IN INTERSECTION,SINGLE VEHICLE,STRAIGHT & LEVEL,DARK-HWY LIGHTED/ON,,,2/2/2021 8:04:36 AM,False,7912,Accepted,
27734951,0568000,LOUISVILLE METRO POLICE DEPT,Accepted,JEFFERSON,,,PHILLIPS,LN,,,FREEDOM,,,,,38.193890358,-85.739089113,0.775,2/1/2021 12:00:00 AM,0205,2,2,0,0,SNOWING,WET,True,ANGLE COLLISION - OTHER,ANGLE,STRAIGHT & LEVEL,DARK-HWY LIGHTED/ON,,,2/1/2021 11:02:00 AM,False,5314,Accepted,
27734960,0568000,LOUISVILLE METRO POLICE DEPT,Accepted,JEFFERSON,US0031,,CLARK MEMORIAL,BRG,,,,,,,,38.260543636,-85.752358725,0.301,2/1/2021 12:00:00 AM,0702,5,5,0,2,SLEET HAIL FREEZING RAIN,ICE,False,HEAD-ON COLLISION,HEAD ON,STRAIGHT & LEVEL,DARK-HWY LIGHTED/OFF,,,2/1/2021 11:03:10 AM,True,5328,Accepted,
27734967,0568000,LOUISVILLE METRO POLICE DEPT,Accepted,JEFFERSON,US0031E,,BARDSTOWN,RD,,,ICHABOD,,,,,38.131537690,-85.578238247,4.172,2/1/2021 12:00:00 AM,0800,2,2,0,0,SNOWING,SNOW/SLUSH,False,ANGLE COLLISION - OTHER,ANGLE,STRAIGHT & LEVEL,DAYLIGHT,,,2/1/2021 11:04:24 AM,False,7278,Accepted,
27738417,0568000,LOUISVILLE METRO POLICE DEPT,Accepted,JEFFERSON,KY1865,,NEW CUT,RD,,,PARK,,,,,38.159350194,-85.778543232,3.602,2/1/2021 12:00:00 AM,1625,2,2,0,0,CLOUDY,DRY,False,REAR END - ONE VEHICLE TURNING RIGHT,REAR END,STRAIGHT & LEVEL,DAYLIGHT,,,2/2/2021 8:04:17 AM,False,5296,Accepted,
27736546,0561000,JEFFERSONTOWN POLICE DEPT,Accepted,JEFFERSON,I 0064,,I64 E,,,,,,,,,38.223043253,-85.576971143,15.137,2/1/2021 12:00:00 AM,0713,2,2,0,0,SLEET HAIL FREEZING RAIN,SNOW/SLUSH,False,SIDESWIPE COLLISION - SAME DIRECTION,SIDESWIPE-SAME DIRECTION,CURVE & LEVEL,DARK-HWY NOT LIGHTED,,,2/1/2021 4:38:31 PM,False,8318,Accepted,
27738409,0568000,LOUISVILLE METRO POLICE DEPT,Accepted,JEFFERSON,,,ALTA VISTA,RD,,,,,,,,38.244867702,-85.687661364,0.038,2/1/2021 12:00:00 AM,0121,2,2,0,0,CLOUDY,WET,False,SIDESWIPE COLLISION - SAME DIRECTION,SIDESWIPE-SAME DIRECTION,CURVE & GRADE,DAYLIGHT,,,2/2/2021 8:03:41 AM,False,7028,Accepted,
27738410,0568000,LOUISVILLE METRO POLICE DEPT,Accepted,JEFFERSON,,6001,GELLHAUS,LN,,,,,,,,38.157805860,-85.541695844,0.695,2/1/2021 12:00:00 AM,0715,1,1,0,0,SLEET HAIL FREEZING RAIN,WET,False,RAN OFF ROADWAY (1 VEHICLE WITH/EARTH EMBANKMENT/DITCH),SINGLE VEHICLE,CURVE & HILLCREST,DARK (UNKNOWN ROADWAY LIGHTING),,,2/2/2021 8:03:45 AM,False,4693,Accepted,
27751919,0568000,LOUISVILLE METRO POLICE DEPT,Accepted,JEFFERSON,US0031W,,DR W J HODGE,ST,,,,,,,,38.236845665,-85.788673130,18.792,2/1/2021 12:00:00 AM,1600,1,1,0,0,CLEAR,DRY,False,COLLISION WITH FIXED OBJECT NON - INTERSECTION - FIRST EVENT COLLISION 09 - 32 EXCLUDING 16,SINGLE VEHICLE,CURVE & LEVEL,DAYLIGHT,,,2/5/2021 8:06:28 AM,False,5114,Accepted,
27747415,0568000,LOUISVILLE METRO POLICE DEPT,Accepted,JEFFERSON,US0150,,BROADWAY,,W,US0031W,DR W J HODGE,,,,,38.249167506,-85.786680068,0.817,2/1/2021 12:00:00 AM,2206,2,2,0,2,CLEAR,DRY,False,OTHER INTERSECTION COLLISIONS,REAR END,STRAIGHT & LEVEL,DARK-HWY NOT LIGHTED,,,2/4/2021 8:08:24 AM,False,2308,Accepted,
27734946,0568000,LOUISVILLE METRO POLICE DEPT,Accepted,JEFFERSON,US0031E,,BARDSTOWN,RD,,,CUMNOCK,,,,,38.166994000,-85.602191711,6.935,2/1/2021 12:00:00 AM,0240,1,1,0,0,BLOWING SAND/SOIL/DIRT/SNOW,WET,True,COLLISION WITH FIXED OBJECT IN INTERSECTION - FIRST EVENT COLLISION 09 - 32,SINGLE VEHICLE,STRAIGHT & LEVEL,DARK-HWY LIGHTED/ON,,,2/1/2021 11:00:54 AM,False,2775,Accepted,
27738415,0568000,LOUISVILLE METRO POLICE DEPT,Accepted,JEFFERSON,I 0064,,I64 W,,,,,,,,,38.249619648,-85.708689996,7.327,2/1/2021 12:00:00 AM,1104,1,1,0,0,CLOUDY,WET,False,OTHER ROADWAY OR MID-BLOCK COLLISION,SINGLE VEHICLE,STRAIGHT & LEVEL,DAYLIGHT,,,2/2/2021 8:04:07 AM,False,8278,Accepted,
27738423,0568000,LOUISVILLE METRO POLICE DEPT,Accepted,JEFFERSON,,,MARKET,ST,W,,,,,,,38.259562027,-85.794130557,0.422,2/1/2021 12:00:00 AM,2231,1,1,0,2,CLEAR,DRY,False,COLLISION WITH FIXED OBJECT NON - INTERSECTION - FIRST EVENT COLLISION 09 - 32 EXCLUDING 16,SINGLE VEHICLE,STRAIGHT & LEVEL,DARK-HWY LIGHTED/ON,,,2/2/2021 8:04:43 AM,False,5338,Accepted,
27738433,0568000,LOUISVILLE METRO POLICE DEPT,Accepted,JEFFERSON,,2000,NELSON MILLER,PKWY,,,,,,,,38.270223307,-85.507161253,0.976,2/1/2021 12:00:00 AM,2010,3,3,0,0,SNOWING,SNOW/SLUSH,False,COLLISION IN PARKING LOT,HEAD ON,STRAIGHT & LEVEL,DARK (UNKNOWN ROADWAY LIGHTING),,,2/2/2021 8:04:46 AM,False,7440,Accepted,
27740806,0561500,UNIV. OF LOUISVILLE POLICE,Accepted,JEFFERSON,,,CARDINAL,BLVD,W,,,,,,,38.220706262,-85.761162589,0.169,2/1/2021 12:00:00 AM,1949,2,2,0,0,CLEAR,DRY,False,1 VEHICLE ENTERING/LEAVING ENTRANCE,ANGLE,STRAIGHT & LEVEL,DARK (UNKNOWN ROADWAY LIGHTING),,,2/2/2021 5:20:07 PM,False,5691,Accepted,
27787003,0568000,LOUISVILLE METRO POLICE DEPT,Accepted,JEFFERSON,,,GRINSTEAD,DR,,,,I 0064,I64 E EXIT8 OFF RAMP TO  GRINSTEAD DR,,LEXINGTON,38.246579765,-85.700981275,0.190,2/1/2021 12:00:00 AM,1831,3,3,0,0,CLEAR,DRY,False,REAR END IN TRAFFIC LANES BOTH VEHICLES MOVING,REAR END,STRAIGHT & LEVEL,DARK-HWY NOT LIGHTED,,,2/16/2021 10:50:51 AM,False,5006,Accepted,
27791864,0568000,LOUISVILLE METRO POLICE DEPT,Accepted,JEFFERSON,KY1020,,2ND,ST,S,US0031E,MARKET,,,,,38.254893469,-85.753568715,12.722,2/1/2021 12:00:00 AM,1709,2,2,0,0,CLOUDY,SNOW/SLUSH,False,ANGLE COLLISION - OTHER,ANGLE,STRAIGHT & LEVEL,DAYLIGHT,,,2/18/2021 8:34:00 AM,False,2404,Accepted,
27747419,0568000,LOUISVILLE METRO POLICE DEPT,Accepted,JEFFERSON,,,ORMSBY,AVE,W,,,,,,,38.232780985,-85.759337091,0.199,2/1/2021 12:00:00 AM,1718,2,2,0,0,CLOUDY,DRY,False,1 VEHICLE PARKED POSITION (NOT PARKING LOT/DRIVEWAY),BACKING,STRAIGHT & LEVEL,DAYLIGHT,,,2/4/2021 8:08:43 AM,False,2543,Accepted,
27751946,0568000,LOUISVILLE METRO POLICE DEPT,Accepted,JEFFERSON,US0150,,BROADWAY,,W,US0031W,DR W J HODGE,,,,,38.249226205,-85.786531651,0.821,2/1/2021 12:00:00 AM,0113,1,1,0,0,SLEET HAIL FREEZING RAIN,WET,False,COLLISION WITH FIXED OBJECT IN INTERSECTION - FIRST EVENT COLLISION 09 - 32,SINGLE VEHICLE,STRAIGHT & LEVEL,DARK-HWY LIGHTED/ON,,,2/5/2021 8:12:01 AM,False,5047,Accepted,
27743030,0568000,LOUISVILLE METRO POLICE DEPT,Accepted,JEFFERSON,US0150,,BROADWAY,,W,,13TH,,,,,38.247869526,-85.773266863,1.564,2/1/2021 12:00:00 AM,1445,2,2,0,3,CLEAR,DRY,False,ANGLE COLLISION - OTHER,ANGLE,STRAIGHT & LEVEL,DAYLIGHT,,,2/3/2021 8:28:04 AM,False,2217,Accepted,
27738412,0568000,LOUISVILLE METRO POLICE DEPT,Accepted,JEFFERSON,KY1865,,TAYLOR,BLVD,,,BICKNELL,,,,,38.183124776,-85.783767676,5.286,2/1/2021 12:00:00 AM,1630,2,2,0,0,CLOUDY,WET,True,OPPOSING LEFT TURN,OPPOSING LEFT TURN,STRAIGHT & LEVEL,DAYLIGHT,,,2/2/2021 8:03:54 AM,False,7204,Accepted,
27738418,0568000,LOUISVILLE METRO POLICE DEPT,Accepted,JEFFERSON,KY1020,,NATIONAL,TPKE,,,SAM,,,,,38.145024482,-85.757396280,4.988,2/1/2021 12:00:00 AM,2117,2,2,0,2,CLEAR,DRY,False,ANGLE COLLISION - OTHER,ANGLE,STRAIGHT & LEVEL,DARK-HWY LIGHTED/ON,,,2/2/2021 8:04:24 AM,False,5209,Accepted,
27738420,0568000,LOUISVILLE METRO POLICE DEPT,Accepted,JEFFERSON,,,MARKET,ST,W,,,,26TH,,28TH,38.259559142,-85.794118653,0.421,2/1/2021 12:00:00 AM,2231,1,1,0,0,CLEAR,DRY,False,OTHER ROADWAY OR MID-BLOCK COLLISION,SINGLE VEHICLE,STRAIGHT & LEVEL,DARK-HWY LIGHTED/ON,,,2/2/2021 8:04:33 AM,False,7311,Accepted,
27751942,0568000,LOUISVILLE METRO POLICE DEPT,Accepted,JEFFERSON,,,KLONDIKE,LN,,,PULLIAM,,,,,38.201383148,-85.642180858,0.226,2/1/2021 12:00:00 AM,0525,2,2,0,0,SNOWING,SNOW/SLUSH,False,ANGLE COLLISION - OTHER,ANGLE,STRAIGHT & LEVEL,DARK (UNKNOWN ROADWAY LIGHTING),,,2/5/2021 8:10:45 AM,False,7200,Accepted,
27772518,0568000,LOUISVILLE METRO POLICE DEPT,Accepted,JEFFERSON,KY1931,,MANSLICK,RD,,,,,,,,38.164901388,-85.797601670,6.212,2/1/2021 12:00:00 AM,1537,3,3,0,2,CLOUDY,WET,False,1 VEHICLE ENTERING/LEAVING ENTRANCE,ANGLE,STRAIGHT & LEVEL,DAYLIGHT,,,2/10/2021 3:54:11 PM,False,7234,Accepted,
27763543,0568000,LOUISVILLE METRO POLICE DEPT,Accepted,JEFFERSON,,,OAK,ST,W,,4TH,,,,,38.235010607,-85.760312596,0.272,2/1/2021 12:00:00 AM,2338,2,1,0,1,CLOUDY,DRY,False,COLLISION WITH PEDESTRIAN IN INTERSECTION,SINGLE VEHICLE,STRAIGHT & LEVEL,DARK-HWY LIGHTED/ON,,,2/8/2021 2:29:28 PM,False,5152,Accepted,
27777368,0568000,LOUISVILLE METRO POLICE DEPT,Accepted,JEFFERSON,,2914,CONESTOGA,AVE,,,,,,,,38.226942200,-85.804818182,0.302,2/1/2021 12:00:00 AM,0921,1,1,0,0,SNOWING,SNOW/SLUSH,False,COLLISION WITH FIXED OBJECT NON - INTERSECTION - FIRST EVENT COLLISION 09 - 32 EXCLUDING 16,SINGLE VEHICLE,STRAIGHT & LEVEL,DAYLIGHT,,,2/12/2021 10:51:12 AM,False,7656,Accepted,
27777374,0568000,LOUISVILLE METRO POLICE DEPT,Accepted,JEFFERSON,KY1747,,HURSTBOURNE,PKWY,S,,,,,,,38.162246750,-85.633866294,5.567,2/1/2021 12:00:00 AM,1925,2,2,0,0,CLEAR,DRY,False,SIDESWIPE COLLISION - SAME DIRECTION,SIDESWIPE-SAME DIRECTION,STRAIGHT & LEVEL,DARK-HWY LIGHTED/OFF,,,2/12/2021 10:51:41 AM,False,7449,Accepted,
27772555,0568000,LOUISVILLE METRO POLICE DEPT,Accepted,JEFFERSON,,,MUHAMMAD ALI,BLVD,E,,1ST,,,,,38.250591558,-85.752523194,1.038,2/1/2021 12:00:00 AM,1320,2,2,0,2,CLOUDY,WET,False,ANGLE COLLISION - OTHER,ANGLE,STRAIGHT & LEVEL,DAYLIGHT,,,2/10/2021 3:55:39 PM,False,6360,Accepted,