IncidentID,AgencyORI,AgencyName,IncidentStatusDesc,County,RdwyNumber,Street,RoadwayName,StreetSfx,StreetDir,IntersectionRdwy,IntersectionRdwyName,BetweenStRdwy1,BetweenStRdwyName1,BetweenStRdwy2,BetweenStRdwyName2,Latitude,Longitude,Milepoint,CollisionDate,CollisionTime,UnitsInvolved,MotorVehiclesInvolved,NumberKilled,NumberInjured,Weather,RdwyConditionCode,HitandRun,DirAnalysisCode,MannerofCollision,RdwyCharacter,LightCondition,RampFromRdwyId,RampToRdwyId,AcceptedDate,IsSecondaryCollision,OwnerBadge,IncidentStatus,
28101985,0568000,LOUISVILLE METRO POLICE DEPT,Accepted,JEFFERSON,,,CHESTNUT,ST,W,,28TH,,,,,38.253380233,-85.797620048,0.180,2/1/2021 12:00:00 AM,1820,2,2,0,1,CLEAR,DRY,True,ANGLE COLLISION - OTHER,ANGLE,STRAIGHT & LEVEL,DARK (UNKNOWN ROADWAY LIGHTING),,,5/7/2021 8:06:16 AM,False,5108,Accepted,
29312659,0568000,LOUISVILLE METRO POLICE DEPT,Accepted,JEFFERSON,,2308,NORTHWESTERN,PKWY,,,,,,,,38.273987743,-85.789493692,1.158,1/31/2021 12:00:00 AM,1940,2,2,0,0,RAINING,WET,False,1 VEHICLE PARKED POSITION (NOT PARKING LOT/DRIVEWAY),SIDESWIPE-SAME DIRECTION,STRAIGHT & LEVEL,DARK-HWY LIGHTED/ON,,,11/15/2021 8:21:28 AM,False,5329,Accepted,
27752041,0568000,LOUISVILLE METRO POLICE DEPT,Accepted,JEFFERSON,,,HANCOCK,ST,S,,MUHAMMAD ALI,,,,,38.249543734,-85.742803063,0.380,1/31/2021 12:00:00 AM,1748,2,2,0,0,CLOUDY,DRY,False,ANGLE COLLISION - OTHER,ANGLE,STRAIGHT & LEVEL,DAYLIGHT,,,2/5/2021 8:30:54 AM,False,5251,Accepted,
27763548,0568000,LOUISVILLE METRO POLICE DEPT,Accepted,JEFFERSON,KY1065,,OUTER,LOOP,,,ROBBS,,,,,38.137875577,-85.665265875,7.231,1/31/2021 12:00:00 AM,1140,2,2,0,1,CLOUDY,DRY,False,ANGLE COLLISION - OTHER,ANGLE,STRAIGHT & LEVEL,DAYLIGHT,,,2/8/2021 2:29:47 PM,False,2583,Accepted,
27747417,0568000,LOUISVILLE METRO POLICE DEPT,Accepted,JEFFERSON,US0031E,,BARDSTOWN,RD,,,,,CEDARLOOK,,BROOKRIDGE VILLAGE,38.146039549,-85.585370123,5.256,1/31/2021 12:00:00 AM,1408,3,3,0,0,CLEAR,WET,False,REAR END IN TRAFFIC LANES BOTH VEHICLES MOVING,REAR END,STRAIGHT & LEVEL,DAYLIGHT,,,2/4/2021 8:08:36 AM,False,2321,Accepted,
27734937,0568000,LOUISVILLE METRO POLICE DEPT,Accepted,JEFFERSON,KY0061,,PRESTON,HWY,,,CANAL,,,,,38.146447194,-85.691161668,4.554,1/31/2021 12:00:00 AM,2118,2,2,0,0,SNOWING,WET,True,HEAD-ON COLLISION,HEAD ON,STRAIGHT & LEVEL,DARK-HWY LIGHTED/ON,,,2/1/2021 11:00:15 AM,False,5198,Accepted,
27734949,0568000,LOUISVILLE METRO POLICE DEPT,Accepted,JEFFERSON,,,BURNETT,AVE,E,US0060A,EASTERN,,,,,38.218845411,-85.735305008,1.369,1/31/2021 12:00:00 AM,2229,2,2,0,0,RAINING,WET,False,ANGLE COLLISION - OTHER,ANGLE,STRAIGHT & LEVEL,DARK-HWY LIGHTED/ON,,,2/1/2021 11:01:21 AM,False,5300,Accepted,
27734950,0568000,LOUISVILLE METRO POLICE DEPT,Accepted,JEFFERSON,KY1142,1048,PALATKA,RD,,,,,,,,38.152385525,-85.787853940,0.808,1/31/2021 12:00:00 AM,2218,2,2,0,1,CLEAR,WET,False,1 VEHICLE ENTERING/LEAVING ENTRANCE,ANGLE,STRAIGHT & GRADE,DARK-HWY NOT LIGHTED,,,2/1/2021 11:01:47 AM,False,5121,Accepted,
27734945,0568000,LOUISVILLE METRO POLICE DEPT,Accepted,JEFFERSON,KY1531,2114,JOHNSON,RD,,,,,,,,38.264256362,-85.455001898,11.507,1/31/2021 12:00:00 AM,0131,1,1,0,0,RAINING,WET,False,OTHER COLLISIONS ON SHOULDER,SINGLE VEHICLE,CURVE & LEVEL,DARK-HWY NOT LIGHTED,,,2/1/2021 11:00:48 AM,False,5228,Accepted,
27734936,0568000,LOUISVILLE METRO POLICE DEPT,Accepted,JEFFERSON,KY1934,,CANE RUN,RD,,,HARTLAGE,,,,,38.199970975,-85.836726363,9.240,1/31/2021 12:00:00 AM,2028,2,2,0,0,CLEAR,WET,False,ANGLE COLLISION - OTHER,ANGLE,STRAIGHT & LEVEL,DARK-HWY LIGHTED/ON,,,2/1/2021 11:00:04 AM,False,5181,Accepted,
27734942,0568000,LOUISVILLE METRO POLICE DEPT,Accepted,JEFFERSON,I 0265,,,,,,,,,,,38.298560993,-85.547418746,0.268,1/31/2021 12:00:00 AM,0011,2,2,0,0,RAINING,WET,False,OTHER RAMP RELATED COLLISIONS NOT LISTED ABOVE,SIDESWIPE-OPPOSITE DIRECTION,CURVE & GRADE,DARK-HWY LIGHTED/ON,I 0265,KY1447,2/1/2021 11:00:34 AM,False,7098,Accepted,
27734944,0568000,LOUISVILLE METRO POLICE DEPT,Accepted,JEFFERSON,,,26TH,ST,S,,HALE,,,,,38.239035113,-85.796095571,1.495,1/31/2021 12:00:00 AM,2200,2,2,0,0,RAINING,WET,True,ANGLE COLLISION - OTHER,ANGLE,STRAIGHT & LEVEL,DARK-HWY LIGHTED/ON,,,2/1/2021 11:00:42 AM,False,5216,Accepted,
27734918,0568000,LOUISVILLE METRO POLICE DEPT,Accepted,JEFFERSON,I 0065,,I65 N,,,I 0065,I65 N EXIT134 ON RAMP FROM US61,,,,,38.224545604,-85.751030207,133.767,1/31/2021 12:00:00 AM,0650,5,5,0,0,RAINING,WET,False,OTHER INTERSECTION COLLISIONS,REAR END,CURVE & GRADE,DARK-HWY LIGHTED/ON,,,2/1/2021 10:59:32 AM,False,7257,Accepted,
27734919,0568000,LOUISVILLE METRO POLICE DEPT,Accepted,JEFFERSON,,1048,PALATKA,RD,,,,,,,,38.147367864,-85.767152185,0.037,1/31/2021 12:00:00 AM,1629,1,1,0,1,CLOUDY,DRY,False,OTHER ROADWAY OR MID-BLOCK COLLISION,SINGLE VEHICLE,STRAIGHT & LEVEL,DAYLIGHT,,,2/1/2021 10:59:43 AM,False,7427,Accepted,
27734927,0568000,LOUISVILLE METRO POLICE DEPT,Accepted,JEFFERSON,KY0864,4239,POPLAR LEVEL,RD,,,,,,,,38.198490100,-85.707851426,11.518,1/31/2021 12:00:00 AM,1247,2,2,0,0,CLEAR,DRY,False,HEAD-ON COLLISION,HEAD ON,STRAIGHT & LEVEL,DAYLIGHT,,,2/1/2021 10:59:50 AM,False,5106,Accepted,
27734915,0568000,LOUISVILLE METRO POLICE DEPT,Accepted,JEFFERSON,I 0065,,I65 N,,,,,I 0065,I65 N EXIT133 OFF RAMP TO  WARNOCK ST,I 0065,I65 N EXIT133A OFF RAMP TO  EASTERN PKWY,38.210993752,-85.752962717,132.824,1/31/2021 12:00:00 AM,1430,2,2,0,0,CLOUDY,DRY,False,SIDESWIPE COLLISION - SAME DIRECTION,SIDESWIPE-SAME DIRECTION,STRAIGHT & LEVEL,DAYLIGHT,,,2/1/2021 10:59:20 AM,False,2499,Accepted,
27734908,0568000,LOUISVILLE METRO POLICE DEPT,Accepted,JEFFERSON,KY1747,,FERN VALLEY,RD,,,OLD FERN VALLEY,,,,,38.157472326,-85.686330319,2.514,1/31/2021 12:00:00 AM,0240,2,2,0,0,RAINING,WET,False,ANGLE COLLISION - OTHER,ANGLE,STRAIGHT & LEVEL,DARK-HWY NOT LIGHTED,,,2/1/2021 10:58:51 AM,False,5261,Accepted,
27734916,0568000,LOUISVILLE METRO POLICE DEPT,Accepted,JEFFERSON,KY0061,,PRESTON,ST,S,US0060A,EASTERN,,,,,38.215599991,-85.743995637,10.191,1/31/2021 12:00:00 AM,0144,2,2,0,0,RAINING,WET,False,ANGLE COLLISION - OTHER,ANGLE,STRAIGHT & LEVEL,DAYLIGHT,,,2/1/2021 10:59:24 AM,False,7400,Accepted,
27734917,0568000,LOUISVILLE METRO POLICE DEPT,Accepted,JEFFERSON,KY0061,,PRESTON,HWY,,,GLEN ROSE,,,,,38.113926508,-85.675975840,2.124,1/31/2021 12:00:00 AM,1530,2,2,0,0,RAINING,WET,False,OTHER INTERSECTION COLLISIONS,REAR END,STRAIGHT & LEVEL,DAYLIGHT,,,2/1/2021 10:59:27 AM,False,7914,Accepted,
27734932,0568000,LOUISVILLE METRO POLICE DEPT,Accepted,JEFFERSON,,,FLOWERVALE,LN,,,,,LEWIS,,WINDING STREAM,38.083434732,-85.876099104,0.244,1/31/2021 12:00:00 AM,1250,2,2,0,1,RAINING,WET,False,1 VEHICLE ENTERING/LEAVING ENTRANCE,ANGLE,CURVE & LEVEL,DAYLIGHT,,,2/1/2021 10:59:57 AM,False,7232,Accepted,
27734939,0568000,LOUISVILLE METRO POLICE DEPT,Accepted,JEFFERSON,US0060A,,EASTERN,PKWY,,KY0864,GOSS,,,,,38.224112871,-85.730202959,5.532,1/31/2021 12:00:00 AM,1850,2,2,0,0,RAINING,WET,False,ANGLE COLLISION - OTHER,ANGLE,STRAIGHT & LEVEL,DARK-HWY LIGHTED/ON,,,2/1/2021 11:00:22 AM,False,7359,Accepted,
27734940,0568000,LOUISVILLE METRO POLICE DEPT,Accepted,JEFFERSON,US0031E,,BARDSTOWN,RD,,,BROOKRIDGE VILLAGE,,,,,38.145196181,-85.584978523,5.192,1/31/2021 12:00:00 AM,2145,5,5,0,0,RAINING,WET,True,OTHER INTERSECTION COLLISIONS,REAR END,STRAIGHT & LEVEL,DARK-HWY LIGHTED/ON,,,2/1/2021 11:00:26 AM,False,2775,Accepted,
27734906,0568000,LOUISVILLE METRO POLICE DEPT,Accepted,JEFFERSON,,909,CHEROKEE,RD,,,,,,,,38.242961783,-85.724536221,0.175,1/31/2021 12:00:00 AM,0323,1,1,0,0,RAINING,WET,False,COLLISION WITH FIXED OBJECT NON - INTERSECTION - FIRST EVENT COLLISION 09 - 32 EXCLUDING 16,SINGLE VEHICLE,CURVE & LEVEL,DARK-HWY LIGHTED/ON,,,2/1/2021 10:58:44 AM,False,7022,Accepted,
27734913,0568000,LOUISVILLE METRO POLICE DEPT,Accepted,JEFFERSON,US0031E,,BARDSTOWN,RD,,,BRENTLINGER,,,,,38.134143588,-85.579603235,4.373,1/31/2021 12:00:00 AM,1138,3,3,0,2,RAINING,WET,False,ANGLE COLLISION - ONE VEHICLE TURNING LEFT,ANGLE,STRAIGHT & LEVEL,DAYLIGHT,,,2/1/2021 10:59:06 AM,False,6878,Accepted,
27734929,0568000,LOUISVILLE METRO POLICE DEPT,Accepted,JEFFERSON,KY0907,,3RD ST,RD,,,,,CRISTLAND,,ROYAL GARDENS,38.140305770,-85.781934093,5.786,1/30/2021 12:00:00 AM,1914,3,3,0,2,RAINING,WET,False,1 VEHICLE ENTERING/LEAVING ENTRANCE,ANGLE,STRAIGHT & GRADE,DUSK,,,2/1/2021 10:59:53 AM,True,7232,Accepted,
27734907,0568000,LOUISVILLE METRO POLICE DEPT,Accepted,JEFFERSON,I 0065,,I65 S,,,,,,,,,38.174241511,-85.720036998,129.462,1/30/2021 12:00:00 AM,2348,2,2,0,4,RAINING,WET,False,REAR END IN TRAFFIC LANES BOTH VEHICLES MOVING,REAR END,STRAIGHT & LEVEL,DARK-HWY LIGHTED/ON,,,2/1/2021 10:58:47 AM,False,5286,Accepted,
27734887,0568000,LOUISVILLE METRO POLICE DEPT,Accepted,JEFFERSON,US0031W,,DIXIE,HWY,,,,,,,,38.157421059,-85.833919971,12.526,1/30/2021 12:00:00 AM,1126,2,2,0,0,CLOUDY,DRY,False,SIDESWIPE COLLISION - SAME DIRECTION,SIDESWIPE-SAME DIRECTION,STRAIGHT & LEVEL,DAYLIGHT,,,2/1/2021 10:57:47 AM,False,7244,Accepted,
27734898,0568000,LOUISVILLE METRO POLICE DEPT,Accepted,JEFFERSON,US0031W,,DIXIE,HWY,,,PAGES,,,,,38.130187848,-85.847844806,10.499,1/30/2021 12:00:00 AM,1752,2,2,0,1,RAINING,WET,True,ANGLE COLLISION - ONE VEHICLE TURNING LEFT,ANGLE,,DUSK,,,2/1/2021 10:58:20 AM,False,2021,Accepted,
27734905,0568000,LOUISVILLE METRO POLICE DEPT,Accepted,JEFFERSON,KY1065,6450,OUTER,LOOP,,,,,,,,38.137391589,-85.639239697,8.663,1/30/2021 12:00:00 AM,2255,1,1,0,0,RAINING,WET,False,COLLISION IN PARKING LOT,SINGLE VEHICLE,STRAIGHT & LEVEL,OTHER,,,2/1/2021 10:58:41 AM,False,7106,Accepted,
27734886,0568000,LOUISVILLE METRO POLICE DEPT,Accepted,JEFFERSON,KY1934,,GREENBELT,HWY,,,,KY1230,LOWER RIVER,US0031W,US31W RAMP FROM KY1934,38.096324082,-85.890109973,0.868,1/30/2021 12:00:00 AM,0806,2,2,0,1,CLEAR,DRY,False,REAR END IN TRAFFIC LANES BOTH VEHICLES MOVING,REAR END,STRAIGHT & LEVEL,DAYLIGHT,,,2/1/2021 10:57:44 AM,False,2021,Accepted,
27734891,0568000,LOUISVILLE METRO POLICE DEPT,Accepted,JEFFERSON,KY1065,4108,OUTER,LOOP,,,,,,,,38.138310734,-85.685798085,6.103,1/30/2021 12:00:00 AM,1602,2,2,0,0,RAINING,WET,False,OTHER ROADWAY OR MID-BLOCK COLLISION,REAR END,STRAIGHT & LEVEL,DAYLIGHT,,,2/1/2021 10:58:02 AM,False,7914,Accepted,
27734892,0568000,LOUISVILLE METRO POLICE DEPT,Accepted,JEFFERSON,KY0022,9440,BROWNSBORO,RD,,,,,,,,38.306573011,-85.575991122,3.833,1/30/2021 12:00:00 AM,1650,2,1,0,1,RAINING,WET,False,COLLISION IN PARKING LOT,SINGLE VEHICLE,STRAIGHT & LEVEL,DAYLIGHT,,,2/1/2021 10:58:06 AM,False,2013,Accepted,
27734893,0568000,LOUISVILLE METRO POLICE DEPT,Accepted,JEFFERSON,I 0264,,I264 E,,,,,,,,,38.198715497,-85.702498530,13.729,1/30/2021 12:00:00 AM,1231,5,5,0,8,CLEAR,DRY,True,SIDESWIPE COLLISION - SAME DIRECTION,SIDESWIPE-SAME DIRECTION,STRAIGHT & LEVEL,DAYLIGHT,,,2/1/2021 10:58:11 AM,False,5106,Accepted,
27734878,0568000,LOUISVILLE METRO POLICE DEPT,Accepted,JEFFERSON,,887,CLARKS,LN,,,,,,,,38.215454520,-85.736916838,0.277,1/30/2021 12:00:00 AM,0222,2,2,0,0,CLEAR,DRY,True,1 VEHICLE PARKED POSITION (NOT PARKING LOT/DRIVEWAY),REAR END,STRAIGHT & LEVEL,DARK-HWY LIGHTED/ON,,,2/1/2021 10:57:02 AM,False,5299,Accepted,
27734889,0568000,LOUISVILLE METRO POLICE DEPT,Accepted,JEFFERSON,KY0061,,JACKSON,ST,S,,MUHAMMAD ALI,,,,,38.249782457,-85.744842463,12.608,1/30/2021 12:00:00 AM,1650,2,2,0,0,RAINING,WET,False,SIDESWIPE-SAME DIRECTION,SIDESWIPE-SAME DIRECTION,STRAIGHT & LEVEL,DAYLIGHT,,,2/1/2021 10:57:54 AM,False,7969,Accepted,
27728891,0566900,LOUISVILLE AIRPORT POLICE,Accepted,JEFFERSON,KY0061,,PRESTON,HWY,,,BELMAR,,,,,38.194850778,-85.729699054,8.550,1/30/2021 12:00:00 AM,0319,2,2,0,0,CLEAR,DRY,False,OTHER INTERSECTION COLLISIONS,REAR END,STRAIGHT & GRADE,DARK-HWY LIGHTED/ON,,,1/30/2021 7:24:19 AM,False,5870,Accepted,
27734914,0568000,LOUISVILLE METRO POLICE DEPT,Accepted,JEFFERSON,,4121,TOWNE CENTER,DR,,,,,,,,38.298806271,-85.556439898,0.253,1/30/2021 12:00:00 AM,1530,2,2,0,0,SLEET HAIL FREEZING RAIN,WET,False,SIDESWIPE COLLISION - OPPOSITE DIRECTION,SIDESWIPE-OPPOSITE DIRECTION,STRAIGHT & LEVEL,DAYLIGHT,,,2/1/2021 10:59:13 AM,False,7631,Accepted,
27734900,0568000,LOUISVILLE METRO POLICE DEPT,Accepted,JEFFERSON,KY1934,,GREENBELT,HWY,,KY1230,LOWER RIVER,,,,,38.098279398,-85.891979603,1.039,1/30/2021 12:00:00 AM,0457,2,2,0,2,CLEAR,DRY,False,HEAD-ON COLLISION,HEAD ON,STRAIGHT & LEVEL,DARK-HWY LIGHTED/OFF,,,2/1/2021 10:58:23 AM,False,7277,Accepted,
27734909,0568000,LOUISVILLE METRO POLICE DEPT,Accepted,JEFFERSON,I 0264,,,,,,,I 0264,I264 E EXIT14 OFF RAMP TO KY864 S,KY0864,POPLAR LEVEL,38.194667043,-85.707911610,0.282,1/30/2021 12:00:00 AM,2222,1,1,0,0,RAINING,WET,False,OTHER ROADWAY OR MID-BLOCK COLLISION,SINGLE VEHICLE,STRAIGHT & GRADE,DARK-HWY LIGHTED/ON,,,2/1/2021 10:58:54 AM,False,5269,Accepted,
27734947,0568000,LOUISVILLE METRO POLICE DEPT,Accepted,JEFFERSON,KY1631,,CRITTENDEN,DR,,,MAYLAWN,,,,,38.208638738,-85.751065553,1.403,1/30/2021 12:00:00 AM,2357,1,1,0,0,RAINING,WET,False,COLLISION WITH FIXED OBJECT IN INTERSECTION - FIRST EVENT COLLISION 09 - 32,SINGLE VEHICLE,STRAIGHT & LEVEL,DARK-HWY LIGHTED/ON,,,2/1/2021 11:01:05 AM,False,5316,Accepted,
27735380,0561500,UNIV. OF LOUISVILLE POLICE,Accepted,JEFFERSON,,2600,FLOYD,ST,S,,,,,,,38.206986402,-85.756448400,3.358,1/30/2021 12:00:00 AM,1055,2,2,0,0,CLOUDY,DRY,True,1 VEHICLE PARKED POSITION (NOT PARKING LOT/DRIVEWAY),SIDESWIPE-SAME DIRECTION,STRAIGHT & LEVEL,DAYLIGHT,,,2/1/2021 12:44:29 PM,False,5654,Accepted,
27747423,0568000,LOUISVILLE METRO POLICE DEPT,Accepted,JEFFERSON,,,HANCOCK,ST,S,,CHESTNUT,,,,,38.247359924,-85.743229676,0.529,1/30/2021 12:00:00 AM,1300,2,2,0,0,CLOUDY,DRY,False,SIDESWIPE-SAME DIRECTION,SIDESWIPE-SAME DIRECTION,STRAIGHT & LEVEL,DAYLIGHT,,,2/4/2021 8:08:57 AM,False,7239,Accepted,
27747431,0568000,LOUISVILLE METRO POLICE DEPT,Accepted,JEFFERSON,KY1065,1300,OUTER,LOOP,,,,,,,,38.128153900,-85.744205302,2.788,1/30/2021 12:00:00 AM,1108,2,2,0,0,CLOUDY,MUD-DIRT,False,1 VEHICLE PARKED POSITION (NOT PARKING LOT/DRIVEWAY),HEAD ON,STRAIGHT & LEVEL,DAYLIGHT,,,2/4/2021 8:09:30 AM,False,2936,Accepted,
27763547,0568000,LOUISVILLE METRO POLICE DEPT,Accepted,JEFFERSON,,,JEFFERSON,BLVD,,,MCCAWLEY,,,,,38.143798316,-85.674745140,0.405,1/30/2021 12:00:00 AM,1305,2,2,0,2,CLOUDY,DRY,False,ANGLE COLLISION - OTHER,ANGLE,STRAIGHT & LEVEL,DAYLIGHT,,,2/8/2021 2:29:43 PM,False,2583,Accepted,
27763528,0568000,LOUISVILLE METRO POLICE DEPT,Accepted,JEFFERSON,KY1447,,WESTPORT,RD,,,JAPONICA,,,,,38.279007852,-85.596157808,3.783,1/29/2021 12:00:00 AM,0815,2,2,0,0,CLOUDY,DRY,False,OPPOSING LEFT TURN,OPPOSING LEFT TURN,STRAIGHT & HILLCREST,DAYLIGHT,,,2/8/2021 2:28:39 PM,False,7751,Accepted,
27763481,0568000,LOUISVILLE METRO POLICE DEPT,Accepted,JEFFERSON,,,26TH,ST,S,,DUMESNIL,,,,,38.236410288,-85.796387190,1.685,1/29/2021 12:00:00 AM,0233,3,3,0,0,CLEAR,SNOW/SLUSH,True,ANGLE COLLISION - OTHER,ANGLE,CURVE & LEVEL,DARK-HWY LIGHTED/ON,,,2/8/2021 2:26:03 PM,False,5303,Accepted,
27738419,0568000,LOUISVILLE METRO POLICE DEPT,Accepted,JEFFERSON,,,BURNETT,AVE,E,,PRESTON,,,,,38.226092385,-85.750500538,0.346,1/29/2021 12:00:00 AM,0059,1,1,0,0,CLEAR,DRY,False,OTHER INTERSECTION COLLISIONS,SINGLE VEHICLE,CURVE & LEVEL,DARK-HWY LIGHTED/ON,,,2/2/2021 8:04:29 AM,False,5196,Accepted,
27751933,0568000,LOUISVILLE METRO POLICE DEPT,Accepted,JEFFERSON,,,JOHNSONTOWN,RD,,,,,SEAFORTH,,OMAR KHAYYAM,38.121618151,-85.870617558,0.813,1/29/2021 12:00:00 AM,0045,1,1,0,0,CLOUDY,DRY,False,COLLISION WITH FIXED OBJECT NON - INTERSECTION - FIRST EVENT COLLISION 09 - 32 EXCLUDING 16,SINGLE VEHICLE,STRAIGHT & LEVEL,DARK-HWY NOT LIGHTED,,,2/5/2021 8:08:27 AM,False,5304,Accepted,
27751935,0568000,LOUISVILLE METRO POLICE DEPT,Accepted,JEFFERSON,KY1934,,GREENBELT,HWY,,,LOWER HUNTERS,,,,,38.170181956,-85.876010530,6.206,1/29/2021 12:00:00 AM,1638,2,2,1,1,CLEAR,DRY,False,ANGLE COLLISION - OTHER,ANGLE,STRAIGHT & LEVEL,DAYLIGHT,,,2/5/2021 8:09:01 AM,False,2217,Accepted,
27763482,0568000,LOUISVILLE METRO POLICE DEPT,Accepted,JEFFERSON,US0031W,6908,DIXIE,HWY,,,,,,,,38.149851782,-85.837278012,12.065,1/29/2021 12:00:00 AM,0022,1,1,0,1,CLEAR,DRY,False,COLLISION WITH FIXED OBJECT NON - INTERSECTION - FIRST EVENT COLLISION 09 - 32 EXCLUDING 16,SINGLE VEHICLE,STRAIGHT & LEVEL,DARK-HWY LIGHTED/ON,,,2/8/2021 2:26:07 PM,False,5059,Accepted,
27766602,0568000,LOUISVILLE METRO POLICE DEPT,Accepted,JEFFERSON,US0060A,,BERRY,BLVD,,,GEORGETOWN,,,,,38.196610356,-85.793315263,0.896,1/29/2021 12:00:00 AM,1914,2,2,0,1,CLEAR,DRY,False,ANGLE COLLISION - OTHER,ANGLE,STRAIGHT & LEVEL,DARK-HWY LIGHTED/ON,,,2/9/2021 8:32:48 AM,False,7977,Accepted,
27751912,0568000,LOUISVILLE METRO POLICE DEPT,Accepted,JEFFERSON,,,3RD,ST,S,KY2801,SOUTHERN HEIGHTS,,,,,38.189145337,-85.764917776,0.787,1/29/2021 12:00:00 AM,1720,3,3,0,0,CLEAR,DRY,False,OTHER INTERSECTION COLLISIONS,REAR END,STRAIGHT & LEVEL,DAYLIGHT,,,2/5/2021 8:05:23 AM,False,7116,Accepted,
27785042,0568000,LOUISVILLE METRO POLICE DEPT,Accepted,JEFFERSON,,,FLOYD,ST,S,,HILL,,,,,38.224877613,-85.753326139,2.113,1/29/2021 12:00:00 AM,1042,2,2,0,0,CLEAR,DRY,True,OTHER INTERSECTION COLLISIONS,REAR END,STRAIGHT & GRADE,DAYLIGHT,,,2/15/2021 11:19:59 AM,False,7495,Accepted,
27734966,0568000,LOUISVILLE METRO POLICE DEPT,Accepted,JEFFERSON,KY1819,,BILLTOWN,RD,,,,,MARY DELL,KY1065,LOVERS,38.166796568,-85.569730352,7.185,1/29/2021 12:00:00 AM,1657,3,3,0,0,CLEAR,DRY,False,SIDESWIPE COLLISION - OPPOSITE DIRECTION,SIDESWIPE-OPPOSITE DIRECTION,STRAIGHT & LEVEL,DAYLIGHT,,,2/1/2021 11:04:19 AM,False,7755,Accepted,
27734857,0568000,LOUISVILLE METRO POLICE DEPT,Accepted,JEFFERSON,KY1747,,FERN VALLEY,RD,,,JEANINE,,,,,38.157894805,-85.688637332,2.412,1/29/2021 12:00:00 AM,1147,2,2,0,0,CLEAR,DRY,False,ANGLE COLLISION - ONE VEHICLE TURNING LEFT,ANGLE,STRAIGHT & LEVEL,DAYLIGHT,,,2/1/2021 10:55:54 AM,False,7914,Accepted,
27734874,0568000,LOUISVILLE METRO POLICE DEPT,Accepted,JEFFERSON,KY1747,,HURSTBOURNE,PKWY,S,,BUNSEN,,,,,38.219008172,-85.584153844,11.474,1/29/2021 12:00:00 AM,1903,2,2,0,0,CLEAR,DRY,False,OTHER INTERSECTION COLLISIONS,REAR END,STRAIGHT & LEVEL,DARK-HWY NOT LIGHTED,,,2/1/2021 10:56:49 AM,False,7383,Accepted,
27734882,0568000,LOUISVILLE METRO POLICE DEPT,Accepted,JEFFERSON,KY0061,,PRESTON,HWY,,KY1747,FERN VALLEY,,,,,38.156833680,-85.696825863,5.355,1/29/2021 12:00:00 AM,2039,2,2,0,2,CLEAR,DRY,True,OPPOSING LEFT TURN,OPPOSING LEFT TURN,STRAIGHT & LEVEL,DARK-HWY LIGHTED/ON,,,2/1/2021 10:57:08 AM,False,7474,Accepted,
27729351,0561000,JEFFERSONTOWN POLICE DEPT,Accepted,JEFFERSON,KY0155,,TAYLORSVILLE,RD,,,,,,,,38.188467071,-85.510402899,6.144,1/29/2021 12:00:00 AM,1713,2,2,0,0,CLEAR,DRY,False,1 VEHICLE ENTERING/LEAVING ENTRANCE,ANGLE,STRAIGHT & LEVEL,DAYLIGHT,,,1/30/2021 2:17:56 PM,False,8309,Accepted,
27734833,0568000,LOUISVILLE METRO POLICE DEPT,Accepted,JEFFERSON,I 0064,,I64 W,,,,,,,,,38.223973364,-85.542537076,16.855,1/29/2021 12:00:00 AM,1015,2,2,0,0,CLEAR,DRY,False,SIDESWIPE COLLISION - SAME DIRECTION,SIDESWIPE-SAME DIRECTION,STRAIGHT & LEVEL,DAYLIGHT,,,2/1/2021 10:55:21 AM,False,4903,Accepted,
27734826,0568000,LOUISVILLE METRO POLICE DEPT,Accepted,JEFFERSON,US0060A,,EASTERN,PKWY,,,BARRET,,,,,38.226526804,-85.720495544,6.101,1/29/2021 12:00:00 AM,0849,2,2,0,0,CLEAR,WET,False,REAR END - ONE VEHICLE TURNING LEFT,REAR END,STRAIGHT & LEVEL,DAYLIGHT,,,2/1/2021 10:55:11 AM,False,5020,Accepted,
27726612,0561000,JEFFERSONTOWN POLICE DEPT,Accepted,JEFFERSON,KY0913,,BLANKENBAKER,PKWY,,KY0913C,BLANKENBAKER ACCESS,,,,,38.196188195,-85.548155306,0.618,1/29/2021 12:00:00 AM,0833,2,2,0,0,CLEAR,DRY,False,OTHER INTERSECTION COLLISIONS,REAR END,STRAIGHT & LEVEL,DAYLIGHT,,,1/29/2021 2:54:13 PM,False,8278,Accepted,
27734824,0568000,LOUISVILLE METRO POLICE DEPT,Accepted,JEFFERSON,KY0146,,LA GRANGE,RD,,I 0265,I265 N EXIT30 ON RAMP FROM KY146,,,,,38.288222198,-85.513156204,7.464,1/29/2021 12:00:00 AM,0817,2,2,0,0,CLEAR,DRY,False,OPPOSING LEFT TURN,OPPOSING LEFT TURN,STRAIGHT & LEVEL,DAYLIGHT,,,2/1/2021 10:55:04 AM,False,2109,Accepted,