IncidentID,AgencyORI,AgencyName,IncidentStatusDesc,County,RdwyNumber,Street,RoadwayName,StreetSfx,StreetDir,IntersectionRdwy,IntersectionRdwyName,BetweenStRdwy1,BetweenStRdwyName1,BetweenStRdwy2,BetweenStRdwyName2,Latitude,Longitude,Milepoint,CollisionDate,CollisionTime,UnitsInvolved,MotorVehiclesInvolved,NumberKilled,NumberInjured,Weather,RdwyConditionCode,HitandRun,DirAnalysisCode,MannerofCollision,RdwyCharacter,LightCondition,RampFromRdwyId,RampToRdwyId,AcceptedDate,IsSecondaryCollision,OwnerBadge,IncidentStatus,
27725136,0568000,LOUISVILLE METRO POLICE DEPT,Accepted,JEFFERSON,,,4TH,ST,S,,,,,,,38.212057004,-85.764350052,3.103,1/29/2021 12:00:00 AM,0043,2,2,0,1,CLEAR,DRY,False,SIDESWIPE COLLISION - OPPOSITE DIRECTION,SIDESWIPE-OPPOSITE DIRECTION,STRAIGHT & LEVEL,DARK-HWY LIGHTED/ON,,,1/29/2021 8:39:36 AM,False,5258,Accepted,
27725144,0568000,LOUISVILLE METRO POLICE DEPT,Accepted,JEFFERSON,I 0065,,I65 S,,,I 0064,I64 S RAMP FROM I65,,,,,38.261418105,-85.741958043,136.654,1/29/2021 12:00:00 AM,0112,1,1,0,1,CLEAR,DRY,False,COLLISION WITH FIXED OBJECT IN INTERSECTION - FIRST EVENT COLLISION 09 - 32,SINGLE VEHICLE,CURVE & LEVEL,DARK-HWY LIGHTED/ON,,,1/29/2021 8:39:54 AM,False,5338,Accepted,
27725153,0568000,LOUISVILLE METRO POLICE DEPT,Accepted,JEFFERSON,KY1747,,HURSTBOURNE,PKWY,,,HAMES,,,,,38.166664050,-85.606444626,7.317,1/29/2021 12:00:00 AM,0636,2,2,0,1,CLEAR,ICE,False,ANGLE COLLISION - OTHER,ANGLE,STRAIGHT & LEVEL,DARK-HWY LIGHTED/OFF,,,1/29/2021 8:40:10 AM,False,5138,Accepted,
27734866,0568000,LOUISVILLE METRO POLICE DEPT,Accepted,JEFFERSON,,,CARLISLE,AVE,,,LENTZ,,,,,38.194345677,-85.785603258,0.341,1/29/2021 12:00:00 AM,1454,2,2,0,0,CLEAR,DRY,False,ANGLE COLLISION - OTHER,ANGLE,STRAIGHT & LEVEL,DAYLIGHT,,,2/1/2021 10:56:25 AM,False,7977,Accepted,
27734867,0568000,LOUISVILLE METRO POLICE DEPT,Accepted,JEFFERSON,KY0061,10211,PRESTON,HWY,,,,,,,,38.103259629,-85.672433838,1.382,1/29/2021 12:00:00 AM,1523,8,8,0,0,CLOUDY,DRY,False,SIDESWIPE COLLISION - SAME DIRECTION,SIDESWIPE-SAME DIRECTION,STRAIGHT & LEVEL,DAYLIGHT,,,2/1/2021 10:56:28 AM,False,7799,Accepted,
27727954,0561000,JEFFERSONTOWN POLICE DEPT,Accepted,JEFFERSON,KY1747,501,HURSTBOURNE,PKWY,S,,,,,,,38.242517292,-85.576821212,13.188,1/29/2021 12:00:00 AM,0940,2,2,0,0,CLOUDY,DRY,True,COLLISION IN PARKING LOT,ANGLE,STRAIGHT & LEVEL,DAYLIGHT,,,1/29/2021 10:50:47 PM,False,8292,Accepted,
27729548,0560300,ST. MATTHEWS POLICE DEPARTMENT,Accepted,JEFFERSON,,6200,DUTCHMANS,LN,,,,,,,,38.230926848,-85.639713988,1.014,1/29/2021 12:00:00 AM,1648,3,3,0,0,CLEAR,DRY,False,REAR END IN TRAFFIC LANES BOTH VEHICLES MOVING,REAR END,STRAIGHT & GRADE,DAYLIGHT,,,1/30/2021 3:34:31 PM,False,9139,Accepted,
27734846,0568000,LOUISVILLE METRO POLICE DEPT,Accepted,JEFFERSON,,11424,SEATONVILLE,RD,,,,,,,,38.138121787,-85.548363916,2.034,1/29/2021 12:00:00 AM,0911,1,1,0,0,CLEAR,DRY,False,COLLISION WITH FIXED OBJECT NON - INTERSECTION - FIRST EVENT COLLISION 09 - 32 EXCLUDING 16,SINGLE VEHICLE,STRAIGHT & LEVEL,DAYLIGHT,,,2/1/2021 10:55:33 AM,False,7755,Accepted,
27734854,0568000,LOUISVILLE METRO POLICE DEPT,Accepted,JEFFERSON,US0031E,,BARDSTOWN,RD,,,BRIGHTON,,,,,38.214061691,-85.673525406,12.252,1/29/2021 12:00:00 AM,0941,3,3,0,0,CLEAR,OTHER,False,ANGLE COLLISION - OTHER,ANGLE,STRAIGHT & LEVEL,DAYLIGHT,,,2/1/2021 10:55:45 AM,False,6813,Accepted,
27734890,0568000,LOUISVILLE METRO POLICE DEPT,Accepted,JEFFERSON,KY2845,,MANSLICK,RD,E,,,,,,,38.121027952,-85.650927949,1.654,1/29/2021 12:00:00 AM,1800,2,2,0,0,CLEAR,DRY,True,REAR END IN TRAFFIC LANES BOTH VEHICLES MOVING,REAR END,STRAIGHT & LEVEL,DUSK,,,2/1/2021 10:57:58 AM,False,7914,Accepted,
27734869,0568000,LOUISVILLE METRO POLICE DEPT,Accepted,JEFFERSON,KY1932,,BRECKENRIDGE,LN,,,,,,,,38.194660394,-85.625433324,0.922,1/29/2021 12:00:00 AM,1639,3,3,0,3,CLEAR,FLOODED,False,SIDESWIPE COLLISION - SAME DIRECTION,SIDESWIPE-SAME DIRECTION,STRAIGHT & LEVEL,DAYLIGHT,,,2/1/2021 10:56:33 AM,False,7864,Accepted,
27734875,0568000,LOUISVILLE METRO POLICE DEPT,Accepted,JEFFERSON,I 0065,,,,,,,,,,,38.236895105,-85.754858310,0.208,1/29/2021 12:00:00 AM,1858,2,2,0,0,CLEAR,WET,False,OTHER RAMP RELATED COLLISIONS NOT LISTED ABOVE,REAR END,STRAIGHT & LEVEL,DARK-HWY LIGHTED/ON,I 0065,E SAINT CATHERINE ST,2/1/2021 10:56:52 AM,False,7133,Accepted,
27734876,0568000,LOUISVILLE METRO POLICE DEPT,Accepted,JEFFERSON,,,9TH,ST,S,,BRECKINRIDGE,,,,,38.242978888,-85.767358053,0.270,1/29/2021 12:00:00 AM,2230,2,2,0,1,CLEAR,DRY,True,ANGLE COLLISION - ONE VEHICLE TURNING LEFT,ANGLE,STRAIGHT & LEVEL,DARK-HWY LIGHTED/ON,,,2/1/2021 10:56:56 AM,False,5328,Accepted,
27734877,0568000,LOUISVILLE METRO POLICE DEPT,Accepted,JEFFERSON,US0042,,BROWNSBORO,RD,,,ZORN,,,,,38.261103253,-85.684244345,2.836,1/29/2021 12:00:00 AM,1830,2,2,0,0,CLEAR,DRY,False,OPPOSING LEFT TURN,OPPOSING LEFT TURN,STRAIGHT & LEVEL,DARK (UNKNOWN ROADWAY LIGHTING),,,2/1/2021 10:56:59 AM,False,5330,Accepted,
27734883,0568000,LOUISVILLE METRO POLICE DEPT,Accepted,JEFFERSON,,,JEANINE,DR,,,SERENE,,,,,38.159863084,-85.688396976,0.152,1/29/2021 12:00:00 AM,1946,2,2,0,1,CLEAR,DRY,False,ANGLE COLLISION - OTHER,ANGLE,STRAIGHT & LEVEL,DARK (UNKNOWN ROADWAY LIGHTING),,,2/1/2021 10:57:12 AM,False,5286,Accepted,
27734884,0568000,LOUISVILLE METRO POLICE DEPT,Accepted,JEFFERSON,I 0265,,I265 E,,,,,,,,,38.199715462,-85.507677453,23.886,1/29/2021 12:00:00 AM,0829,1,1,1,0,CLEAR,DRY,False,OTHER COLLISIONS ON SHOULDER,SINGLE VEHICLE,STRAIGHT & GRADE,DAYLIGHT,,,2/1/2021 10:57:34 AM,False,6886,Accepted,
27734885,0568000,LOUISVILLE METRO POLICE DEPT,Accepted,JEFFERSON,KY1447,,WESTPORT,RD,,,,,,,,38.297002734,-85.550213616,6.566,1/29/2021 12:00:00 AM,1747,1,1,0,1,CLEAR,DRY,False,OTHER ROADWAY OR MID-BLOCK COLLISION,SINGLE VEHICLE,STRAIGHT & LEVEL,DUSK,,,2/1/2021 10:57:41 AM,False,7615,Accepted,
27734821,0568000,LOUISVILLE METRO POLICE DEPT,Accepted,JEFFERSON,KY1932,,BRECKENRIDGE,LN,,,HIKES,,,,,38.217844617,-85.628320748,2.669,1/29/2021 12:00:00 AM,0709,2,2,0,2,CLEAR,DRY,False,OTHER INTERSECTION COLLISIONS,REAR END,STRAIGHT & LEVEL,DARK (UNKNOWN ROADWAY LIGHTING),,,2/1/2021 10:54:54 AM,False,7879,Accepted,
27734822,0568000,LOUISVILLE METRO POLICE DEPT,Accepted,JEFFERSON,US0060,,SHELBYVILLE,RD,,,,,,,,38.240534799,-85.493525707,12.580,1/29/2021 12:00:00 AM,0830,2,2,0,1,CLEAR,DRY,False,1 VEHICLE ENTERING/LEAVING ENTRANCE,ANGLE,STRAIGHT & GRADE,DAYLIGHT,,,2/1/2021 10:54:58 AM,False,6532,Accepted,
27734823,0568000,LOUISVILLE METRO POLICE DEPT,Accepted,JEFFERSON,KY1450,9206,BLUE LICK,RD,,,,,,,,38.115025319,-85.689574938,2.084,1/29/2021 12:00:00 AM,0745,1,1,0,0,CLEAR,ICE,False,COLLISION WITH FIXED OBJECT NON - INTERSECTION - FIRST EVENT COLLISION 09 - 32 EXCLUDING 16,SINGLE VEHICLE,STRAIGHT & LEVEL,DAWN,,,2/1/2021 10:55:02 AM,False,5026,Accepted,
27734856,0568000,LOUISVILLE METRO POLICE DEPT,Accepted,JEFFERSON,,,HAZELWOOD,AVE,,KY1931,MANSLICK,,,,,38.170374597,-85.797500825,,1/29/2021 12:00:00 AM,0738,2,2,0,0,CLOUDY,ICE,False,OTHER INTERSECTION COLLISIONS,REAR END,CURVE & LEVEL,DAYLIGHT,,,2/1/2021 10:55:49 AM,False,5337,Accepted,
27734863,0568000,LOUISVILLE METRO POLICE DEPT,Accepted,JEFFERSON,,,WILDERNESS,RD,,KY1865,NEW CUT,,,,,38.153912843,-85.777118496,0.001,1/29/2021 12:00:00 AM,0900,2,2,0,1,CLEAR,WET,False,OTHER INTERSECTION COLLISIONS,REAR END,STRAIGHT & LEVEL,DAYLIGHT,,,2/1/2021 10:56:16 AM,False,7373,Accepted,
27734864,0568000,LOUISVILLE METRO POLICE DEPT,Accepted,JEFFERSON,US0031W,,DIXIE,HWY,,,,,,,,38.109516233,-85.865508979,8.752,1/29/2021 12:00:00 AM,1329,2,2,0,2,CLEAR,DRY,True,HEAD-ON COLLISION,HEAD ON,STRAIGHT & LEVEL,DAYLIGHT,,,2/1/2021 10:56:19 AM,False,7234,Accepted,
27734865,0568000,LOUISVILLE METRO POLICE DEPT,Accepted,JEFFERSON,,,BUCHANAN,ST,,US0042,STORY,,,,,38.255224765,-85.729801672,0.011,1/29/2021 12:00:00 AM,1330,2,2,0,0,CLEAR,DRY,False,OPPOSITE DIRECTION - BOTH VEHICLES GOING STRAIGHT AHEAD,SIDESWIPE-OPPOSITE DIRECTION,STRAIGHT & LEVEL,DAYLIGHT,,,2/1/2021 10:56:22 AM,False,2764,Accepted,
27734827,0568000,LOUISVILLE METRO POLICE DEPT,Accepted,JEFFERSON,,,PRODUCE,RD,,,,,JENNINGS,,PINEWOOD,38.183036243,-85.685377587,0.443,1/29/2021 12:00:00 AM,0934,2,2,0,0,CLEAR,DRY,False,REAR END IN TRAFFIC LANES BOTH VEHICLES MOVING,REAR END,STRAIGHT & LEVEL,DAYLIGHT,,,2/1/2021 10:55:14 AM,False,7497,Accepted,
27734843,0568000,LOUISVILLE METRO POLICE DEPT,Accepted,JEFFERSON,US0031E,,BARDSTOWN,RD,,,FERNDALE,,,,,38.155538928,-85.589980143,5.950,1/29/2021 12:00:00 AM,1146,3,3,0,1,CLEAR,DRY,False,OPPOSING LEFT TURN,OPPOSING LEFT TURN,STRAIGHT & LEVEL,DAYLIGHT,,,2/1/2021 10:55:30 AM,False,7755,Accepted,
27734872,0568000,LOUISVILLE METRO POLICE DEPT,Accepted,JEFFERSON,,132,JEFFERSON,ST,E,,,,,,,38.253129532,-85.750736872,0.946,1/29/2021 12:00:00 AM,1832,3,3,0,1,CLOUDY,DRY,False,COLLISION IN PARKING LOT,ANGLE,STRAIGHT & LEVEL,DAYLIGHT,,,2/1/2021 10:56:43 AM,False,7239,Accepted,
27734873,0568000,LOUISVILLE METRO POLICE DEPT,Accepted,JEFFERSON,,,34TH,ST,S,,DUMESNIL,,,,,38.237495250,-85.810546700,1.718,1/29/2021 12:00:00 AM,1437,2,2,0,2,CLEAR,DRY,False,ANGLE COLLISION - OTHER,ANGLE,STRAIGHT & LEVEL,DAYLIGHT,,,2/1/2021 10:56:46 AM,False,5151,Accepted,
27734881,0568000,LOUISVILLE METRO POLICE DEPT,Accepted,JEFFERSON,US0060A,,CHEROKEE,PKWY,,,,,,,,38.243425194,-85.705075427,7.742,1/29/2021 12:00:00 AM,2354,1,1,0,0,CLOUDY,DRY,False,COLLISION WITH FIXED OBJECT NON - INTERSECTION - FIRST EVENT COLLISION 09 - 32 EXCLUDING 16,SINGLE VEHICLE,CURVE & GRADE,DARK (UNKNOWN ROADWAY LIGHTING),,,2/1/2021 10:57:05 AM,False,7376,Accepted,
27734888,0568000,LOUISVILLE METRO POLICE DEPT,Accepted,JEFFERSON,,,RANDOLPH,AVE,,,,,CLAREMONT,,BLACKBURN,38.256294940,-85.676030555,0.051,1/29/2021 12:00:00 AM,1259,2,2,0,0,CLEAR,DRY,False,1 VEHICLE PARKED POSITION (NOT PARKING LOT/DRIVEWAY),SIDESWIPE-SAME DIRECTION,STRAIGHT & LEVEL,DAYLIGHT,,,2/1/2021 10:57:51 AM,False,2673,Accepted,
27724442,0560300,ST. MATTHEWS POLICE DEPARTMENT,Accepted,JEFFERSON,I 0064,,I64 E,,,,,,,,,38.236213070,-85.634156898,11.853,1/29/2021 12:00:00 AM,0038,2,2,0,1,CLEAR,ICE,False,SIDESWIPE COLLISION - SAME DIRECTION,SIDESWIPE-SAME DIRECTION,CURVE & LEVEL,DARK-HWY NOT LIGHTED,,,1/29/2021 3:41:43 AM,False,9167,Accepted,
29644185,0568000,LOUISVILLE METRO POLICE DEPT,Accepted,JEFFERSON,KY1447,,WESTPORT,RD,,I 0265,I265 N EXIT33 OFF RAMP TO KY1447,,,,,38.296979284,-85.550495313,6.551,1/29/2021 12:00:00 AM,1628,2,2,0,0,CLEAR,DRY,False,OTHER INTERSECTION COLLISIONS,REAR END,STRAIGHT & LEVEL,DAYLIGHT,,,1/31/2022 8:55:30 AM,False,7313,Accepted,
29644162,0568000,LOUISVILLE METRO POLICE DEPT,Accepted,JEFFERSON,,,CHESTNUT,ST,W,US0031W,22ND,,,,,38.252241250,-85.787659940,0.727,1/29/2021 12:00:00 AM,0857,3,3,0,0,CLEAR,SNOW/SLUSH,False,ANGLE COLLISION - OTHER,ANGLE,STRAIGHT & LEVEL,DAYLIGHT,,,1/31/2022 8:53:45 AM,False,7220,Accepted,
28153835,0568000,LOUISVILLE METRO POLICE DEPT,Accepted,JEFFERSON,KY1934,,CANE RUN,RD,,,POPLAR VIEW,,,,,38.185661742,-85.853569294,7.886,1/28/2021 12:00:00 AM,0817,2,2,0,3,CLEAR,SNOW/SLUSH,False,SIDESWIPE-SAME DIRECTION,SIDESWIPE-SAME DIRECTION,STRAIGHT & LEVEL,DAYLIGHT,,,5/20/2021 8:45:25 AM,False,5257,Accepted,
29644148,0568000,LOUISVILLE METRO POLICE DEPT,Accepted,JEFFERSON,,5302,RUSSETT,BLVD,,,,,,,,38.165665413,-85.665968792,0.134,1/28/2021 12:00:00 AM,1755,2,2,0,0,SNOWING,ICE,False,SIDESWIPE COLLISION - SAME DIRECTION,SIDESWIPE-SAME DIRECTION,STRAIGHT & LEVEL,DARK-HWY NOT LIGHTED,,,1/31/2022 8:52:53 AM,False,5391,Accepted,
28178066,0568000,LOUISVILLE METRO POLICE DEPT,Accepted,JEFFERSON,I 0065,,I65 N,,,,,,,,,38.206458672,-85.745784356,132.244,1/28/2021 12:00:00 AM,0645,3,3,0,0,SNOWING,SNOW/SLUSH,True,SIDESWIPE COLLISION - SAME DIRECTION,SIDESWIPE-SAME DIRECTION,CURVE & GRADE,DARK-HWY LIGHTED/ON,,,5/26/2021 8:22:29 AM,False,7628,Accepted,
27725060,0568000,LOUISVILLE METRO POLICE DEPT,Accepted,JEFFERSON,,140,WOODLAWN,AVE,E,,,,,,,38.180819884,-85.759056324,0.212,1/28/2021 12:00:00 AM,0330,1,1,0,0,SNOWING,SNOW/SLUSH,True,COLLISION WITH FIXED OBJECT NON - INTERSECTION - FIRST EVENT COLLISION 09 - 32 EXCLUDING 16,SINGLE VEHICLE,STRAIGHT & LEVEL,DARK-HWY LIGHTED/ON,,,1/29/2021 8:35:59 AM,False,7048,Accepted,
27725069,0568000,LOUISVILLE METRO POLICE DEPT,Accepted,JEFFERSON,,6202,OAK VALLEY,DR,,,,,,,,38.162602404,-85.816320247,0.076,1/28/2021 12:00:00 AM,1113,1,1,0,0,CLOUDY,SNOW/SLUSH,False,COLLISION WITH FIXED OBJECT NON - INTERSECTION - FIRST EVENT COLLISION 09 - 32 EXCLUDING 16,SINGLE VEHICLE,CURVE & HILLCREST,DAYLIGHT,,,1/29/2021 8:36:50 AM,False,7339,Accepted,
27725095,0568000,LOUISVILLE METRO POLICE DEPT,Accepted,JEFFERSON,I 0264,,I264 E,,,,,,,,,38.189636038,-85.739121371,11.557,1/28/2021 12:00:00 AM,1006,3,3,0,0,CLEAR,WET,True,REAR END IN TRAFFIC LANES BOTH VEHICLES MOVING,REAR END,STRAIGHT & LEVEL,DAYLIGHT,,,1/29/2021 8:37:20 AM,False,7772,Accepted,
27725104,0568000,LOUISVILLE METRO POLICE DEPT,Accepted,JEFFERSON,KY0061,,PRESTON,HWY,,,,,,,,38.153339941,-85.695060714,5.074,1/28/2021 12:00:00 AM,0818,2,2,0,2,CLEAR,SNOW/SLUSH,True,SIDESWIPE COLLISION - SAME DIRECTION,SIDESWIPE-SAME DIRECTION,STRAIGHT & LEVEL,DAYLIGHT,,,1/29/2021 8:37:41 AM,False,4693,Accepted,
27725105,0568000,LOUISVILLE METRO POLICE DEPT,Accepted,JEFFERSON,,,RED OAK,LN,,,RUSTIC,,,,,38.172670980,-85.671120221,0.076,1/28/2021 12:00:00 AM,1115,2,2,0,0,CLOUDY,ICE,False,ANGLE COLLISION - OTHER,ANGLE,STRAIGHT & LEVEL,DAYLIGHT,,,1/29/2021 8:37:49 AM,False,4693,Accepted,
27725106,0568000,LOUISVILLE METRO POLICE DEPT,Accepted,JEFFERSON,,,BRIARCLIFF,RD,,,,,,,,38.135539901,-85.697155152,0.041,1/28/2021 12:00:00 AM,1224,3,3,0,0,CLOUDY,DRY,False,REAR END IN TRAFFIC LANES BOTH VEHICLES MOVING,REAR END,STRAIGHT & LEVEL,DAYLIGHT,,,1/29/2021 8:37:56 AM,False,4693,Accepted,
27725083,0568000,LOUISVILLE METRO POLICE DEPT,Accepted,JEFFERSON,US0031W,,,,,KY0841,US31W,,,,,38.091807956,-85.873756152,0.251,1/28/2021 12:00:00 AM,1030,2,2,0,1,CLOUDY,ICE,True,COLLISION WITH PEDESTRIAN IN INTERSECTION,SIDESWIPE-SAME DIRECTION,CURVE & HILLCREST,DAYLIGHT,,,1/29/2021 8:37:00 AM,False,7144,Accepted,
27725067,0568000,LOUISVILLE METRO POLICE DEPT,Accepted,JEFFERSON,KY1931,,7TH ST,RD,,,,,EUCLID,KY2054,ALGONQUIN,38.219505885,-85.778043555,10.412,1/28/2021 12:00:00 AM,0810,2,2,0,0,CLEAR,SNOW/SLUSH,False,SIDESWIPE COLLISION - SAME DIRECTION,SIDESWIPE-SAME DIRECTION,STRAIGHT & LEVEL,DAYLIGHT,,,1/29/2021 8:36:47 AM,False,2469,Accepted,
27725091,0568000,LOUISVILLE METRO POLICE DEPT,Accepted,JEFFERSON,I 0065,,,,,,,,,,,38.159677165,-85.719235508,0.254,1/28/2021 12:00:00 AM,0908,1,1,0,0,CLEAR,ICE,False,COLLISION WITH FIXED OBJECT NOT IN GORE ,SINGLE VEHICLE,CURVE & GRADE,DAYLIGHT,KY1631,I 0065,1/29/2021 8:37:15 AM,False,2395,Accepted,
27725108,0568000,LOUISVILLE METRO POLICE DEPT,Accepted,JEFFERSON,,,WATTERSON,TRL,,,STONY BROOK,,,,,38.183755361,-85.596004893,1.664,1/28/2021 12:00:00 AM,0930,2,2,0,0,SNOWING,WET,True,OTHER INTERSECTION COLLISIONS,REAR END,STRAIGHT & LEVEL,DAYLIGHT,,,1/29/2021 8:38:05 AM,False,7739,Accepted,
27725109,0568000,LOUISVILLE METRO POLICE DEPT,Accepted,JEFFERSON,KY2054,1210,ALGONQUIN,PKWY,,,,,,,,38.218241218,-85.776054035,2.663,1/28/2021 12:00:00 AM,1108,2,2,0,0,CLEAR,WET,False,SIDESWIPE COLLISION - SAME DIRECTION,SIDESWIPE-SAME DIRECTION,STRAIGHT & LEVEL,DAYLIGHT,,,1/29/2021 8:38:09 AM,False,5324,Accepted,
27725116,0568000,LOUISVILLE METRO POLICE DEPT,Accepted,JEFFERSON,,831,CHEROKEE,RD,,,,,,,,38.243317337,-85.726277073,0.020,1/28/2021 12:00:00 AM,1102,1,1,0,0,CLOUDY,SNOW/SLUSH,False,COLLISION WITH FIXED OBJECT NON - INTERSECTION - FIRST EVENT COLLISION 09 - 32 EXCLUDING 16,SINGLE VEHICLE,CURVE & LEVEL,DAYLIGHT,,,1/29/2021 8:38:33 AM,False,7960,Accepted,
27725101,0568000,LOUISVILLE METRO POLICE DEPT,Accepted,JEFFERSON,KY0061,,PRESTON,HWY,,,BOERSTE,,,,,38.113937623,-85.676131311,2.126,1/28/2021 12:00:00 AM,1157,2,2,0,1,CLEAR,WET,False,ANGLE COLLISION - ONE VEHICLE TURNING RIGHT,ANGLE,STRAIGHT & GRADE,DAYLIGHT,,,1/29/2021 8:37:26 AM,False,7772,Accepted,
27725110,0568000,LOUISVILLE METRO POLICE DEPT,Accepted,JEFFERSON,,,TUCKER STATION,RD,,,,,REHL,,ANNA ACTON,38.203631864,-85.529650525,3.304,1/28/2021 12:00:00 AM,0809,2,2,0,0,CLOUDY,SNOW/SLUSH,False,OTHER ROADWAY OR MID-BLOCK COLLISION,REAR END,STRAIGHT & LEVEL,DAYLIGHT,,,1/29/2021 8:38:12 AM,False,7751,Accepted,
27725111,0568000,LOUISVILLE METRO POLICE DEPT,Accepted,JEFFERSON,KY0022,,BROWNSBORO,RD,,,THORNHILL,,,,,38.285928324,-85.624410469,0.669,1/28/2021 12:00:00 AM,0930,1,1,0,0,CLOUDY,SNOW/SLUSH,False,COLLISION WITH FIXED OBJECT IN INTERSECTION - FIRST EVENT COLLISION 09 - 32,SINGLE VEHICLE,STRAIGHT & HILLCREST,DAYLIGHT,,,1/29/2021 8:38:16 AM,False,7751,Accepted,
27725118,0568000,LOUISVILLE METRO POLICE DEPT,Accepted,JEFFERSON,,,UPPER HUNTERS,TRCE,,,DOYLE,,,,,38.167108443,-85.838549626,0.569,1/28/2021 12:00:00 AM,0746,1,1,0,1,CLOUDY,SNOW/SLUSH,False,COLLISION WITH FIXED OBJECT IN INTERSECTION - FIRST EVENT COLLISION 09 - 32,SINGLE VEHICLE,CURVE & LEVEL,DAWN,,,1/29/2021 8:38:39 AM,False,7340,Accepted,
27725119,0568000,LOUISVILLE METRO POLICE DEPT,Accepted,JEFFERSON,,,NEW MAPLE,RD,,,TOEBBE,,,,,38.112968027,-85.646512184,0.167,1/28/2021 12:00:00 AM,1755,2,2,0,0,CLOUDY,WET,False,SIDESWIPE-SAME DIRECTION,SIDESWIPE-SAME DIRECTION,STRAIGHT & LEVEL,DUSK,,,1/29/2021 8:38:42 AM,False,7255,Accepted,
27725117,0568000,LOUISVILLE METRO POLICE DEPT,Accepted,JEFFERSON,,,26TH,ST,N,KY3082,BANK,,,,,38.269388327,-85.790996035,0.622,1/28/2021 12:00:00 AM,0939,2,2,0,0,CLEAR,SNOW/SLUSH,False,OTHER INTERSECTION COLLISIONS,REAR END,STRAIGHT & LEVEL,DAYLIGHT,,,1/29/2021 8:38:36 AM,False,5334,Accepted,
27721007,0568000,LOUISVILLE METRO POLICE DEPT,Accepted,JEFFERSON,KY1934,,GREENBELT,HWY,,,GLOBAL,,,,,38.139601688,-85.887606520,3.919,1/28/2021 12:00:00 AM,0500,2,2,0,0,CLOUDY,ICE,False,ANGLE COLLISION - OTHER,ANGLE,STRAIGHT & LEVEL,DARK-HWY NOT LIGHTED,,,1/28/2021 8:39:56 AM,False,5033,Accepted,
27721008,0568000,LOUISVILLE METRO POLICE DEPT,Accepted,JEFFERSON,KY1934,,CANE RUN,RD,,,CRUMS,,,,,38.195443089,-85.842521287,8.789,1/28/2021 12:00:00 AM,0547,2,2,0,1,CLEAR,SNOW/SLUSH,False,OPPOSING LEFT TURN,OPPOSING LEFT TURN,STRAIGHT & LEVEL,DARK-HWY LIGHTED/ON,,,1/28/2021 8:39:59 AM,False,5232,Accepted,
27725061,0568000,LOUISVILLE METRO POLICE DEPT,Accepted,JEFFERSON,I 0264,,I264 E,,,,,,,,,38.225549104,-85.641847942,17.557,1/28/2021 12:00:00 AM,0944,2,2,0,0,CLEAR,WET,False,SIDESWIPE COLLISION - SAME DIRECTION,SIDESWIPE-SAME DIRECTION,STRAIGHT & LEVEL,DAYLIGHT,,,1/29/2021 8:36:07 AM,False,4903,Accepted,
27725062,0568000,LOUISVILLE METRO POLICE DEPT,Accepted,JEFFERSON,I 0265,,I265 W,,,,,,,,,38.124345502,-85.617823681,15.008,1/28/2021 12:00:00 AM,0946,1,1,0,0,CLEAR,ICE,False,COLLISION WITH FIXED OBJECT NON - INTERSECTION - FIRST EVENT COLLISION 09 - 32 EXCLUDING 16,SINGLE VEHICLE,CURVE & LEVEL,DAYLIGHT,,,1/29/2021 8:36:14 AM,False,2017,Accepted,
27725127,0568000,LOUISVILLE METRO POLICE DEPT,Accepted,JEFFERSON,US0031W,,DIXIE,HWY,,,,US0031W,US31W RAMP FROM KY1934,US0031W,US31W N RAMP TO KY841 E,38.090347991,-85.876901846,7.310,1/28/2021 12:00:00 AM,0458,1,1,0,0,CLEAR,ICE,False,COLLISION WITH FIXED OBJECT NON - INTERSECTION - FIRST EVENT COLLISION 09 - 32 EXCLUDING 16,SINGLE VEHICLE,STRAIGHT & LEVEL,DARK-HWY NOT LIGHTED,,,1/29/2021 8:39:14 AM,False,2721,Accepted,
27725138,0568000,LOUISVILLE METRO POLICE DEPT,Accepted,JEFFERSON,,14801,BURLEIGH,PL,,,,,,,,38.235245816,-85.478390168,0.018,1/28/2021 12:00:00 AM,2151,1,1,0,0,CLEAR,ICE,False,COLLISION WITH FIXED OBJECT NON - INTERSECTION - FIRST EVENT COLLISION 09 - 32 EXCLUDING 16,SINGLE VEHICLE,STRAIGHT & LEVEL,DARK-HWY LIGHTED/ON,,,1/29/2021 8:39:42 AM,False,5327,Accepted,
27725146,0568000,LOUISVILLE METRO POLICE DEPT,Accepted,JEFFERSON,KY0061,,PRESTON,HWY,,,,,,,,38.087619940,-85.667813966,0.285,1/28/2021 12:00:00 AM,2210,2,2,0,1,CLEAR,DRY,False,HEAD-ON COLLISION,HEAD ON,STRAIGHT & LEVEL,DARK-HWY NOT LIGHTED,,,1/29/2021 8:39:57 AM,False,5182,Accepted,
27725128,0568000,LOUISVILLE METRO POLICE DEPT,Accepted,JEFFERSON,KY1934,,CANE RUN,RD,,,NEW LYNNVIEW,,,,,38.189321054,-85.850145691,8.202,1/28/2021 12:00:00 AM,0745,2,2,0,2,CLEAR,ICE,False,HEAD-ON COLLISION,HEAD ON,STRAIGHT & LEVEL,DAWN,,,1/29/2021 8:39:17 AM,False,5253,Accepted,