IncidentID,AgencyORI,AgencyName,IncidentStatusDesc,County,RdwyNumber,Street,RoadwayName,StreetSfx,StreetDir,IntersectionRdwy,IntersectionRdwyName,BetweenStRdwy1,BetweenStRdwyName1,BetweenStRdwy2,BetweenStRdwyName2,Latitude,Longitude,Milepoint,CollisionDate,CollisionTime,UnitsInvolved,MotorVehiclesInvolved,NumberKilled,NumberInjured,Weather,RdwyConditionCode,HitandRun,DirAnalysisCode,MannerofCollision,RdwyCharacter,LightCondition,RampFromRdwyId,RampToRdwyId,AcceptedDate,IsSecondaryCollision,OwnerBadge,IncidentStatus,
27725114,0568000,LOUISVILLE METRO POLICE DEPT,Accepted,JEFFERSON,,,3RD,ST,S,,KENTON,,,,,38.198105913,-85.765073493,0.163,1/28/2021 12:00:00 AM,1629,2,2,0,0,CLEAR,DRY,True,OPPOSING LEFT TURN,OPPOSING LEFT TURN,STRAIGHT & LEVEL,DAYLIGHT,,,1/29/2021 8:38:27 AM,False,7872,Accepted,
27725115,0568000,LOUISVILLE METRO POLICE DEPT,Accepted,JEFFERSON,US0150,,BROADWAY,,E,,BARRET,,,,,38.244277183,-85.733965475,3.721,1/28/2021 12:00:00 AM,0912,2,1,0,1,CLOUDY,SNOW/SLUSH,True,COLLISION WITH PEDESTRIAN IN INTERSECTION,SINGLE VEHICLE,STRAIGHT & HILLCREST,DAYLIGHT,,,1/29/2021 8:38:30 AM,False,7960,Accepted,
27725122,0568000,LOUISVILLE METRO POLICE DEPT,Accepted,JEFFERSON,US0031E,,BARDSTOWN,RD,,,,,ROSEWOOD,,CHEROKEE,38.235216065,-85.715174970,15.037,1/28/2021 12:00:00 AM,0913,2,2,0,0,CLEAR,SNOW/SLUSH,True,1 VEHICLE PARKED POSITION (NOT PARKING LOT/DRIVEWAY),REAR END,STRAIGHT & LEVEL,DAYLIGHT,,,1/29/2021 8:38:51 AM,False,5006,Accepted,
27725125,0568000,LOUISVILLE METRO POLICE DEPT,Accepted,JEFFERSON,,,LONGFIELD,AVE,,US0060A,TAYLOR,,,,,38.198618136,-85.782776457,0.781,1/28/2021 12:00:00 AM,1850,2,2,0,0,CLEAR,WET,False,OTHER INTERSECTION COLLISIONS,REAR END,STRAIGHT & LEVEL,DARK-HWY LIGHTED/ON,,,1/29/2021 8:39:06 AM,False,7422,Accepted,
27725126,0568000,LOUISVILLE METRO POLICE DEPT,Accepted,JEFFERSON,,1340,4TH,ST,S,,,,,,,38.229185816,-85.761338207,1.916,1/28/2021 12:00:00 AM,1333,3,3,0,0,CLEAR,SNOW/SLUSH,False,COLLISION IN PARKING LOT,BACKING,STRAIGHT & LEVEL,DAYLIGHT,,,1/29/2021 8:39:10 AM,False,7472,Accepted,
27725133,0568000,LOUISVILLE METRO POLICE DEPT,Accepted,JEFFERSON,KY1065,,OUTER,LOOP,,,ROBBS,,,,,38.138049846,-85.665246128,7.241,1/28/2021 12:00:00 AM,1847,2,2,0,2,CLEAR,DRY,False,OPPOSING LEFT TURN,OPPOSING LEFT TURN,STRAIGHT & LEVEL,DARK-HWY LIGHTED/ON,,,1/29/2021 8:39:28 AM,False,5214,Accepted,
27725151,0568000,LOUISVILLE METRO POLICE DEPT,Accepted,JEFFERSON,KY1020,,3RD,ST,S,,YORK,,,,,38.244040703,-85.757054068,11.968,1/28/2021 12:00:00 AM,2050,2,2,0,0,CLEAR,DRY,False,ANGLE COLLISION - OTHER,ANGLE,STRAIGHT & LEVEL,DARK-HWY LIGHTED/ON,,,1/29/2021 8:40:06 AM,False,5236,Accepted,
27725112,0568000,LOUISVILLE METRO POLICE DEPT,Accepted,JEFFERSON,US0031W,7600,DIXIE,HWY,,,,,,,,38.140572175,-85.841138221,11.436,1/28/2021 12:00:00 AM,1602,2,2,0,1,CLEAR,DRY,False,SIDESWIPE COLLISION - SAME DIRECTION,SIDESWIPE-SAME DIRECTION,STRAIGHT & LEVEL,DAYLIGHT,,,1/29/2021 8:38:19 AM,False,5321,Accepted,
27725113,0568000,LOUISVILLE METRO POLICE DEPT,Accepted,JEFFERSON,US0150,,BROADWAY,,W,,,,1ST,KY1020,2ND,38.245837231,-85.755040811,2.560,1/28/2021 12:00:00 AM,1638,1,1,0,1,CLEAR,DRY,False,COLLISION WITH FIXED OBJECT NON - INTERSECTION - FIRST EVENT COLLISION 09 - 32 EXCLUDING 16,SINGLE VEHICLE,STRAIGHT & LEVEL,DAYLIGHT,,,1/29/2021 8:38:24 AM,False,7823,Accepted,
27725120,0568000,LOUISVILLE METRO POLICE DEPT,Accepted,JEFFERSON,KY1020,,NATIONAL,TPKE,,,,,,,,38.096959447,-85.738171028,1.394,1/28/2021 12:00:00 AM,1320,2,2,0,0,CLEAR,WET,False,HEAD-ON COLLISION,HEAD ON,CURVE & LEVEL,DAYLIGHT,,,1/29/2021 8:38:45 AM,False,7234,Accepted,
27725121,0568000,LOUISVILLE METRO POLICE DEPT,Accepted,JEFFERSON,US0031W,,DIXIE,HWY,,,,,,,,38.119199191,-85.857573648,9.575,1/28/2021 12:00:00 AM,1741,1,1,0,0,CLEAR,DRY,False,COLLISION WITH FIXED OBJECT NON - INTERSECTION - FIRST EVENT COLLISION 09 - 32 EXCLUDING 16,SINGLE VEHICLE,STRAIGHT & LEVEL,DAYLIGHT,,,1/29/2021 8:38:48 AM,False,7234,Accepted,
27725140,0568000,LOUISVILLE METRO POLICE DEPT,Accepted,JEFFERSON,,3001,CHAMBERLAIN,LN,,,,,,,,38.301028015,-85.547761363,2.500,1/28/2021 12:00:00 AM,2250,2,2,0,0,CLEAR,WET,False,1 VEHICLE PARKED POSITION (NOT PARKING LOT/DRIVEWAY),SIDESWIPE-OPPOSITE DIRECTION,CURVE & LEVEL,DARK-HWY NOT LIGHTED,,,1/29/2021 8:39:47 AM,False,5322,Accepted,
27738413,0568000,LOUISVILLE METRO POLICE DEPT,Accepted,JEFFERSON,I 0264,,I264 W,,,,,,,,,38.193362405,-85.711469029,13.115,1/28/2021 12:00:00 AM,1104,2,2,0,1,CLOUDY,DRY,False,REAR END IN TRAFFIC LANES BOTH VEHICLES MOVING,REAR END,STRAIGHT & LEVEL,DAYLIGHT,,,2/2/2021 8:04:01 AM,False,8278,Accepted,
27743020,0568000,LOUISVILLE METRO POLICE DEPT,Accepted,JEFFERSON,KY0864,,POPLAR LEVEL,RD,,,TAYLOR,,,,,38.199189371,-85.708109101,11.568,1/28/2021 12:00:00 AM,1424,3,3,0,1,CLEAR,DRY,False,ANGLE COLLISION - ONE VEHICLE TURNING RIGHT,ANGLE,STRAIGHT & LEVEL,DAYLIGHT,,,2/3/2021 8:27:00 AM,False,7938,Accepted,
27743029,0568000,LOUISVILLE METRO POLICE DEPT,Accepted,JEFFERSON,KY1934,,GREENBELT,HWY,,,ASHBY,,,,,38.110716442,-85.894262106,1.901,1/28/2021 12:00:00 AM,1800,2,2,0,1,CLEAR,DRY,False,ANGLE COLLISION - OTHER,ANGLE,STRAIGHT & LEVEL,DAYLIGHT,,,2/3/2021 8:28:00 AM,False,2311,Accepted,
27738407,0568000,LOUISVILLE METRO POLICE DEPT,Accepted,JEFFERSON,KY2251,,BARDSTOWN,RD,,,HIKES,,,,,38.199037131,-85.659999615,1.040,1/28/2021 12:00:00 AM,2138,2,2,0,4,CLOUDY,DRY,False,ANGLE COLLISION - OTHER,ANGLE,STRAIGHT & LEVEL,DARK-HWY LIGHTED/ON,,,2/2/2021 8:03:36 AM,False,7772,Accepted,
27738414,0568000,LOUISVILLE METRO POLICE DEPT,Accepted,JEFFERSON,I 0264,,I264 E,,,,,,,,,38.211534013,-85.670309288,15.727,1/28/2021 12:00:00 AM,1156,1,1,0,1,CLOUDY,DRY,False,OTHER ROADWAY OR MID-BLOCK COLLISION,SINGLE VEHICLE,STRAIGHT & GRADE,DAYLIGHT,,,2/2/2021 8:04:05 AM,False,8278,Accepted,
27747439,0568000,LOUISVILLE METRO POLICE DEPT,Accepted,JEFFERSON,,,WHITNEY,AVE,W,KY1020,SOUTHERN,,,,,38.193953226,-85.766813290,0.874,1/28/2021 12:00:00 AM,1900,2,2,0,0,CLEAR,DRY,True,ANGLE COLLISION - OTHER,ANGLE,STRAIGHT & LEVEL,DARK-HWY NOT LIGHTED,,,2/4/2021 8:10:07 AM,False,7298,Accepted,
27738411,0568000,LOUISVILLE METRO POLICE DEPT,Accepted,JEFFERSON,,,CANDLELIGHT,LN,,,,,,,,38.131555209,-85.777457817,0.414,1/27/2021 12:00:00 AM,1748,1,1,0,0,SNOWING,ICE,False,OTHER ROADWAY OR MID-BLOCK COLLISION,SINGLE VEHICLE,STRAIGHT & GRADE,DARK (UNKNOWN ROADWAY LIGHTING),,,2/2/2021 8:03:47 AM,False,7221,Accepted,
27763492,0568000,LOUISVILLE METRO POLICE DEPT,Accepted,JEFFERSON,US0150,,BROADWAY,,W,KY1020,2ND,,,,,38.245915118,-85.755048767,2.555,1/27/2021 12:00:00 AM,0820,2,2,0,0,CLOUDY,DRY,True,SIDESWIPE-SAME DIRECTION,SIDESWIPE-SAME DIRECTION,STRAIGHT & GRADE,DAWN,,,2/8/2021 2:26:50 PM,False,2661,Accepted,
27725123,0568000,LOUISVILLE METRO POLICE DEPT,Accepted,JEFFERSON,KY2860,,GRINSTEAD,DR,,,GLENMARY,,,,,38.242947427,-85.707365189,0.860,1/27/2021 12:00:00 AM,1734,2,2,0,0,SNOWING,SNOW/SLUSH,False,OTHER INTERSECTION COLLISIONS,REAR END,STRAIGHT & GRADE,DARK-HWY LIGHTED/ON,,,1/29/2021 8:38:54 AM,False,5006,Accepted,
27725064,0568000,LOUISVILLE METRO POLICE DEPT,Accepted,JEFFERSON,KY1747,,HURSTBOURNE,PKWY,N,,,KY1447,WESTPORT,KY1747,KY1747 CROSSOVER,38.286615730,-85.571451460,16.957,1/27/2021 12:00:00 AM,1451,2,2,0,0,CLOUDY,DRY,False,SIDESWIPE COLLISION - SAME DIRECTION,SIDESWIPE-SAME DIRECTION,STRAIGHT & LEVEL,DAYLIGHT,,,1/29/2021 8:36:43 AM,False,7751,Accepted,
27720990,0568000,LOUISVILLE METRO POLICE DEPT,Accepted,JEFFERSON,US0031E,,BARDSTOWN,RD,,,CEDARLOOK,,,,,38.147051903,-85.585863973,5.333,1/27/2021 12:00:00 AM,1147,2,2,0,0,CLOUDY,DRY,False,OPPOSING LEFT TURN,OPPOSING LEFT TURN,STRAIGHT & LEVEL,DAYLIGHT,,,1/28/2021 8:38:57 AM,False,4693,Accepted,
27720999,0568000,LOUISVILLE METRO POLICE DEPT,Accepted,JEFFERSON,US0031W,5363,DIXIE,HWY,,,,,,,,38.156278665,-85.834705968,12.430,1/27/2021 12:00:00 AM,1823,2,2,0,0,SNOWING,WET,False,COLLISION IN PARKING LOT,REAR END,STRAIGHT & LEVEL,DUSK,,,1/28/2021 8:39:33 AM,False,7234,Accepted,
27720992,0568000,LOUISVILLE METRO POLICE DEPT,Accepted,JEFFERSON,I 0264,,I264 E,,,,,,,,,38.190129712,-85.755700299,10.652,1/27/2021 12:00:00 AM,0751,4,4,0,0,CLOUDY,DRY,False,REAR END IN TRAFFIC LANES BOTH VEHICLES MOVING,REAR END,STRAIGHT & GRADE,DAYLIGHT,,,1/28/2021 8:39:05 AM,False,7772,Accepted,
27721000,0568000,LOUISVILLE METRO POLICE DEPT,Accepted,JEFFERSON,KY2845,6106,MANSLICK,RD,E,,ROTH,,,,,38.121742631,-85.648001770,1.819,1/27/2021 12:00:00 AM,2120,1,1,0,0,SNOWING,SNOW/SLUSH,False,COLLISION WITH FIXED OBJECT IN INTERSECTION - FIRST EVENT COLLISION 09 - 32,SINGLE VEHICLE,STRAIGHT & GRADE,DARK-HWY NOT LIGHTED,,,1/28/2021 8:39:36 AM,False,5214,Accepted,
27721001,0568000,LOUISVILLE METRO POLICE DEPT,Accepted,JEFFERSON,,122,ST CATHERINE,ST,W,,,,,,,38.236981510,-85.755869787,0.052,1/27/2021 12:00:00 AM,0152,3,3,0,1,CLOUDY,DRY,False,1 VEHICLE PARKED POSITION (NOT PARKING LOT/DRIVEWAY),SIDESWIPE-SAME DIRECTION,STRAIGHT & LEVEL,DARK-HWY LIGHTED/ON,,,1/28/2021 8:39:39 AM,False,5230,Accepted,
27721002,0568000,LOUISVILLE METRO POLICE DEPT,Accepted,JEFFERSON,,2515,CHESTNUT,ST,W,,,,26TH,,24TH,38.252885569,-85.793396318,0.413,1/27/2021 12:00:00 AM,2318,2,2,0,0,SNOWING,SNOW/SLUSH,True,1 VEHICLE PARKED POSITION (NOT PARKING LOT/DRIVEWAY),SIDESWIPE-SAME DIRECTION,STRAIGHT & LEVEL,DARK-HWY LIGHTED/ON,,,1/28/2021 8:39:42 AM,False,5021,Accepted,
27725107,0568000,LOUISVILLE METRO POLICE DEPT,Accepted,JEFFERSON,KY3064,,NORTHWESTERN,PKWY,,KY3217,37TH,,,,,38.274437179,-85.808189247,1.509,1/27/2021 12:00:00 AM,1640,2,2,0,0,CLOUDY,DRY,False,SIDESWIPE-SAME DIRECTION,SIDESWIPE-SAME DIRECTION,STRAIGHT & LEVEL,DAYLIGHT,,,1/29/2021 8:38:02 AM,False,2403,Accepted,
27725073,0568000,LOUISVILLE METRO POLICE DEPT,Accepted,JEFFERSON,,,DURRETT,LN,,,TRINITY,,,,,38.189965053,-85.717935609,0.418,1/27/2021 12:00:00 AM,1739,2,2,0,0,SNOWING,SNOW/SLUSH,False,SIDESWIPE-SAME DIRECTION,SIDESWIPE-SAME DIRECTION,STRAIGHT & LEVEL,DUSK,,,1/29/2021 8:36:54 AM,False,2532,Accepted,
27725089,0568000,LOUISVILLE METRO POLICE DEPT,Accepted,JEFFERSON,,,CHESTNUT,ST,W,US0031W,22ND,,,,,38.252249826,-85.787709243,0.726,1/27/2021 12:00:00 AM,1330,2,2,0,1,CLOUDY,DRY,False,ANGLE COLLISION - OTHER,ANGLE,STRAIGHT & LEVEL,DAYLIGHT,,,1/29/2021 8:37:06 AM,False,2403,Accepted,
27725103,0568000,LOUISVILLE METRO POLICE DEPT,Accepted,JEFFERSON,US0031E,,BARDSTOWN,RD,,,BRIGHTON,,,,,38.214064286,-85.673509334,12.253,1/27/2021 12:00:00 AM,1222,2,2,0,1,CLOUDY,DRY,False,ANGLE COLLISION - OTHER,ANGLE,STRAIGHT & LEVEL,DAYLIGHT,,,1/29/2021 8:37:33 AM,False,5317,Accepted,
27720994,0568000,LOUISVILLE METRO POLICE DEPT,Accepted,JEFFERSON,,,CHESTNUT,ST,W,,,,28TH,,29TH,38.253535210,-85.798619633,0.125,1/27/2021 12:00:00 AM,1319,2,2,0,2,CLOUDY,DRY,False,1 VEHICLE PARKED POSITION (NOT PARKING LOT/DRIVEWAY),REAR END,STRAIGHT & LEVEL,DAYLIGHT,,,1/28/2021 8:39:14 AM,False,7805,Accepted,
27720995,0568000,LOUISVILLE METRO POLICE DEPT,Accepted,JEFFERSON,,,JEFFERSON,ST,E,KY0061,JACKSON,,,,,38.252455455,-85.744322889,0.625,1/27/2021 12:00:00 AM,1707,2,2,0,0,SNOWING,SNOW/SLUSH,True,SIDESWIPE-SAME DIRECTION,SIDESWIPE-SAME DIRECTION,STRAIGHT & LEVEL,DAYLIGHT,,,1/28/2021 8:39:18 AM,False,7118,Accepted,
27721004,0568000,LOUISVILLE METRO POLICE DEPT,Accepted,JEFFERSON,,,ROBARDS,LN,,,,,,,,38.194099307,-85.692334958,0.383,1/27/2021 12:00:00 AM,2013,1,1,0,0,SNOWING,SNOW/SLUSH,False,COLLISION WITH FIXED OBJECT NON - INTERSECTION - FIRST EVENT COLLISION 09 - 32 EXCLUDING 16,SINGLE VEHICLE,STRAIGHT & LEVEL,DARK-HWY LIGHTED/ON,,,1/28/2021 8:39:48 AM,False,5024,Accepted,
27721006,0568000,LOUISVILLE METRO POLICE DEPT,Accepted,JEFFERSON,,,46TH,ST,S,,MARKET,,,,,38.264502833,-85.823238711,0.124,1/27/2021 12:00:00 AM,1930,1,1,0,0,SNOWING,SNOW/SLUSH,False,COLLISION WITH FIXED OBJECT IN INTERSECTION - FIRST EVENT COLLISION 09 - 32,SINGLE VEHICLE,STRAIGHT & LEVEL,DARK-HWY LIGHTED/ON,,,1/28/2021 8:39:53 AM,False,5057,Accepted,
27720989,0568000,LOUISVILLE METRO POLICE DEPT,Accepted,JEFFERSON,KY1230,9001,CANE RUN,RD,,,,,,,,38.123854645,-85.897939304,3.189,1/27/2021 12:00:00 AM,0921,1,1,0,1,CLOUDY,DRY,False,OTHER COLLISIONS ON SHOULDER,SINGLE VEHICLE,STRAIGHT & LEVEL,DAYLIGHT,,,1/28/2021 8:38:54 AM,False,5321,Accepted,
27720996,0568000,LOUISVILLE METRO POLICE DEPT,Accepted,JEFFERSON,US0042,,BROWNSBORO,RD,,,,,,,,38.259261549,-85.694789055,2.244,1/27/2021 12:00:00 AM,1729,1,1,0,0,SNOWING,SNOW/SLUSH,False,COLLISION WITH FIXED OBJECT NON - INTERSECTION - FIRST EVENT COLLISION 09 - 32 EXCLUDING 16,SINGLE VEHICLE,STRAIGHT & LEVEL,DUSK,,,1/28/2021 8:39:24 AM,False,5311,Accepted,
27720997,0568000,LOUISVILLE METRO POLICE DEPT,Accepted,JEFFERSON,,,3RD,ST,S,,WELLINGTON,,,,,38.183951250,-85.765786639,1.152,1/27/2021 12:00:00 AM,1730,2,2,0,0,SNOWING,SNOW/SLUSH,False,ANGLE COLLISION - OTHER,ANGLE,STRAIGHT & LEVEL,DARK-HWY LIGHTED/ON,,,1/28/2021 8:39:27 AM,False,7048,Accepted,
27717051,0568000,LOUISVILLE METRO POLICE DEPT,Accepted,JEFFERSON,KY1065,,OUTER,LOOP,,,CAROL,,,,,38.138351038,-85.684373278,6.187,1/26/2021 12:00:00 AM,1703,2,2,0,2,CLOUDY,DRY,False,ANGLE COLLISION - OTHER,ANGLE,STRAIGHT & LEVEL,DAYLIGHT,,,1/27/2021 8:50:52 AM,False,5026,Accepted,
27717059,0568000,LOUISVILLE METRO POLICE DEPT,Accepted,JEFFERSON,,,MADISON,ST,W,,18TH,,,,,38.252603149,-85.780848551,0.452,1/26/2021 12:00:00 AM,2051,2,2,0,1,CLEAR,DRY,True,ANGLE COLLISION - OTHER,ANGLE,STRAIGHT & LEVEL,DARK-HWY LIGHTED/ON,,,1/27/2021 8:51:38 AM,False,5328,Accepted,
27717052,0568000,LOUISVILLE METRO POLICE DEPT,Accepted,JEFFERSON,I 0065,,,,,,,,,,,38.191196589,-85.721257190,0.152,1/26/2021 12:00:00 AM,1051,1,1,0,0,CLOUDY,DRY,False,OTHER ROADWAY OR MID-BLOCK COLLISION,SINGLE VEHICLE,STRAIGHT & LEVEL,DAYLIGHT,,,1/27/2021 8:50:56 AM,False,5337,Accepted,
27717061,0568000,LOUISVILLE METRO POLICE DEPT,Accepted,JEFFERSON,I 0064,,I64 E,,,,,,,,,38.249596654,-85.708315618,7.620,1/26/2021 12:00:00 AM,0255,2,2,0,1,CLOUDY,WET,True,SIDESWIPE COLLISION - SAME DIRECTION,SIDESWIPE-SAME DIRECTION,STRAIGHT & LEVEL,DARK (UNKNOWN ROADWAY LIGHTING),,,1/27/2021 8:51:41 AM,True,5330,Accepted,
27713827,0568000,LOUISVILLE METRO POLICE DEPT,Accepted,JEFFERSON,US0150,,BROADWAY,,W,,15TH,,,,,38.248205605,-85.776558072,1.374,1/26/2021 12:00:00 AM,1058,2,2,0,0,CLOUDY,WET,False,ANGLE COLLISION - OTHER,ANGLE,STRAIGHT & LEVEL,DAYLIGHT,,,1/26/2021 3:32:38 PM,False,7463,Accepted,
27717064,0568000,LOUISVILLE METRO POLICE DEPT,Accepted,JEFFERSON,,,BROADWAY,,W,,29TH,,,,,38.249688864,-85.799961438,0.634,1/26/2021 12:00:00 AM,2028,2,2,0,0,CLEAR,DRY,False,ANGLE COLLISION - OTHER,ANGLE,STRAIGHT & LEVEL,DARK-HWY LIGHTED/ON,,,1/27/2021 8:51:48 AM,False,5047,Accepted,
27717065,0568000,LOUISVILLE METRO POLICE DEPT,Accepted,JEFFERSON,,,ALGONQUIN,PKWY,,,GIBSON,,,,,38.232651083,-85.830381317,0.806,1/26/2021 12:00:00 AM,0230,2,1,0,0,RAINING,WET,False,COLLISION WITH TRAIN,SINGLE VEHICLE,CURVE & LEVEL,DARK (UNKNOWN ROADWAY LIGHTING),,,1/27/2021 8:51:52 AM,False,5202,Accepted,
27717066,0568000,LOUISVILLE METRO POLICE DEPT,Accepted,JEFFERSON,,,FLOWERVALE,LN,,,,,WINDING STREAM,,LEWIS,38.083589531,-85.876344000,0.229,1/26/2021 12:00:00 AM,1955,2,2,0,0,CLEAR,DRY,True,SIDESWIPE COLLISION - SAME DIRECTION,SIDESWIPE-SAME DIRECTION,CURVE & LEVEL,DARK-HWY LIGHTED/OFF,,,1/27/2021 8:51:56 AM,False,7295,Accepted,
27712872,0568000,LOUISVILLE METRO POLICE DEPT,Accepted,JEFFERSON,I 0065,,I65 S,,,,,,,,,38.174992130,-85.719813639,129.514,1/26/2021 12:00:00 AM,0944,2,2,0,0,CLOUDY,DRY,False,SIDESWIPE COLLISION - SAME DIRECTION,SIDESWIPE-SAME DIRECTION,CURVE & GRADE,DAYLIGHT,,,1/26/2021 11:14:28 AM,False,4903,Accepted,
27712863,0568000,LOUISVILLE METRO POLICE DEPT,Accepted,JEFFERSON,,657,35TH,ST,S,,,,,,,38.251106036,-85.809948085,0.497,1/26/2021 12:00:00 AM,0041,3,3,0,0,CLEAR,WET,False,1 VEHICLE PARKED POSITION (NOT PARKING LOT/DRIVEWAY),SIDESWIPE-SAME DIRECTION,STRAIGHT & LEVEL,DARK-HWY LIGHTED/ON,,,1/26/2021 11:13:53 AM,False,5318,Accepted,
27712870,0568000,LOUISVILLE METRO POLICE DEPT,Accepted,JEFFERSON,I 0264,,I264 E,,,,,,,,,38.203257760,-85.827465097,5.445,1/26/2021 12:00:00 AM,0707,2,2,0,0,CLOUDY,DRY,False,SIDESWIPE COLLISION - SAME DIRECTION,SIDESWIPE-SAME DIRECTION,CURVE & LEVEL,DARK-HWY LIGHTED/ON,,,1/26/2021 11:14:15 AM,False,4903,Accepted,
27712871,0568000,LOUISVILLE METRO POLICE DEPT,Accepted,JEFFERSON,I 0264,,I264 E,,,,,,,,,38.203281632,-85.827484465,5.447,1/26/2021 12:00:00 AM,0707,3,3,0,0,CLOUDY,DRY,False,REAR END IN TRAFFIC LANES BOTH VEHICLES MOVING,REAR END,CURVE & LEVEL,DARK-HWY LIGHTED/ON,,,1/26/2021 11:14:21 AM,True,4903,Accepted,
27717057,0568000,LOUISVILLE METRO POLICE DEPT,Accepted,JEFFERSON,KY1747,,HURSTBOURNE,PKWY,S,,PATRIOTS CROSSING,,,,,38.162471850,-85.633777224,5.555,1/26/2021 12:00:00 AM,2050,2,2,0,0,CLEAR,DRY,False,ANGLE COLLISION - OTHER,ANGLE,STRAIGHT & LEVEL,DARK-HWY NOT LIGHTED,,,1/27/2021 8:51:30 AM,False,7120,Accepted,
27712868,0568000,LOUISVILLE METRO POLICE DEPT,Accepted,JEFFERSON,,,MUHAMMAD ALI,BLVD,W,,16TH,,,,,38.253349494,-85.777362443,1.361,1/26/2021 12:00:00 AM,0851,2,2,0,0,CLOUDY,WET,False,COLLISION WITH PARKED VEHICLE,SIDESWIPE-SAME DIRECTION,STRAIGHT & LEVEL,DAYLIGHT,,,1/26/2021 11:14:09 AM,False,7220,Accepted,
27713830,0568000,LOUISVILLE METRO POLICE DEPT,Accepted,JEFFERSON,I 0065,,,,,,,,,,,38.246947424,-85.752447543,0.098,1/26/2021 12:00:00 AM,1159,2,2,0,0,CLOUDY,DRY,False,OTHER RAMP RELATED COLLISIONS NOT LISTED ABOVE,REAR END,STRAIGHT & HILLCREST,DAYLIGHT,W CHESTNUT ST,I 0065,1/26/2021 3:32:50 PM,False,7239,Accepted,
27713831,0568000,LOUISVILLE METRO POLICE DEPT,Accepted,JEFFERSON,KY1932,,BRECKENRIDGE,LN,,,,,,,,38.216228563,-85.627019971,2.542,1/26/2021 12:00:00 AM,1042,2,1,0,1,CLOUDY,WET,False,COLLISION WITH PEDESTRIAN NON - INTERSECTION,SINGLE VEHICLE,STRAIGHT & LEVEL,DAYLIGHT,,,1/26/2021 3:32:56 PM,False,4693,Accepted,
27713832,0568000,LOUISVILLE METRO POLICE DEPT,Accepted,JEFFERSON,KY1931,,GREENWOOD,RD,,,,,,,,38.144476764,-85.869449890,1.513,1/26/2021 12:00:00 AM,1253,2,2,0,0,CLOUDY,DRY,False,1 VEHICLE ENTERING/LEAVING ENTRANCE,ANGLE,STRAIGHT & LEVEL,DAYLIGHT,,,1/26/2021 3:33:02 PM,False,7234,Accepted,
27717046,0568000,LOUISVILLE METRO POLICE DEPT,Accepted,JEFFERSON,KY1531,17558,AIKEN,RD,,,,,,,,38.273848655,-85.445108163,12.395,1/26/2021 12:00:00 AM,1029,2,2,0,0,CLEAR,WET,False,REAR END IN TRAFFIC LANES BOTH VEHICLES MOVING,REAR END,STRAIGHT & LEVEL,DAYLIGHT,,,1/27/2021 8:50:18 AM,False,7751,Accepted,
27717047,0568000,LOUISVILLE METRO POLICE DEPT,Accepted,JEFFERSON,I 0065,,I65 S,,,,,,,,,38.237373887,-85.752587731,134.669,1/26/2021 12:00:00 AM,1538,2,2,0,0,CLOUDY,DRY,False,SIDESWIPE COLLISION - SAME DIRECTION,SIDESWIPE-SAME DIRECTION,CURVE & LEVEL,DAYLIGHT,,,1/27/2021 8:50:30 AM,False,7229,Accepted,
27717054,0568000,LOUISVILLE METRO POLICE DEPT,Accepted,JEFFERSON,KY1865,,NEW CUT,RD,,,INVERNESS,,,,,38.163823544,-85.779759279,3.924,1/26/2021 12:00:00 AM,1529,2,2,0,0,CLEAR,DRY,True,ANGLE COLLISION - OTHER,ANGLE,STRAIGHT & LEVEL,DAYLIGHT,,,1/27/2021 8:51:11 AM,False,5312,Accepted,
27717055,0568000,LOUISVILLE METRO POLICE DEPT,Accepted,JEFFERSON,,,PEACHTREE,AVE,,,LEHIGH,,,,,38.180981248,-85.779125788,1.219,1/26/2021 12:00:00 AM,1440,2,2,0,0,CLEAR,DRY,False,SIDESWIPE-SAME DIRECTION,SIDESWIPE-SAME DIRECTION,STRAIGHT & LEVEL,DAYLIGHT,,,1/27/2021 8:51:16 AM,False,7918,Accepted,
27717063,0568000,LOUISVILLE METRO POLICE DEPT,Accepted,JEFFERSON,,,NORTHWESTERN,PKWY,,,33RD,,,,,38.274950112,-85.800978796,1.782,1/26/2021 12:00:00 AM,2136,1,1,0,0,CLEAR,DRY,False,COLLISION WITH FIXED OBJECT IN INTERSECTION - FIRST EVENT COLLISION 09 - 32,SINGLE VEHICLE,CURVE & LEVEL,DARK-HWY LIGHTED/ON,,,1/27/2021 8:51:45 AM,False,5329,Accepted,
27734825,0568000,LOUISVILLE METRO POLICE DEPT,Accepted,JEFFERSON,US0031E,,BARDSTOWN,RD,,,FERNDALE,,,,,38.155526143,-85.589997523,5.950,1/26/2021 12:00:00 AM,1920,1,1,0,1,CLOUDY,DRY,False,COLLISION WITH FIXED OBJECT IN INTERSECTION - FIRST EVENT COLLISION 09 - 32,SINGLE VEHICLE,STRAIGHT & LEVEL,DARK-HWY LIGHTED/ON,,,2/1/2021 10:55:08 AM,False,6878,Accepted,