IncidentID,AgencyORI,AgencyName,IncidentStatusDesc,County,RdwyNumber,Street,RoadwayName,StreetSfx,StreetDir,IntersectionRdwy,IntersectionRdwyName,BetweenStRdwy1,BetweenStRdwyName1,BetweenStRdwy2,BetweenStRdwyName2,Latitude,Longitude,Milepoint,CollisionDate,CollisionTime,UnitsInvolved,MotorVehiclesInvolved,NumberKilled,NumberInjured,Weather,RdwyConditionCode,HitandRun,DirAnalysisCode,MannerofCollision,RdwyCharacter,LightCondition,RampFromRdwyId,RampToRdwyId,AcceptedDate,IsSecondaryCollision,OwnerBadge,IncidentStatus,
27734851,0568000,LOUISVILLE METRO POLICE DEPT,Accepted,JEFFERSON,KY1703,,NEWBURG,RD,,,,,,,,38.214208124,-85.702152610,3.477,1/26/2021 12:00:00 AM,1445,2,2,0,1,CLOUDY,DRY,False,OTHER ROADWAY OR MID-BLOCK COLLISION,REAR END,STRAIGHT & LEVEL,DAYLIGHT,,,2/1/2021 10:55:41 AM,False,6813,Accepted,
27734870,0568000,LOUISVILLE METRO POLICE DEPT,Accepted,JEFFERSON,,,PARTHENIA,AVE,,,CONN,,,,,38.195874192,-85.792122174,0.762,1/26/2021 12:00:00 AM,1700,2,2,0,1,CLOUDY,DRY,True,ANGLE COLLISION - ONE VEHICLE TURNING LEFT,ANGLE,STRAIGHT & LEVEL,DAYLIGHT,,,2/1/2021 10:56:36 AM,False,7468,Accepted,
27734848,0568000,LOUISVILLE METRO POLICE DEPT,Accepted,JEFFERSON,US0060A,,EASTERN,PKWY,,,,,BARRET,,CROSS,38.226700898,-85.719824245,6.142,1/26/2021 12:00:00 AM,1128,1,1,0,0,CLOUDY,WET,False,COLLISION WITH FIXED OBJECT NON - INTERSECTION - FIRST EVENT COLLISION 09 - 32 EXCLUDING 16,SINGLE VEHICLE,CURVE & GRADE,DAYLIGHT,,,2/1/2021 10:55:36 AM,False,2228,Accepted,
27734861,0568000,LOUISVILLE METRO POLICE DEPT,Accepted,JEFFERSON,,,HIKES,LN,,,,,DOWNING,,CHEVY CHASE,38.202457901,-85.654550498,1.277,1/26/2021 12:00:00 AM,1825,2,2,0,0,CLEAR,DRY,False,1 VEHICLE ENTERING/LEAVING ENTRANCE,ANGLE,STRAIGHT & LEVEL,DARK-HWY LIGHTED/ON,,,2/1/2021 10:56:07 AM,False,5171,Accepted,
27734963,0568000,LOUISVILLE METRO POLICE DEPT,Accepted,JEFFERSON,I 0264,,I264 E,,,,,,,,,38.285641028,-85.642674904,22.630,1/25/2021 12:00:00 AM,1156,2,2,0,0,RAINING,WET,False,1 VEHICLE PARKED POSITION (NOT PARKING LOT/DRIVEWAY),SIDESWIPE-SAME DIRECTION,STRAIGHT & LEVEL,DAYLIGHT,,,2/1/2021 11:03:37 AM,False,8278,Accepted,
27734923,0568000,LOUISVILLE METRO POLICE DEPT,Accepted,JEFFERSON,,7100,RAGGARD,RD,,,,,,,,38.172142873,-85.868919458,0.209,1/25/2021 12:00:00 AM,1452,2,1,0,1,RAINING,WET,True,COLLISION IN PARKING LOT,SINGLE VEHICLE,STRAIGHT & LEVEL,DAYLIGHT,,,2/1/2021 10:59:47 AM,False,2457,Accepted,
27734904,0568000,LOUISVILLE METRO POLICE DEPT,Accepted,JEFFERSON,KY0155,3106,TAYLORSVILLE,RD,,,,,,,,38.222420446,-85.661973494,15.300,1/25/2021 12:00:00 AM,1820,4,4,0,0,RAINING,WET,False,OTHER ROADWAY OR MID-BLOCK COLLISION,REAR END,STRAIGHT & LEVEL,DARK (UNKNOWN ROADWAY LIGHTING),,,2/1/2021 10:58:33 AM,False,5330,Accepted,
27712824,0568000,LOUISVILLE METRO POLICE DEPT,Accepted,JEFFERSON,,,MUHAMMAD ALI,BLVD,W,,ROY WILKINS,,,,,38.252015083,-85.765485127,0.701,1/25/2021 12:00:00 AM,1120,2,2,0,1,RAINING,WET,False,ANGLE COLLISION - OTHER,ANGLE,STRAIGHT & LEVEL,DAYLIGHT,,,1/26/2021 11:11:33 AM,False,7229,Accepted,
27712825,0568000,LOUISVILLE METRO POLICE DEPT,Accepted,JEFFERSON,I 0264,,,,,,,,,,,38.202903319,-85.684866154,0.189,1/25/2021 12:00:00 AM,0721,2,2,0,0,RAINING,WET,False,OTHER RAMP RELATED COLLISIONS NOT LISTED ABOVE,REAR END,STRAIGHT & GRADE,DARK-HWY LIGHTED/ON,KY1703,I 0264,1/26/2021 11:11:38 AM,False,6813,Accepted,
27712830,0568000,LOUISVILLE METRO POLICE DEPT,Accepted,JEFFERSON,KY0155,,TAYLORSVILLE,RD,,,,,,,,38.187442884,-85.519417571,6.634,1/25/2021 12:00:00 AM,0951,2,2,0,0,RAINING,WET,False,REAR END IN TRAFFIC LANES BOTH VEHICLES MOVING,REAR END,STRAIGHT & LEVEL,DAYLIGHT,,,1/26/2021 11:11:50 AM,False,4693,Accepted,
27712831,0568000,LOUISVILLE METRO POLICE DEPT,Accepted,JEFFERSON,KY0061,,PRESTON,HWY,,,LAMBERT,,,,,38.134436618,-85.684533398,3.665,1/25/2021 12:00:00 AM,1332,2,2,0,3,RAINING,WET,False,ANGLE COLLISION - OTHER,ANGLE,STRAIGHT & LEVEL,DAYLIGHT,,,1/26/2021 11:11:56 AM,False,4693,Accepted,
27708976,0568000,LOUISVILLE METRO POLICE DEPT,Accepted,JEFFERSON,US0031W,15698,DIXIE,HWY,,,,,DEPOT,US0031W,DIXIE,38.027654163,-85.916441321,2.359,1/25/2021 12:00:00 AM,0251,1,1,0,1,CLOUDY,WET,False,COLLISION WITH FIXED OBJECT NON - INTERSECTION - FIRST EVENT COLLISION 09 - 32 EXCLUDING 16,SINGLE VEHICLE,CURVE & HILLCREST,DARK-HWY NOT LIGHTED,,,1/25/2021 10:10:21 AM,False,5211,Accepted,
27712819,0568000,LOUISVILLE METRO POLICE DEPT,Accepted,JEFFERSON,,,OAK,ST,W,,15TH,,,,,38.236644532,-85.778373364,1.260,1/25/2021 12:00:00 AM,1020,1,1,0,0,RAINING,WATER (STANDING OR MOVING),False,OTHER INTERSECTION COLLISIONS,SINGLE VEHICLE,STRAIGHT & LEVEL,DAYLIGHT,,,1/26/2021 11:11:06 AM,False,5309,Accepted,
27712836,0568000,LOUISVILLE METRO POLICE DEPT,Accepted,JEFFERSON,KY1934,,CANE RUN,RD,,,VAN WINKLE,,,,,38.202036856,-85.833939981,9.464,1/25/2021 12:00:00 AM,1648,2,2,0,1,CLOUDY,WET,False,OTHER INTERSECTION COLLISIONS,REAR END,STRAIGHT & LEVEL,DAYLIGHT,,,1/26/2021 11:12:43 AM,False,7467,Accepted,
27712843,0568000,LOUISVILLE METRO POLICE DEPT,Accepted,JEFFERSON,I 0064,,I64 W,,,,,,,,,38.275994724,-85.792297519,1.893,1/25/2021 12:00:00 AM,1836,1,1,0,1,RAINING,WET,False,COLLISION WITH FIXED OBJECT NON - INTERSECTION - FIRST EVENT COLLISION 09 - 32 EXCLUDING 16,SINGLE VEHICLE,STRAIGHT & LEVEL,DARK-HWY LIGHTED/ON,,,1/26/2021 11:13:07 AM,False,7805,Accepted,
27712854,0568000,LOUISVILLE METRO POLICE DEPT,Accepted,JEFFERSON,,3127,VERMONT,AVE,,,,,,,,38.255120744,-85.803481721,0.152,1/25/2021 12:00:00 AM,1933,3,3,0,0,RAINING,WET,False,1 VEHICLE PARKED POSITION (NOT PARKING LOT/DRIVEWAY),SIDESWIPE-SAME DIRECTION,STRAIGHT & LEVEL,DARK-HWY LIGHTED/ON,,,1/26/2021 11:13:29 AM,False,5008,Accepted,
27712860,0568000,LOUISVILLE METRO POLICE DEPT,Accepted,JEFFERSON,US0031W,,DIXIE,HWY,,,PARAMOUNT,,,,,38.134468275,-85.845324199,10.878,1/25/2021 12:00:00 AM,2144,2,2,0,0,RAINING,WET,True,REAR END - ONE VEHICLE TURNING RIGHT,REAR END,STRAIGHT & LEVEL,DARK-HWY LIGHTED/ON,,,1/26/2021 11:13:44 AM,False,5121,Accepted,
27708974,0568000,LOUISVILLE METRO POLICE DEPT,Accepted,JEFFERSON,,,POPE,ST,,US0060,FRANKFORT,,,,,38.256798427,-85.716639520,0.231,1/25/2021 12:00:00 AM,0045,2,2,0,3,CLEAR,WET,False,ANGLE COLLISION - OTHER,ANGLE,STRAIGHT & LEVEL,DARK-HWY LIGHTED/ON,,,1/25/2021 10:10:06 AM,False,5240,Accepted,
27712847,0568000,LOUISVILLE METRO POLICE DEPT,Accepted,JEFFERSON,I 0264,,I264 W,,,,,,,,,38.190364366,-85.755900603,10.728,1/25/2021 12:00:00 AM,1930,2,2,0,4,RAINING,WET,True,1 VEHICLE ENTERING/LEAVING ENTRANCE,ANGLE,STRAIGHT & LEVEL,DARK-HWY LIGHTED/ON,,,1/26/2021 11:13:22 AM,False,5163,Accepted,
27712832,0568000,LOUISVILLE METRO POLICE DEPT,Accepted,JEFFERSON,,1428,8TH,ST,S,,BURNETT,,,,,38.228213149,-85.769119259,0.067,1/25/2021 12:00:00 AM,1439,1,1,0,0,RAINING,WET,False,COLLISION WITH FIXED OBJECT IN INTERSECTION - FIRST EVENT COLLISION 09 - 32,SINGLE VEHICLE,STRAIGHT & LEVEL,DAYLIGHT,,,1/26/2021 11:12:02 AM,False,5272,Accepted,
27712833,0568000,LOUISVILLE METRO POLICE DEPT,Accepted,JEFFERSON,I 0264,,I264 W,,,,,I 0065,I65 W EXIT11 OFF RAMP,I 0065,I264 W EXIT12 OFF RAMP TO,38.191209714,-85.719974904,12.615,1/25/2021 12:00:00 AM,1450,2,2,0,2,RAINING,WET,False,REAR END IN TRAFFIC LANES BOTH VEHICLES MOVING,REAR END,CURVE & HILLCREST,DAYLIGHT,,,1/26/2021 11:12:08 AM,False,7339,Accepted,
27712840,0568000,LOUISVILLE METRO POLICE DEPT,Accepted,JEFFERSON,,,CRITTENDEN,DR,,,ATWOOD,,,,,38.215290078,-85.750743884,0.108,1/25/2021 12:00:00 AM,1218,2,2,0,0,RAINING,WET,False,COLLISION WITH PARKED VEHICLE,SIDESWIPE-SAME DIRECTION,STRAIGHT & LEVEL,DAYLIGHT,,,1/26/2021 11:12:56 AM,False,7468,Accepted,
27717058,0568000,LOUISVILLE METRO POLICE DEPT,Accepted,JEFFERSON,,,GUTHRIE,ST,,KY1020,2ND,,,,,38.249762323,-85.754418794,0.005,1/25/2021 12:00:00 AM,2005,2,2,0,0,CLEAR,WET,True,COLLISION WITH PARKED VEHICLE,REAR END,STRAIGHT & LEVEL,DARK-HWY LIGHTED/ON,,,1/27/2021 8:51:34 AM,False,5328,Accepted,
27713828,0568000,LOUISVILLE METRO POLICE DEPT,Accepted,JEFFERSON,I 0264,,I264 W,,,,,,,,,38.189573199,-85.777705191,9.549,1/25/2021 12:00:00 AM,1137,1,1,0,0,RAINING,WET,False,OTHER COLLISIONS ON SHOULDER,SINGLE VEHICLE,CURVE & GRADE,DAYLIGHT,,,1/26/2021 3:32:42 PM,False,6886,Accepted,
27713835,0568000,LOUISVILLE METRO POLICE DEPT,Accepted,JEFFERSON,US0031W,,DIXIE,HWY,,KY2051,ROCKFORD,,,,,38.174605493,-85.823382900,13.821,1/25/2021 12:00:00 AM,1635,2,2,0,0,CLOUDY,WET,False,OTHER INTERSECTION COLLISIONS,REAR END,STRAIGHT & LEVEL,DUSK,,,1/26/2021 3:33:14 PM,False,7356,Accepted,
27717050,0568000,LOUISVILLE METRO POLICE DEPT,Accepted,JEFFERSON,I 0264,,I264 E,,,,,,,,,38.189767994,-85.767565603,10.005,1/25/2021 12:00:00 AM,1344,2,2,0,1,FOG WITH RAIN,WATER (STANDING OR MOVING),False,1 VEHICLE ENTERING/LEAVING ENTRANCE,ANGLE,STRAIGHT & GRADE,DAYLIGHT,,,1/27/2021 8:50:47 AM,False,7628,Accepted,
27712857,0568000,LOUISVILLE METRO POLICE DEPT,Accepted,JEFFERSON,KY1865,4905,NEW CUT,RD,,,,,,,,38.166765795,-85.780421498,4.131,1/25/2021 12:00:00 AM,1930,3,3,0,1,RAINING,WET,False,REAR END IN TRAFFIC LANES BOTH VEHICLES MOVING,REAR END,STRAIGHT & LEVEL,DARK-HWY LIGHTED/ON,,,1/26/2021 11:13:34 AM,False,7295,Accepted,
27712858,0568000,LOUISVILLE METRO POLICE DEPT,Accepted,JEFFERSON,KY1747,1983,HURSTBOURNE,PKWY,S,,,,,,,38.217628716,-85.587043918,11.288,1/25/2021 12:00:00 AM,1940,2,2,0,0,RAINING,WET,True,REAR END IN TRAFFIC LANES BOTH VEHICLES MOVING,REAR END,STRAIGHT & LEVEL,DARK (UNKNOWN ROADWAY LIGHTING),,,1/26/2021 11:13:38 AM,False,7828,Accepted,
27712864,0568000,LOUISVILLE METRO POLICE DEPT,Accepted,JEFFERSON,KY2845,7515,MANSLICK,RD,E,,,,,,,38.126863933,-85.620676079,3.423,1/25/2021 12:00:00 AM,2000,1,1,0,1,RAINING,WET,False,RAN OFF ROADWAY (1 VEHICLE WITH/EARTH EMBANKMENT/DITCH),SINGLE VEHICLE,CURVE & LEVEL,DARK-HWY NOT LIGHTED,,,1/26/2021 11:13:56 AM,False,7474,Accepted,
27712865,0568000,LOUISVILLE METRO POLICE DEPT,Accepted,JEFFERSON,I 0065,,I65 S,,,,,,,,,38.167562867,-85.720975244,128.994,1/25/2021 12:00:00 AM,1258,2,2,0,0,RAINING,WATER (STANDING OR MOVING),False,SIDESWIPE COLLISION - SAME DIRECTION,SIDESWIPE-SAME DIRECTION,STRAIGHT & LEVEL,DAYLIGHT,,,1/26/2021 11:13:59 AM,False,4903,Accepted,
27722761,0560300,ST. MATTHEWS POLICE DEPARTMENT,Accepted,JEFFERSON,US0060,5000,SHELBYVILLE,RD,,,,,,,,38.250226829,-85.622238180,5.377,1/25/2021 12:00:00 AM,1725,2,2,0,0,RAINING,WET,False,OTHER ROADWAY OR MID-BLOCK COLLISION,REAR END,STRAIGHT & LEVEL,DUSK,,,1/28/2021 4:03:23 PM,False,9172,Accepted,
27763553,0568000,LOUISVILLE METRO POLICE DEPT,Accepted,JEFFERSON,I 0065,,I65 S,,,I 0065,I65 S EXIT131B OFF RAMP,,,,,38.196546483,-85.733719467,131.225,1/25/2021 12:00:00 AM,1047,1,1,0,0,RAINING,WATER (STANDING OR MOVING),False,OTHER INTERSECTION COLLISIONS,SINGLE VEHICLE,CURVE & GRADE,DAYLIGHT,,,2/8/2021 2:30:07 PM,False,7720,Accepted,
29626988,0568000,LOUISVILLE METRO POLICE DEPT,Accepted,JEFFERSON,KY1931,,MANSLICK,RD,,,,,DE MEL,,ROSEWOOD,38.168355151,-85.797204962,6.432,1/25/2021 12:00:00 AM,1654,2,2,0,0,CLEAR,DRY,False,SIDESWIPE COLLISION - SAME DIRECTION,SIDESWIPE-SAME DIRECTION,CURVE & GRADE,DAYLIGHT,,,1/26/2022 8:20:16 AM,False,7705,Accepted,
27777379,0568000,LOUISVILLE METRO POLICE DEPT,Accepted,JEFFERSON,KY0841,,GENE SNYDER,FWY,,,,,,,,38.093086464,-85.836385114,2.249,1/24/2021 12:00:00 AM,0628,1,1,0,0,CLEAR,DRY,False,COLLISION WITH FIXED OBJECT NON - INTERSECTION - FIRST EVENT COLLISION 09 - 32 EXCLUDING 16,SINGLE VEHICLE,STRAIGHT & LEVEL,DARK-HWY LIGHTED/ON,,,2/12/2021 10:52:02 AM,False,5136,Accepted,
27720993,0568000,LOUISVILLE METRO POLICE DEPT,Accepted,JEFFERSON,I 0264,,I264 W,,,,,,,,,38.190956819,-85.720677642,12.577,1/24/2021 12:00:00 AM,1819,3,3,0,0,RAINING,WET,False,SIDESWIPE COLLISION - SAME DIRECTION,SIDESWIPE-SAME DIRECTION,STRAIGHT & LEVEL,DARK-HWY LIGHTED/ON,,,1/28/2021 8:39:10 AM,False,7872,Accepted,
27713834,0568000,LOUISVILLE METRO POLICE DEPT,Accepted,JEFFERSON,I 0065,,I65 S,,,,,,,,,38.245669903,-85.752347791,135.253,1/24/2021 12:00:00 AM,1904,2,2,0,2,RAINING,WET,False,OTHER ROADWAY OR MID-BLOCK COLLISION,REAR END,STRAIGHT & LEVEL,DARK-HWY LIGHTED/ON,,,1/26/2021 3:33:11 PM,False,7772,Accepted,
27708965,0568000,LOUISVILLE METRO POLICE DEPT,Accepted,JEFFERSON,,,3RD,ST,S,,WOODLAWN,,,,,38.181578101,-85.766248219,1.320,1/24/2021 12:00:00 AM,1145,2,2,0,0,RAINING,WET,True,OTHER INTERSECTION COLLISIONS,REAR END,STRAIGHT & LEVEL,DAYLIGHT,,,1/25/2021 10:09:31 AM,False,7488,Accepted,
27708968,0568000,LOUISVILLE METRO POLICE DEPT,Accepted,JEFFERSON,I 0064,,,,,,,,,,,38.258750517,-85.742333045,1.002,1/24/2021 12:00:00 AM,1436,1,1,0,0,SLEET HAIL FREEZING RAIN,WET,False,OTHER RAMP RELATED COLLISIONS NOT LISTED ABOVE,SINGLE VEHICLE,CURVE & GRADE,DAYLIGHT,I 0064,I 0065,1/25/2021 10:09:43 AM,False,7118,Accepted,
27708951,0568000,LOUISVILLE METRO POLICE DEPT,Accepted,JEFFERSON,I 0064,,,,,,,,,,,38.259339788,-85.742181078,0.965,1/24/2021 12:00:00 AM,1420,1,1,0,1,CLOUDY,SNOW/SLUSH,False,OTHER RAMP RELATED COLLISIONS NOT LISTED ABOVE,SINGLE VEHICLE,CURVE & GRADE,DAYLIGHT,I 0064,I 0065,1/25/2021 10:08:41 AM,False,7216,Accepted,
27708957,0568000,LOUISVILLE METRO POLICE DEPT,Accepted,JEFFERSON,I 0064,,I64 W,,,,,I 0064,I64 W EXIT8 OFF RAMP TO  GRINSTEAD DR,I 0064,I64 TURN AROUND9,38.243724663,-85.696317629,8.147,1/24/2021 12:00:00 AM,1407,2,2,0,0,CLOUDY,WET,False,REAR END IN TRAFFIC LANES BOTH VEHICLES MOVING,REAR END,CURVE & LEVEL,DAYLIGHT,,,1/25/2021 10:09:04 AM,False,7129,Accepted,
27708959,0568000,LOUISVILLE METRO POLICE DEPT,Accepted,JEFFERSON,I 0064,,I64 W,,,,,,,,,38.259423006,-85.743130044,5.045,1/24/2021 12:00:00 AM,1535,2,2,0,0,RAINING,WET,False,1 VEHICLE ENTERING/LEAVING ENTRANCE,ANGLE,STRAIGHT & GRADE,DAYLIGHT,,,1/25/2021 10:09:09 AM,False,5173,Accepted,
27712821,0568000,LOUISVILLE METRO POLICE DEPT,Accepted,JEFFERSON,I 0065,,I65 N,,,,,,,,,38.208378597,-85.752084178,132.632,1/24/2021 12:00:00 AM,0119,2,2,0,3,CLEAR,DRY,False,REAR END IN TRAFFIC LANES BOTH VEHICLES MOVING,REAR END,CURVE & LEVEL,DARK-HWY LIGHTED/ON,,,1/26/2021 11:11:19 AM,False,5287,Accepted,
27708966,0568000,LOUISVILLE METRO POLICE DEPT,Accepted,JEFFERSON,KY0061,,PRESTON,HWY,,,PARK,,,,,38.118031816,-85.677222202,2.452,1/24/2021 12:00:00 AM,1723,3,3,0,1,RAINING,WET,False,ANGLE COLLISION - OTHER,ANGLE,STRAIGHT & LEVEL,DUSK,,,1/25/2021 10:09:36 AM,False,7269,Accepted,
27713829,0568000,LOUISVILLE METRO POLICE DEPT,Accepted,JEFFERSON,,,18TH,ST,S,US0150,BROADWAY,,,,,38.248969139,-85.781450795,0.709,1/24/2021 12:00:00 AM,0131,2,2,0,1,CLEAR,DRY,True,SIDESWIPE-SAME DIRECTION,SIDESWIPE-SAME DIRECTION,STRAIGHT & LEVEL,DARK-HWY LIGHTED/ON,,,1/26/2021 3:32:46 PM,False,5172,Accepted,
27708922,0568000,LOUISVILLE METRO POLICE DEPT,Accepted,JEFFERSON,KY1065,,OUTER,LOOP,,,JUDGE,,,,,38.137645400,-85.669503141,7.002,1/24/2021 12:00:00 AM,0116,2,2,0,0,CLEAR,DRY,True,OTHER INTERSECTION COLLISIONS,REAR END,STRAIGHT & LEVEL,DARK-HWY LIGHTED/ON,,,1/25/2021 10:06:53 AM,False,5138,Accepted,
27708953,0568000,LOUISVILLE METRO POLICE DEPT,Accepted,JEFFERSON,KY1142,1054,PALATKA,RD,,,,,,,,38.152796200,-85.790793090,0.622,1/24/2021 12:00:00 AM,1527,1,1,0,0,CLOUDY,WET,False,COLLISION WITH FIXED OBJECT NON - INTERSECTION - FIRST EVENT COLLISION 09 - 32 EXCLUDING 16,SINGLE VEHICLE,CURVE & GRADE,DAYLIGHT,,,1/25/2021 10:08:48 AM,False,5336,Accepted,
27708964,0568000,LOUISVILLE METRO POLICE DEPT,Accepted,JEFFERSON,,,43RD,ST,S,,SUNSET,,,,,38.242659025,-85.825215555,1.596,1/24/2021 12:00:00 AM,1528,2,2,0,1,CLOUDY,WET,False,ANGLE COLLISION - OTHER,ANGLE,STRAIGHT & LEVEL,DAYLIGHT,,,1/25/2021 10:09:22 AM,False,5273,Accepted,
27708970,0568000,LOUISVILLE METRO POLICE DEPT,Accepted,JEFFERSON,,1257,MCCAWLEY,RD,,,,,,,,38.144554245,-85.685845008,0.240,1/24/2021 12:00:00 AM,1748,2,2,0,2,CLOUDY,WET,False,SIDESWIPE COLLISION - OPPOSITE DIRECTION,SIDESWIPE-OPPOSITE DIRECTION,CURVE & LEVEL,DARK-HWY LIGHTED/OFF,,,1/25/2021 10:09:50 AM,False,5042,Accepted,
27708971,0568000,LOUISVILLE METRO POLICE DEPT,Accepted,JEFFERSON,I 0065,,,,,,,I 0065,I65 N EXIT131A RAMP TO I264 W,I 0065,I65 N EXIT131A RAMP TO I264 E,38.185285881,-85.724161599,0.673,1/24/2021 12:00:00 AM,0438,1,1,0,0,CLEAR,DRY,False,OTHER COLLISIONS ON SHOULDER,SINGLE VEHICLE,CURVE & LEVEL,DARK-HWY LIGHTED/ON,,,1/25/2021 10:09:53 AM,False,7527,Accepted,
27708972,0568000,LOUISVILLE METRO POLICE DEPT,Accepted,JEFFERSON,I 0071,,I71 S,,,,,,,,,38.262124608,-85.724856728,0.012,1/24/2021 12:00:00 AM,2316,1,1,0,0,CLOUDY,WET,False,COLLISION WITH FIXED OBJECT NON - INTERSECTION - FIRST EVENT COLLISION 09 - 32 EXCLUDING 16,SINGLE VEHICLE,STRAIGHT & LEVEL,DARK-HWY LIGHTED/ON,,,1/25/2021 10:09:58 AM,False,7912,Accepted,
27734968,0568000,LOUISVILLE METRO POLICE DEPT,Accepted,JEFFERSON,KY0841,,GENE SNYDER,FWY,,,,,,,,38.117350188,-85.749853026,7.553,1/24/2021 12:00:00 AM,1340,2,2,0,3,CLOUDY,WET,False,REAR END IN TRAFFIC LANES BOTH VEHICLES MOVING,REAR END,STRAIGHT & GRADE,DAYLIGHT,,,2/1/2021 11:04:33 AM,False,7221,Accepted,
27708941,0568000,LOUISVILLE METRO POLICE DEPT,Accepted,JEFFERSON,,,DORSEY,LN,,,,,STERLING SPRINGS,,WARD,38.254307289,-85.558757735,0.735,1/24/2021 12:00:00 AM,0550,1,1,0,0,CLEAR,DRY,False,COLLISION WITH ANIMAL NON INTERSECTION,SINGLE VEHICLE,CURVE & LEVEL,DARK-HWY LIGHTED/ON,,,1/25/2021 10:07:53 AM,False,7660,Accepted,
27708950,0568000,LOUISVILLE METRO POLICE DEPT,Accepted,JEFFERSON,KY1142,931,PALATKA,RD,,,,,,,,38.151050700,-85.779594407,1.266,1/24/2021 12:00:00 AM,1020,1,1,0,1,RAINING,WET,False,COLLISION WITH FIXED OBJECT NON - INTERSECTION - FIRST EVENT COLLISION 09 - 32 EXCLUDING 16,SINGLE VEHICLE,CURVE & LEVEL,DAYLIGHT,,,1/25/2021 10:08:38 AM,False,5336,Accepted,
27708944,0568000,LOUISVILLE METRO POLICE DEPT,Accepted,JEFFERSON,,,ROY WILKINS,AVE,,,MUHAMMAD ALI,,,,,38.252011271,-85.765458429,0.386,1/24/2021 12:00:00 AM,0510,2,2,0,3,CLEAR,DRY,False,ANGLE COLLISION - OTHER,ANGLE,STRAIGHT & LEVEL,DARK-HWY LIGHTED/ON,,,1/25/2021 10:07:56 AM,False,7325,Accepted,
27708952,0568000,LOUISVILLE METRO POLICE DEPT,Accepted,JEFFERSON,KY1932,,BRECKENRIDGE,LN,,KY1932,KY1932 TURN LANE,,,,,38.181514741,-85.626655571,0.015,1/24/2021 12:00:00 AM,1421,2,2,0,0,RAINING,WET,False,ANGLE COLLISION - OTHER,ANGLE,CURVE & LEVEL,DAYLIGHT,,,1/25/2021 10:08:45 AM,False,7739,Accepted,
27708969,0568000,LOUISVILLE METRO POLICE DEPT,Accepted,JEFFERSON,,819,PHILLIPS,LN,,,,,,,,38.191969216,-85.742111365,0.581,1/23/2021 12:00:00 AM,2303,2,2,0,0,CLEAR,DRY,True,COLLISION IN PARKING LOT,ANGLE,STRAIGHT & LEVEL,DARK-HWY LIGHTED/ON,,,1/25/2021 10:09:47 AM,False,5287,Accepted,
27708908,0568000,LOUISVILLE METRO POLICE DEPT,Accepted,JEFFERSON,,,KENTUCKY,ST,W,,,,,,,38.240378287,-85.767838089,3.085,1/23/2021 12:00:00 AM,1347,2,2,0,1,CLEAR,DRY,False,1 VEHICLE ENTERING/LEAVING ENTRANCE,ANGLE,STRAIGHT & LEVEL,DAYLIGHT,,,1/25/2021 10:06:07 AM,False,5114,Accepted,
27708916,0568000,LOUISVILLE METRO POLICE DEPT,Accepted,JEFFERSON,KY2052,,SHEPHERDSVILLE,RD,,,RANGELAND,,,,,38.164398750,-85.659850528,1.779,1/23/2021 12:00:00 AM,0513,2,2,0,2,CLEAR,DRY,False,HEAD-ON COLLISION,HEAD ON,STRAIGHT & LEVEL,DARK-HWY LIGHTED/ON,,,1/25/2021 10:06:30 AM,False,5153,Accepted,
27708918,0568000,LOUISVILLE METRO POLICE DEPT,Accepted,JEFFERSON,,,FEGENBUSH,LN,,,NORFOLK,,,,,38.183900767,-85.638314262,0.231,1/23/2021 12:00:00 AM,0151,2,2,0,0,CLEAR,DRY,False,ANGLE COLLISION - OTHER,ANGLE,STRAIGHT & GRADE,DARK-HWY LIGHTED/ON,,,1/25/2021 10:06:35 AM,False,5174,Accepted,
27708919,0568000,LOUISVILLE METRO POLICE DEPT,Accepted,JEFFERSON,,,STONESTREET,RD,,KY6291,KY 841 ACCESS RD 1,,,,,38.100314242,-85.825784615,2.334,1/23/2021 12:00:00 AM,0239,1,1,0,1,CLEAR,DRY,False,COLLISION WITH FIXED OBJECT IN INTERSECTION - FIRST EVENT COLLISION 09 - 32,SINGLE VEHICLE,STRAIGHT & GRADE,DARK-HWY LIGHTED/ON,,,1/25/2021 10:06:40 AM,False,5304,Accepted,
27708925,0568000,LOUISVILLE METRO POLICE DEPT,Accepted,JEFFERSON,KY0864,,POPLAR LEVEL,RD,,,GAYLE,,,,,38.159576828,-85.665894402,7.755,1/23/2021 12:00:00 AM,0005,2,2,0,0,CLEAR,DRY,False,OTHER INTERSECTION COLLISIONS,REAR END,STRAIGHT & LEVEL,DARK-HWY LIGHTED/ON,,,1/25/2021 10:07:09 AM,False,5189,Accepted,