IncidentID,AgencyORI,AgencyName,IncidentStatusDesc,County,RdwyNumber,Street,RoadwayName,StreetSfx,StreetDir,IntersectionRdwy,IntersectionRdwyName,BetweenStRdwy1,BetweenStRdwyName1,BetweenStRdwy2,BetweenStRdwyName2,Latitude,Longitude,Milepoint,CollisionDate,CollisionTime,UnitsInvolved,MotorVehiclesInvolved,NumberKilled,NumberInjured,Weather,RdwyConditionCode,HitandRun,DirAnalysisCode,MannerofCollision,RdwyCharacter,LightCondition,RampFromRdwyId,RampToRdwyId,AcceptedDate,IsSecondaryCollision,OwnerBadge,IncidentStatus,
27708890,0568000,LOUISVILLE METRO POLICE DEPT,Accepted,JEFFERSON,I 0065,,I65 S EXIT127 TRANSIT,,,,,,,,,38.140803818,-85.709279205,0.390,1/23/2021 12:00:00 AM,0252,2,2,0,0,CLEAR,DRY,False,SIDESWIPE COLLISION - SAME DIRECTION,SIDESWIPE-SAME DIRECTION,STRAIGHT & LEVEL,DARK (UNKNOWN ROADWAY LIGHTING),,,1/25/2021 10:05:08 AM,False,5248,Accepted,
27708915,0568000,LOUISVILLE METRO POLICE DEPT,Accepted,JEFFERSON,KY1703,,NEWBURG,RD,,,LARKMOOR,,,,,38.197350471,-85.681573151,1.655,1/23/2021 12:00:00 AM,1952,2,2,0,1,CLEAR,DRY,False,OTHER INTERSECTION COLLISIONS,REAR TO REAR,STRAIGHT & LEVEL,DARK-HWY LIGHTED/ON,,,1/25/2021 10:06:26 AM,False,5320,Accepted,
27743045,0568000,LOUISVILLE METRO POLICE DEPT,Accepted,JEFFERSON,KY1020,8309,NATIONAL,TPKE,,,,,,,,38.128170270,-85.749412395,3.748,1/23/2021 12:00:00 AM,0107,1,1,0,0,CLEAR,DRY,False,OTHER ROADWAY OR MID-BLOCK COLLISION,SINGLE VEHICLE,STRAIGHT & LEVEL,DARK-HWY LIGHTED/ON,,,2/3/2021 8:28:49 AM,False,5293,Accepted,
27710703,0561500,UNIV. OF LOUISVILLE POLICE,Accepted,JEFFERSON,,728,ZANE,ST,,,,,,,,38.238962460,-85.765651325,0.203,1/23/2021 12:00:00 AM,0224,3,3,0,0,CLEAR,DRY,False,1 VEHICLE PARKED POSITION (NOT PARKING LOT/DRIVEWAY),HEAD ON,STRAIGHT & LEVEL,DARK-HWY LIGHTED/ON,,,1/25/2021 5:45:48 PM,True,5712,Accepted,
27708955,0568000,LOUISVILLE METRO POLICE DEPT,Accepted,JEFFERSON,KY2049,,CRUMS,LN,,KY1934,CANE RUN,,,,,38.199291039,-85.837317678,,1/23/2021 12:00:00 AM,1006,2,2,0,1,CLEAR,DRY,False,ANGLE COLLISION - OTHER,ANGLE,STRAIGHT & LEVEL,DAYLIGHT,,,1/25/2021 10:08:51 AM,False,5253,Accepted,
27708945,0568000,LOUISVILLE METRO POLICE DEPT,Accepted,JEFFERSON,I 0065,,,,,,,,,,,38.190692833,-85.731581217,0.459,1/23/2021 12:00:00 AM,1346,1,1,0,1,CLEAR,DRY,False,COLLISION WITH FIXED OBJECT NOT IN GORE ,SINGLE VEHICLE,CURVE & GRADE,DAYLIGHT,I 0264,I 0065,1/25/2021 10:08:02 AM,False,7872,Accepted,
27708946,0568000,LOUISVILLE METRO POLICE DEPT,Accepted,JEFFERSON,KY0155,,TAYLORSVILLE,RD,,,OLD HEADY,,,,,38.186044455,-85.535883096,7.547,1/23/2021 12:00:00 AM,1829,2,2,0,0,CLEAR,DRY,False,OTHER INTERSECTION COLLISIONS,REAR END,STRAIGHT & LEVEL,DARK-HWY LIGHTED/OFF,,,1/25/2021 10:08:07 AM,False,7962,Accepted,
27708921,0568000,LOUISVILLE METRO POLICE DEPT,Accepted,JEFFERSON,,1219,HUNTINGTON,LN,,,,,,,,38.141953092,-85.686881344,0.094,1/23/2021 12:00:00 AM,2006,2,2,0,0,CLEAR,DRY,False,1 VEHICLE PARKED POSITION (NOT PARKING LOT/DRIVEWAY),ANGLE,STRAIGHT & LEVEL,DARK-HWY NOT LIGHTED,,,1/25/2021 10:06:49 AM,False,5138,Accepted,
27708889,0568000,LOUISVILLE METRO POLICE DEPT,Accepted,JEFFERSON,US0042,,STORY,AVE,,,ADAMS,,,,,38.257312269,-85.724936376,0.455,1/23/2021 12:00:00 AM,0048,2,2,0,1,CLEAR,DRY,False,ANGLE COLLISION - OTHER,ANGLE,STRAIGHT & LEVEL,DARK-HWY LIGHTED/ON,,,1/25/2021 10:05:05 AM,False,5199,Accepted,
27708913,0568000,LOUISVILLE METRO POLICE DEPT,Accepted,JEFFERSON,KY1865,,NEW CUT,RD,,KY0907,SOUTHSIDE,,,,,38.146613126,-85.775515077,2.724,1/23/2021 12:00:00 AM,1535,2,2,0,0,CLEAR,DRY,False,ANGLE COLLISION - OTHER,ANGLE,STRAIGHT & LEVEL,DAYLIGHT,,,1/25/2021 10:06:20 AM,False,7356,Accepted,
27708914,0568000,LOUISVILLE METRO POLICE DEPT,Accepted,JEFFERSON,,,DIXIE,HWY,,,DUMESNIL,,,,,38.236377668,-85.787196281,0.912,1/23/2021 12:00:00 AM,1902,2,2,0,1,CLEAR,DRY,False,ANGLE COLLISION - OTHER,ANGLE,STRAIGHT & LEVEL,DARK-HWY NOT LIGHTED,,,1/25/2021 10:06:23 AM,False,5179,Accepted,
27708962,0568000,LOUISVILLE METRO POLICE DEPT,Accepted,JEFFERSON,,3847,5TH,ST,S,,,,,,,38.198317092,-85.768450597,1.554,1/23/2021 12:00:00 AM,0146,2,1,0,1,CLEAR,DRY,False,OTHER ROADWAY OR MID-BLOCK COLLISION,SINGLE VEHICLE,STRAIGHT & LEVEL,DARK-HWY LIGHTED/ON,,,1/25/2021 10:09:18 AM,False,5258,Accepted,
27708967,0568000,LOUISVILLE METRO POLICE DEPT,Accepted,JEFFERSON,KY1065,,OUTER,LOOP,,,LONE OAK,,,,,38.137843048,-85.689715582,5.904,1/23/2021 12:00:00 AM,1525,3,3,0,0,CLEAR,DRY,False,OTHER INTERSECTION COLLISIONS,REAR END,STRAIGHT & LEVEL,DAYLIGHT,,,1/25/2021 10:09:40 AM,False,5042,Accepted,
27708960,0568000,LOUISVILLE METRO POLICE DEPT,Accepted,JEFFERSON,US0031E,,BAXTER,AVE,,,BARRET,,,,,38.247789173,-85.730250928,16.248,1/23/2021 12:00:00 AM,1400,2,2,0,1,CLEAR,DRY,False,ANGLE COLLISION - OTHER,ANGLE,STRAIGHT & GRADE,DAYLIGHT,,,1/25/2021 10:09:12 AM,False,5006,Accepted,
27708897,0568000,LOUISVILLE METRO POLICE DEPT,Accepted,JEFFERSON,KY1865,5115,NEW CUT,RD,,,,,,,,38.163098450,-85.779426458,3.876,1/23/2021 12:00:00 AM,0400,2,2,0,0,CLEAR,DRY,True,SIDESWIPE COLLISION - SAME DIRECTION,SIDESWIPE-SAME DIRECTION,STRAIGHT & LEVEL,DARK-HWY LIGHTED/ON,,,1/25/2021 10:05:34 AM,False,5276,Accepted,
27708904,0568000,LOUISVILLE METRO POLICE DEPT,Accepted,JEFFERSON,KY1450,9220,BLUE LICK,RD,,,,,,,,38.115551131,-85.689760665,2.118,1/23/2021 12:00:00 AM,1209,1,1,0,0,CLEAR,DRY,True,COLLISION WITH FIXED OBJECT NON - INTERSECTION - FIRST EVENT COLLISION 09 - 32 EXCLUDING 16,SINGLE VEHICLE,STRAIGHT & LEVEL,DAYLIGHT,,,1/25/2021 10:05:57 AM,False,7269,Accepted,
27708906,0568000,LOUISVILLE METRO POLICE DEPT,Accepted,JEFFERSON,,3807,OAKLAWN,DR,,KY0061,PRESTON,,,,,38.148900153,-85.692225319,0.016,1/23/2021 12:00:00 AM,1210,2,2,0,0,CLEAR,DRY,False,COLLISION IN PARKING LOT,BACKING,STRAIGHT & LEVEL,DAYLIGHT,,,1/25/2021 10:06:00 AM,False,5264,Accepted,
27708911,0568000,LOUISVILLE METRO POLICE DEPT,Accepted,JEFFERSON,,921,SOUTHWESTERN,PKWY,,CS1661F,WESTCHESTER,,,,,38.246099459,-85.829729875,1.591,1/23/2021 12:00:00 AM,1615,1,1,0,0,CLEAR,DRY,False,COLLISION WITH FIXED OBJECT NON - INTERSECTION - FIRST EVENT COLLISION 09 - 32 EXCLUDING 16,SINGLE VEHICLE,STRAIGHT & LEVEL,DAYLIGHT,,,1/25/2021 10:06:14 AM,True,5280,Accepted,
27708929,0568000,LOUISVILLE METRO POLICE DEPT,Accepted,JEFFERSON,,1400 BLK,4TH,ST,S,,,,,,,38.228312984,-85.761486767,1.971,1/23/2021 12:00:00 AM,0523,2,2,0,1,CLEAR,DRY,False,1 VEHICLE PARKED POSITION (NOT PARKING LOT/DRIVEWAY),SIDESWIPE-SAME DIRECTION,STRAIGHT & LEVEL,DARK-HWY LIGHTED/ON,,,1/25/2021 10:07:19 AM,False,5236,Accepted,
27751932,0568000,LOUISVILLE METRO POLICE DEPT,Accepted,JEFFERSON,KY1865,,NEW CUT,RD,,,,,,,,38.143659178,-85.774768583,2.518,1/23/2021 12:00:00 AM,2027,2,2,0,0,CLEAR,DRY,False,REAR END IN TRAFFIC LANES BOTH VEHICLES MOVING,REAR END,STRAIGHT & LEVEL,DARK (UNKNOWN ROADWAY LIGHTING),,,2/5/2021 8:08:11 AM,False,5304,Accepted,
27772561,0568000,LOUISVILLE METRO POLICE DEPT,Accepted,JEFFERSON,KY0061,7411,PRESTON,HWY,,,,,,,,38.144520333,-85.690076242,4.408,1/22/2021 12:00:00 AM,1427,2,2,0,0,CLEAR,DRY,True,REAR END IN TRAFFIC LANES BOTH VEHICLES MOVING,REAR END,STRAIGHT & LEVEL,DAYLIGHT,,,2/10/2021 3:55:58 PM,False,7698,Accepted,
27725063,0568000,LOUISVILLE METRO POLICE DEPT,Accepted,JEFFERSON,I 0264,,,,,,,,,,,38.190440863,-85.748863298,0.103,1/22/2021 12:00:00 AM,1820,3,3,0,1,CLEAR,DRY,False,OTHER RAMP RELATED COLLISIONS NOT LISTED ABOVE,REAR END,STRAIGHT & LEVEL,DARK-HWY LIGHTED/ON,I 0264,CRITTENDEN DR,1/29/2021 8:36:32 AM,False,5045,Accepted,
27708912,0568000,LOUISVILLE METRO POLICE DEPT,Accepted,JEFFERSON,I 0264,,,,,,,,,,,38.194630191,-85.707574099,0.298,1/22/2021 12:00:00 AM,1420,2,2,0,0,CLEAR,DRY,False,OTHER RAMP RELATED COLLISIONS NOT LISTED ABOVE,ANGLE,STRAIGHT & GRADE,DAYLIGHT,I 0264,KY0864,1/25/2021 10:06:17 AM,False,6148,Accepted,
27708881,0568000,LOUISVILLE METRO POLICE DEPT,Accepted,JEFFERSON,,,CARLISLE,AVE,,KY1865,TAYLOR,,,,,38.194165268,-85.783075550,0.495,1/22/2021 12:00:00 AM,1602,3,3,0,0,CLEAR,DRY,True,ANGLE COLLISION - ONE VEHICLE TURNING RIGHT,ANGLE,STRAIGHT & LEVEL,DAYLIGHT,,,1/25/2021 10:04:35 AM,False,5324,Accepted,
27708872,0568000,LOUISVILLE METRO POLICE DEPT,Accepted,JEFFERSON,KY1865,,NEW CUT,RD,,KY1065,OUTER,,,,,38.126455220,-85.776150480,1.259,1/22/2021 12:00:00 AM,1424,2,2,0,2,CLEAR,DRY,False,ANGLE COLLISION - OTHER,ANGLE,STRAIGHT & LEVEL,DAYLIGHT,,,1/25/2021 10:03:56 AM,False,7234,Accepted,
27708844,0568000,LOUISVILLE METRO POLICE DEPT,Accepted,JEFFERSON,,,PARK,RD,S,,,,,,,38.115952300,-85.723492077,2.729,1/22/2021 12:00:00 AM,1309,2,2,0,0,CLEAR,DRY,False,SIDESWIPE COLLISION - OPPOSITE DIRECTION,SIDESWIPE-OPPOSITE DIRECTION,STRAIGHT & LEVEL,DAYLIGHT,,,1/25/2021 10:03:50 AM,False,4693,Accepted,
27708871,0568000,LOUISVILLE METRO POLICE DEPT,Accepted,JEFFERSON,,,BUECHEL BANK,RD,,,,,,,,38.188483166,-85.648236229,0.270,1/22/2021 12:00:00 AM,1354,3,3,0,1,CLEAR,DRY,False,REAR END IN TRAFFIC LANES BOTH VEHICLES MOVING,REAR END,STRAIGHT & HILLCREST,DAYLIGHT,,,1/25/2021 10:03:53 AM,False,5159,Accepted,
27708878,0568000,LOUISVILLE METRO POLICE DEPT,Accepted,JEFFERSON,,,VERMONT,AVE,,,34TH,,,,,38.255549849,-85.807322534,0.363,1/22/2021 12:00:00 AM,1753,2,2,0,0,CLEAR,DRY,True,ANGLE COLLISION - OTHER,ANGLE,STRAIGHT & LEVEL,DAYLIGHT,,,1/25/2021 10:04:21 AM,False,7479,Accepted,
27708886,0568000,LOUISVILLE METRO POLICE DEPT,Accepted,JEFFERSON,KY3064,,NORTHWESTERN,PKWY,,,,,33RD,,34TH,38.274952949,-85.801276694,1.119,1/22/2021 12:00:00 AM,2132,4,4,0,0,CLEAR,DRY,True,1 VEHICLE PARKED POSITION (NOT PARKING LOT/DRIVEWAY),ANGLE,STRAIGHT & LEVEL,DARK-HWY LIGHTED/ON,,,1/25/2021 10:04:55 AM,False,7311,Accepted,
27708888,0568000,LOUISVILLE METRO POLICE DEPT,Accepted,JEFFERSON,KY2054,,ALGONQUIN,PKWY,,,MCCLOSKEY,,,,,38.222866603,-85.787989631,1.885,1/22/2021 12:00:00 AM,1856,2,2,0,1,CLEAR,DRY,False,OPPOSING LEFT TURN,OPPOSING LEFT TURN,STRAIGHT & LEVEL,DARK-HWY LIGHTED/ON,,,1/25/2021 10:05:02 AM,False,5298,Accepted,
27712827,0568000,LOUISVILLE METRO POLICE DEPT,Accepted,JEFFERSON,US0031E,,BARDSTOWN,RD,,,,,,,,38.237198951,-85.718825009,15.279,1/22/2021 12:00:00 AM,2100,2,2,0,1,CLEAR,DRY,True,OTHER ROADWAY OR MID-BLOCK COLLISION,REAR END,STRAIGHT & LEVEL,DARK-HWY LIGHTED/ON,,,1/26/2021 11:11:43 AM,False,7628,Accepted,
27708895,0568000,LOUISVILLE METRO POLICE DEPT,Accepted,JEFFERSON,,,MARKET,ST,W,,39TH,,,,,38.261715003,-85.813595847,1.447,1/22/2021 12:00:00 AM,2019,2,2,0,2,CLEAR,DRY,False,ANGLE COLLISION - ONE VEHICLE TURNING LEFT,ANGLE,STRAIGHT & LEVEL,DARK-HWY LIGHTED/ON,,,1/25/2021 10:05:27 AM,False,5164,Accepted,
27708896,0568000,LOUISVILLE METRO POLICE DEPT,Accepted,JEFFERSON,I 0064,0.2,I64 E,,,,,,,,,38.276633572,-85.819967230,0.355,1/22/2021 12:00:00 AM,2120,2,2,0,0,CLEAR,DRY,False,REAR END IN TRAFFIC LANES BOTH VEHICLES MOVING,REAR END,STRAIGHT & LEVEL,DARK-HWY LIGHTED/ON,,,1/25/2021 10:05:30 AM,False,5164,Accepted,
27708956,0568000,LOUISVILLE METRO POLICE DEPT,Accepted,JEFFERSON,KY1934,3606,CANE RUN,RD,,,,,,,,38.221125386,-85.812414681,11.211,1/22/2021 12:00:00 AM,1706,1,1,0,2,CLEAR,DRY,False,COLLISION WITH FIXED OBJECT NON - INTERSECTION - FIRST EVENT COLLISION 09 - 32 EXCLUDING 16,SINGLE VEHICLE,STRAIGHT & LEVEL,DAYLIGHT,,,1/25/2021 10:09:01 AM,False,7656,Accepted,
27708907,0568000,LOUISVILLE METRO POLICE DEPT,Accepted,JEFFERSON,,1147,28TH,ST,S,,,,,,,38.239011538,-85.800135892,1.533,1/22/2021 12:00:00 AM,1601,2,2,0,0,CLEAR,DRY,True,1 VEHICLE PARKED POSITION (NOT PARKING LOT/DRIVEWAY),HEAD ON,STRAIGHT & LEVEL,DAYLIGHT,,,1/25/2021 10:06:04 AM,False,5114,Accepted,
27708874,0568000,LOUISVILLE METRO POLICE DEPT,Accepted,JEFFERSON,,,FACTORY,LN,,,SERVICE,,,,,38.289016485,-85.511493139,0.049,1/22/2021 12:00:00 AM,1512,2,2,0,1,CLEAR,DRY,False,ANGLE COLLISION - OTHER,ANGLE,STRAIGHT & LEVEL,DAYLIGHT,,,1/25/2021 10:04:04 AM,False,6334,Accepted,
27708875,0568000,LOUISVILLE METRO POLICE DEPT,Accepted,JEFFERSON,KY1065,,OUTER,LOOP,,,GRADE,,,,,38.129987516,-85.737078577,3.186,1/22/2021 12:00:00 AM,1735,2,2,0,0,CLEAR,DRY,False,ANGLE COLLISION - ONE VEHICLE TURNING LEFT,ANGLE,STRAIGHT & HILLCREST,DUSK,,,1/25/2021 10:04:10 AM,False,5336,Accepted,
27708882,0568000,LOUISVILLE METRO POLICE DEPT,Accepted,JEFFERSON,,517,BRENTWOOD,AVE,,,,,,,,38.194818143,-85.770498837,0.116,1/22/2021 12:00:00 AM,1009,3,3,0,0,CLEAR,DRY,False,1 VEHICLE PARKED POSITION (NOT PARKING LOT/DRIVEWAY),REAR END,STRAIGHT & LEVEL,DAYLIGHT,,,1/25/2021 10:04:39 AM,False,5324,Accepted,
27699284,0568000,LOUISVILLE METRO POLICE DEPT,Accepted,JEFFERSON,,,SMYRNA,PKWY,,,,,,,,38.118092914,-85.643494101,1.372,1/22/2021 12:00:00 AM,0431,2,2,0,0,CLEAR,DRY,False,REAR END IN TRAFFIC LANES BOTH VEHICLES MOVING,REAR END,STRAIGHT & GRADE,DARK-HWY LIGHTED/ON,,,1/22/2021 8:26:07 AM,False,5184,Accepted,
27708876,0568000,LOUISVILLE METRO POLICE DEPT,Accepted,JEFFERSON,,,CHEROKEE,PKWY,,,,,CHEROKEE,,CHEROKEE,38.235335012,-85.712323383,0.177,1/22/2021 12:00:00 AM,1645,1,1,0,1,CLEAR,DRY,False,COLLISION WITH FIXED OBJECT NON - INTERSECTION - FIRST EVENT COLLISION 09 - 32 EXCLUDING 16,SINGLE VEHICLE,STRAIGHT & LEVEL,DAYLIGHT,,,1/25/2021 10:04:15 AM,False,7129,Accepted,
27708884,0568000,LOUISVILLE METRO POLICE DEPT,Accepted,JEFFERSON,KY1865,5349,NEW CUT,RD,,,,,PARK,,IROQUOIS GARDENS,38.155262130,-85.777376575,3.335,1/22/2021 12:00:00 AM,1200,2,2,0,0,CLEAR,DRY,False,OTHER ROADWAY OR MID-BLOCK COLLISION,REAR END,STRAIGHT & LEVEL,DAYLIGHT,,,1/25/2021 10:04:45 AM,False,5296,Accepted,
27708891,0568000,LOUISVILLE METRO POLICE DEPT,Accepted,JEFFERSON,,3037,CHAMBERLAIN,LN,,,,,WINCHESTER ACRES,I 0265,I265 S EXIT33 OFF RAMP TO  CHAMBERLAIN LN,38.287924275,-85.523743092,0.706,1/22/2021 12:00:00 AM,2043,2,2,0,0,CLEAR,DRY,False,HEAD-ON COLLISION,HEAD ON,STRAIGHT & LEVEL,DARK-HWY LIGHTED/ON,,,1/25/2021 10:05:12 AM,False,5327,Accepted,
27708892,0568000,LOUISVILLE METRO POLICE DEPT,Accepted,JEFFERSON,,,7TH,ST,S,KY2054,ALGONQUIN,,,,,38.220059292,-85.777385659,,1/22/2021 12:00:00 AM,2259,2,2,0,1,CLEAR,DRY,True,ANGLE COLLISION - OTHER,ANGLE,STRAIGHT & LEVEL,DARK-HWY LIGHTED/ON,,,1/25/2021 10:05:16 AM,False,5175,Accepted,
27708909,0568000,LOUISVILLE METRO POLICE DEPT,Accepted,JEFFERSON,,,34TH,ST,S,,GARLAND,,,,,38.245825294,-85.808728897,1.155,1/22/2021 12:00:00 AM,1423,4,4,0,0,CLEAR,DRY,False,SIDESWIPE-SAME DIRECTION,SIDESWIPE-SAME DIRECTION,STRAIGHT & LEVEL,DAYLIGHT,,,1/25/2021 10:06:11 AM,False,5003,Accepted,
27708902,0568000,LOUISVILLE METRO POLICE DEPT,Accepted,JEFFERSON,KY3064,,NORTHWESTERN,PKWY,,KY3217,37TH,,,,,38.274449916,-85.808190493,1.509,1/22/2021 12:00:00 AM,1241,2,2,0,1,CLEAR,DRY,False,ANGLE COLLISION - OTHER,ANGLE,STRAIGHT & LEVEL,DAYLIGHT,,,1/25/2021 10:05:50 AM,False,5108,Accepted,
27708949,0568000,LOUISVILLE METRO POLICE DEPT,Accepted,JEFFERSON,US0042,1800,BROWNSBORO,RD,,,,,,,,38.260102239,-85.716668994,1.033,1/22/2021 12:00:00 AM,1230,1,1,0,0,CLEAR,DRY,True,COLLISION IN PARKING LOT,SINGLE VEHICLE,STRAIGHT & LEVEL,DAYLIGHT,,,1/25/2021 10:08:34 AM,False,5311,Accepted,
27699281,0568000,LOUISVILLE METRO POLICE DEPT,Accepted,JEFFERSON,KY1020,10500B,NATIONAL,TPKE,,,,,,,,38.097017054,-85.738163287,1.390,1/22/2021 12:00:00 AM,0245,1,1,0,1,CLEAR,ICE,False,COLLISION WITH FIXED OBJECT NON - INTERSECTION - FIRST EVENT COLLISION 09 - 32 EXCLUDING 16,SINGLE VEHICLE,CURVE & LEVEL,DARK-HWY LIGHTED/ON,,,1/22/2021 8:25:53 AM,False,5121,Accepted,
27699283,0568000,LOUISVILLE METRO POLICE DEPT,Accepted,JEFFERSON,KY0841,,GENE SNYDER,FWY,,,,I 0071,I71 S EXIT35B ON RAMP FROM KY841 S,I 0071,I71 S EXIT35B ON RAMP FROM KY841 S,38.316133372,-85.585973687,34.961,1/22/2021 12:00:00 AM,0416,1,1,0,1,CLEAR,DRY,False,COLLISION WITH FIXED OBJECT NON - INTERSECTION - FIRST EVENT COLLISION 09 - 32 EXCLUDING 16,SINGLE VEHICLE,STRAIGHT & LEVEL,DARK-HWY LIGHTED/ON,,,1/22/2021 8:26:04 AM,False,7098,Accepted,
27699807,KSP0400,KY STATE POLICE POST 04,Accepted,JEFFERSON,KY1865,,NEW CUT,RD,,,,,,,,38.145769421,-85.775247403,2.665,1/21/2021 12:00:00 AM,2209,2,2,0,0,CLEAR,DRY,False,1 VEHICLE ENTERING/LEAVING ENTRANCE,ANGLE,STRAIGHT & LEVEL,DARK-HWY LIGHTED/ON,,,1/22/2021 10:50:05 AM,False,334,Accepted,
27699266,0568000,LOUISVILLE METRO POLICE DEPT,Accepted,JEFFERSON,,,CENTRAL,AVE,,KY1931,7TH ST,,,,,38.214818624,-85.782922278,1.721,1/21/2021 12:00:00 AM,1258,2,2,0,0,CLEAR,DRY,True,SIDESWIPE-SAME DIRECTION,SIDESWIPE-SAME DIRECTION,STRAIGHT & LEVEL,DAYLIGHT,,,1/22/2021 8:25:05 AM,False,5180,Accepted,
27699267,0568000,LOUISVILLE METRO POLICE DEPT,Accepted,JEFFERSON,,,ALTA VISTA,RD,,,,,,,,38.241923446,-85.687619954,0.245,1/21/2021 12:00:00 AM,1649,1,1,0,0,CLOUDY,DRY,False,COLLISION WITH FIXED OBJECT NON - INTERSECTION - FIRST EVENT COLLISION 09 - 32 EXCLUDING 16,SINGLE VEHICLE,CURVE & GRADE,DAYLIGHT,,,1/22/2021 8:25:08 AM,False,2100,Accepted,
27699273,0568000,LOUISVILLE METRO POLICE DEPT,Accepted,JEFFERSON,US0060A,,TAYLOR,BLVD,,,LONGFIELD,,,,,38.198555926,-85.782747480,1.618,1/21/2021 12:00:00 AM,1830,2,2,0,0,CLEAR,DRY,False,ANGLE COLLISION - OTHER,ANGLE,STRAIGHT & LEVEL,DARK-HWY LIGHTED/ON,,,1/22/2021 8:25:29 AM,False,7977,Accepted,
27699274,0568000,LOUISVILLE METRO POLICE DEPT,Accepted,JEFFERSON,KY2251,3715,BARDSTOWN,RD,,,,,,,,38.198376994,-85.658753130,0.962,1/21/2021 12:00:00 AM,1323,2,2,0,0,CLEAR,DRY,False,1 VEHICLE ENTERING/LEAVING ENTRANCE,ANGLE,STRAIGHT & LEVEL,DAYLIGHT,,,1/22/2021 8:25:33 AM,False,5191,Accepted,
27695156,0568000,LOUISVILLE METRO POLICE DEPT,Accepted,JEFFERSON,,,OAK,ST,W,US0031W,22ND,,,,,38.237451824,-85.790270277,1.916,1/21/2021 12:00:00 AM,0145,2,2,0,0,SLEET HAIL FREEZING RAIN,WET,False,ANGLE COLLISION - OTHER,ANGLE,STRAIGHT & LEVEL,DARK-HWY LIGHTED/ON,,,1/21/2021 8:10:00 AM,False,7312,Accepted,
27699241,0568000,LOUISVILLE METRO POLICE DEPT,Accepted,JEFFERSON,KY1631,,CRITTENDEN,DR,,,,,KFEC GATE4 DR,,FARMINGTON,38.201063411,-85.750869089,0.905,1/21/2021 12:00:00 AM,0815,2,2,0,0,CLEAR,DRY,False,1 VEHICLE ENTERING/LEAVING ENTRANCE,ANGLE,STRAIGHT & LEVEL,DAYLIGHT,,,1/22/2021 8:23:57 AM,False,2499,Accepted,
27699248,0568000,LOUISVILLE METRO POLICE DEPT,Accepted,JEFFERSON,US0031E,,BARDSTOWN,RD,,KY1065,SEATONVILLE,,,,,38.149923498,-85.587249337,5.560,1/21/2021 12:00:00 AM,0716,2,2,0,0,CLOUDY,WET,True,OTHER INTERSECTION COLLISIONS,REAR END,STRAIGHT & LEVEL,DARK-HWY NOT LIGHTED,,,1/22/2021 8:24:15 AM,False,2017,Accepted,
27699259,0568000,LOUISVILLE METRO POLICE DEPT,Accepted,JEFFERSON,,,PLANTUS,PL,,,,,,,,38.174043257,-85.677908436,0.022,1/21/2021 12:00:00 AM,0641,2,2,0,0,CLOUDY,DRY,False,1 VEHICLE PARKED POSITION (NOT PARKING LOT/DRIVEWAY),BACKING,STRAIGHT & LEVEL,DARK (UNKNOWN ROADWAY LIGHTING),,,1/22/2021 8:24:41 AM,False,4693,Accepted,
27699264,0568000,LOUISVILLE METRO POLICE DEPT,Accepted,JEFFERSON,I 0064,,I64 W,,,,,,,,,38.259054797,-85.750473416,4.692,1/21/2021 12:00:00 AM,1554,2,2,0,1,CLEAR,DRY,False,REAR END IN TRAFFIC LANES BOTH VEHICLES MOVING,REAR END,STRAIGHT & LEVEL,DAYLIGHT,,,1/22/2021 8:24:58 AM,False,7937,Accepted,
27695158,0568000,LOUISVILLE METRO POLICE DEPT,Accepted,JEFFERSON,KY0907,,VALLEY STATION,RD,,,,,EVE ADAM,,VALLEY STATION,38.107291867,-85.841438444,1.440,1/21/2021 12:00:00 AM,0546,1,1,0,1,SLEET HAIL FREEZING RAIN,ICE,False,OTHER ROADWAY OR MID-BLOCK COLLISION,SINGLE VEHICLE,CURVE & LEVEL,DARK-HWY LIGHTED/ON,,,1/21/2021 8:10:11 AM,False,7321,Accepted,
27699244,0568000,LOUISVILLE METRO POLICE DEPT,Accepted,JEFFERSON,,,MARKET,ST,W,,35TH,,,,,38.261093604,-85.808327975,1.202,1/21/2021 12:00:00 AM,1013,2,2,0,0,CLEAR,DRY,False,OPPOSITE DIRECTION - BOTH VEHICLES GOING STRAIGHT AHEAD,SIDESWIPE-OPPOSITE DIRECTION,STRAIGHT & LEVEL,DAYLIGHT,,,1/22/2021 8:24:07 AM,False,5113,Accepted,
27699255,0568000,LOUISVILLE METRO POLICE DEPT,Accepted,JEFFERSON,,,28TH,ST,S,,GARLAND,,,,,38.244945574,-85.799113731,1.117,1/21/2021 12:00:00 AM,1010,2,2,0,4,CLEAR,DRY,False,ANGLE COLLISION - OTHER,ANGLE,STRAIGHT & LEVEL,DAYLIGHT,,,1/22/2021 8:24:34 AM,False,7184,Accepted,