IncidentID,AgencyORI,AgencyName,IncidentStatusDesc,County,RdwyNumber,Street,RoadwayName,StreetSfx,StreetDir,IntersectionRdwy,IntersectionRdwyName,BetweenStRdwy1,BetweenStRdwyName1,BetweenStRdwy2,BetweenStRdwyName2,Latitude,Longitude,Milepoint,CollisionDate,CollisionTime,UnitsInvolved,MotorVehiclesInvolved,NumberKilled,NumberInjured,Weather,RdwyConditionCode,HitandRun,DirAnalysisCode,MannerofCollision,RdwyCharacter,LightCondition,RampFromRdwyId,RampToRdwyId,AcceptedDate,IsSecondaryCollision,OwnerBadge,IncidentStatus,
27699260,0568000,LOUISVILLE METRO POLICE DEPT,Accepted,JEFFERSON,KY1703,,NEWBURG,RD,,,INDIAN,,,,,38.184589019,-85.665400773,0.505,1/21/2021 12:00:00 AM,1021,2,2,0,0,CLOUDY,DRY,False,ANGLE COLLISION - OTHER,ANGLE,STRAIGHT & LEVEL,DAYLIGHT,,,1/22/2021 8:24:45 AM,False,4693,Accepted,
27699261,0568000,LOUISVILLE METRO POLICE DEPT,Accepted,JEFFERSON,KY1065,,OUTER,LOOP,,,,,,,,38.134084667,-85.721872744,4.072,1/21/2021 12:00:00 AM,1223,2,2,0,1,CLOUDY,DRY,False,1 VEHICLE ENTERING/LEAVING ENTRANCE,ANGLE,STRAIGHT & LEVEL,DAYLIGHT,,,1/22/2021 8:24:48 AM,False,4693,Accepted,
27699262,0568000,LOUISVILLE METRO POLICE DEPT,Accepted,JEFFERSON,US0060,,FRANKFORT,AVE,,,,,CRESTWOOD,,CRABBS,38.254355996,-85.676007865,2.430,1/21/2021 12:00:00 AM,1107,1,1,0,2,CLEAR,DRY,False,COLLISION WITH FIXED OBJECT NON - INTERSECTION - FIRST EVENT COLLISION 09 - 32 EXCLUDING 16,SINGLE VEHICLE,STRAIGHT & LEVEL,DAYLIGHT,,,1/22/2021 8:24:52 AM,False,7632,Accepted,
27699263,0568000,LOUISVILLE METRO POLICE DEPT,Accepted,JEFFERSON,,,TRIANGLE,DR,,,PARKWOOD,,,,,38.165167421,-85.800081142,0.011,1/21/2021 12:00:00 AM,1347,2,2,0,2,CLEAR,DRY,False,ANGLE COLLISION - OTHER,ANGLE,STRAIGHT & LEVEL,DAYLIGHT,,,1/22/2021 8:24:55 AM,False,2021,Accepted,
27708842,0568000,LOUISVILLE METRO POLICE DEPT,Accepted,JEFFERSON,US0150,,BROADWAY,,E,,,,FLOYD,KY0061,PRESTON,38.245285132,-85.747778845,2.954,1/21/2021 12:00:00 AM,1510,2,2,0,0,CLEAR,DRY,False,SIDESWIPE COLLISION - SAME DIRECTION,SIDESWIPE-SAME DIRECTION,STRAIGHT & LEVEL,DAYLIGHT,,,1/25/2021 10:03:43 AM,False,7058,Accepted,
27699276,0568000,LOUISVILLE METRO POLICE DEPT,Accepted,JEFFERSON,KY1865,,NEW CUT,RD,,,,,,,,38.150645230,-85.776356707,3.000,1/21/2021 12:00:00 AM,1551,2,2,0,0,CLEAR,DRY,False,SIDESWIPE COLLISION - SAME DIRECTION,SIDESWIPE-SAME DIRECTION,STRAIGHT & LEVEL,DAYLIGHT,,,1/22/2021 8:25:37 AM,False,7234,Accepted,
27696610,0560300,ST. MATTHEWS POLICE DEPARTMENT,Accepted,JEFFERSON,KY1932,215,BRECKENRIDGE,LN,,,,,,,,38.222385725,-85.632621794,3.060,1/21/2021 12:00:00 AM,0839,2,2,0,0,CLEAR,DRY,False,1 VEHICLE ENTERING/LEAVING ENTRANCE,ANGLE,STRAIGHT & LEVEL,DAYLIGHT,,,1/21/2021 3:45:32 PM,False,9140,Accepted,
27699246,0568000,LOUISVILLE METRO POLICE DEPT,Accepted,JEFFERSON,US0031W,,MARKET,ST,W,US0031E,3RD,,,,,38.255057468,-85.755067043,21.941,1/21/2021 12:00:00 AM,1258,2,1,0,1,CLEAR,DRY,False,COLLISION WITH PEDESTRIAN IN INTERSECTION,SINGLE VEHICLE,STRAIGHT & LEVEL,DAYLIGHT,,,1/22/2021 8:24:11 AM,False,7229,Accepted,
27699280,0568000,LOUISVILLE METRO POLICE DEPT,Accepted,JEFFERSON,,,CEDAR,ST,,US0031W,DR W J HODGE,,,,,38.255680300,-85.785414479,0.633,1/21/2021 12:00:00 AM,2245,2,2,0,1,CLOUDY,DRY,False,OTHER INTERSECTION COLLISIONS,REAR END,STRAIGHT & LEVEL,OTHER,,,1/22/2021 8:25:50 AM,False,7173,Accepted,
27699269,0568000,LOUISVILLE METRO POLICE DEPT,Accepted,JEFFERSON,KY2051,3824,CAMP GROUND,RD,,,,,,,,38.214195359,-85.832175086,5.580,1/21/2021 12:00:00 AM,1720,1,1,0,0,CLEAR,DRY,False,COLLISION WITH FIXED OBJECT NON - INTERSECTION - FIRST EVENT COLLISION 09 - 32 EXCLUDING 16,SINGLE VEHICLE,STRAIGHT & LEVEL,DAYLIGHT,,,1/22/2021 8:25:15 AM,False,7467,Accepted,
27699270,0568000,LOUISVILLE METRO POLICE DEPT,Accepted,JEFFERSON,KY0864,,FEGENBUSH,LN,,,FENWICK,,,,,38.155189844,-85.636370440,6.086,1/21/2021 12:00:00 AM,0621,3,3,0,0,CLOUDY,WET,False,OTHER INTERSECTION COLLISIONS,REAR END,CURVE & LEVEL,DAWN,,,1/22/2021 8:25:18 AM,False,7474,Accepted,
27699277,0568000,LOUISVILLE METRO POLICE DEPT,Accepted,JEFFERSON,,,PENILE,RD,,,,,,,,38.108325202,-85.797042524,0.891,1/21/2021 12:00:00 AM,1717,1,1,0,0,CLOUDY,DRY,False,COLLISION WITH FIXED OBJECT NON - INTERSECTION - FIRST EVENT COLLISION 09 - 32 EXCLUDING 16,SINGLE VEHICLE,CURVE & LEVEL,DAYLIGHT,,,1/22/2021 8:25:40 AM,False,7234,Accepted,
27699278,0568000,LOUISVILLE METRO POLICE DEPT,Accepted,JEFFERSON,,,HILL,ST,W,,MCCLOSKEY,,,,,38.228188352,-85.787394094,1.669,1/21/2021 12:00:00 AM,1822,2,2,0,0,CLEAR,DRY,True,SIDESWIPE-SAME DIRECTION,SIDESWIPE-SAME DIRECTION,STRAIGHT & LEVEL,DARK-HWY LIGHTED/ON,,,1/22/2021 8:25:43 AM,False,7387,Accepted,
27708880,0568000,LOUISVILLE METRO POLICE DEPT,Accepted,JEFFERSON,I 0264,,I264 W,,,,,,,,,38.251688084,-85.619164672,19.867,1/21/2021 12:00:00 AM,0624,2,2,0,1,CLEAR,DRY,False,SIDESWIPE COLLISION - SAME DIRECTION,SIDESWIPE-SAME DIRECTION,CURVE & GRADE,DARK-HWY LIGHTED/OFF,,,1/25/2021 10:04:28 AM,False,6886,Accepted,
27713833,0568000,LOUISVILLE METRO POLICE DEPT,Accepted,JEFFERSON,,,28TH,ST,S,,HILL,,,,,38.230553408,-85.801237202,2.118,1/21/2021 12:00:00 AM,1519,4,4,0,2,CLEAR,DRY,False,ANGLE COLLISION - ONE VEHICLE TURNING RIGHT,ANGLE,STRAIGHT & HILLCREST,DAYLIGHT,,,1/26/2021 3:33:07 PM,False,7495,Accepted,
27734941,0568000,LOUISVILLE METRO POLICE DEPT,Accepted,JEFFERSON,KY1447,11301,WESTPORT,RD,,,,,ACCOMACK,,KRISTEN MARIE,38.299979130,-85.539531794,7.161,1/21/2021 12:00:00 AM,0009,2,2,0,0,RAINING,WET,True,COLLISION IN PARKING LOT,BACKING,STRAIGHT & LEVEL,DARK-HWY LIGHTED/ON,,,2/1/2021 11:00:30 AM,False,7098,Accepted,
27734859,0568000,LOUISVILLE METRO POLICE DEPT,Accepted,JEFFERSON,US0060A,,TAYLOR,BLVD,,,,,SALE,,CLARA,38.199081215,-85.782713414,1.605,1/21/2021 12:00:00 AM,1226,2,2,0,0,CLEAR,DRY,False,REAR END IN TRAFFIC LANES BOTH VEHICLES MOVING,REAR END,STRAIGHT & LEVEL,DAYLIGHT,,,2/1/2021 10:56:01 AM,False,2499,Accepted,
27751953,0568000,LOUISVILLE METRO POLICE DEPT,Accepted,JEFFERSON,US0031E,,BARDSTOWN,RD,,,PARIS,,,,,38.201959962,-85.663927079,11.279,1/21/2021 12:00:00 AM,0649,2,2,0,0,CLOUDY,WET,False,OTHER INTERSECTION COLLISIONS,REAR END,STRAIGHT & LEVEL,DARK-HWY LIGHTED/ON,,,2/5/2021 8:13:06 AM,False,7304,Accepted,
27734912,0568000,LOUISVILLE METRO POLICE DEPT,Accepted,JEFFERSON,,,BRECKINRIDGE,ST,W,KY1020,3RD,,,,,38.241710324,-85.757460348,0.182,1/20/2021 12:00:00 AM,1833,3,3,0,1,CLOUDY,DRY,False,ANGLE COLLISION - OTHER,ANGLE,STRAIGHT & LEVEL,DARK-HWY LIGHTED/ON,,,2/1/2021 10:59:01 AM,False,7619,Accepted,
27720998,0568000,LOUISVILLE METRO POLICE DEPT,Accepted,JEFFERSON,KY1065,,OUTER,LOOP,,,,,,,,38.127408079,-85.747217177,2.615,1/20/2021 12:00:00 AM,1646,2,2,0,0,CLOUDY,WET,False,REAR END IN TRAFFIC LANES BOTH VEHICLES MOVING,REAR END,STRAIGHT & LEVEL,DAYLIGHT,,,1/28/2021 8:39:30 AM,False,7234,Accepted,
27712867,0568000,LOUISVILLE METRO POLICE DEPT,Accepted,JEFFERSON,,4501,6TH,ST,S,,,,,,,38.188159786,-85.770028062,2.919,1/20/2021 12:00:00 AM,1300,3,3,0,0,CLEAR,DRY,False,COLLISION IN PARKING LOT,SIDESWIPE-SAME DIRECTION,STRAIGHT & LEVEL,DAYLIGHT,,,1/26/2021 11:14:06 AM,False,7471,Accepted,
27708887,0568000,LOUISVILLE METRO POLICE DEPT,Accepted,JEFFERSON,KY1932,,BRECKENRIDGE,LN,,,LANDSIDE,,,,,38.200423769,-85.623587834,1.337,1/20/2021 12:00:00 AM,0538,2,2,0,0,CLEAR,DRY,False,HEAD-ON COLLISION,HEAD ON,STRAIGHT & LEVEL,DARK-HWY LIGHTED/ON,,,1/25/2021 10:04:59 AM,False,5288,Accepted,
27717049,0568000,LOUISVILLE METRO POLICE DEPT,Accepted,JEFFERSON,,,23RD,ST,S,,BROADWAY,,,,,38.249280764,-85.789879900,0.324,1/20/2021 12:00:00 AM,1837,4,4,0,1,CLEAR,DRY,False,ANGLE COLLISION - OTHER,ANGLE,STRAIGHT & LEVEL,DUSK,,,1/27/2021 8:50:42 AM,False,7628,Accepted,
27699242,0568000,LOUISVILLE METRO POLICE DEPT,Accepted,JEFFERSON,KY0864,,POPLAR LEVEL,RD,,,SELINDA,,,,,38.188465428,-85.702796714,10.761,1/20/2021 12:00:00 AM,1511,3,3,0,0,CLEAR,DRY,False,SIDESWIPE-SAME DIRECTION,SIDESWIPE-SAME DIRECTION,STRAIGHT & LEVEL,DAYLIGHT,,,1/22/2021 8:24:03 AM,False,5106,Accepted,
27695145,0568000,LOUISVILLE METRO POLICE DEPT,Accepted,JEFFERSON,,1620,COLUMBIA,ST,,,,,,,,38.260857656,-85.776795695,0.042,1/20/2021 12:00:00 AM,1115,1,1,0,0,CLEAR,DRY,False,COLLISION IN PARKING LOT,SINGLE VEHICLE,STRAIGHT & LEVEL,DAYLIGHT,,,1/21/2021 8:09:11 AM,False,7292,Accepted,
27695146,0568000,LOUISVILLE METRO POLICE DEPT,Accepted,JEFFERSON,KY1747,,HURSTBOURNE,PKWY,S,,PATRIOTS CROSSING,,,,,38.162277480,-85.633897078,5.568,1/20/2021 12:00:00 AM,1323,2,2,0,0,CLEAR,DRY,False,SIDESWIPE-SAME DIRECTION,SIDESWIPE-SAME DIRECTION,CURVE & LEVEL,DAYLIGHT,,,1/21/2021 8:09:19 AM,False,6937,Accepted,
27699490,0568000,LOUISVILLE METRO POLICE DEPT,Accepted,JEFFERSON,US0031W,,DIXIE,HWY,,,BONNYVILLE,,,,,38.166962694,-85.829275901,13.184,1/20/2021 12:00:00 AM,1529,2,2,0,1,CLEAR,DRY,False,OPPOSING LEFT TURN,OPPOSING LEFT TURN,STRAIGHT & LEVEL,DAYLIGHT,,,1/22/2021 9:24:53 AM,False,7336,Accepted,
27700702,0560300,ST. MATTHEWS POLICE DEPARTMENT,Accepted,JEFFERSON,US0060,5000,SHELBYVILLE,RD,,,,,,,,38.250180151,-85.623622814,5.303,1/20/2021 12:00:00 AM,1638,2,2,0,0,CLEAR,DRY,False,SIDESWIPE COLLISION - SAME DIRECTION,SIDESWIPE-SAME DIRECTION,CURVE & LEVEL,DAYLIGHT,,,1/22/2021 3:42:14 PM,False,9139,Accepted,
27708843,0568000,LOUISVILLE METRO POLICE DEPT,Accepted,JEFFERSON,I 0065,,,,,,,,,,,38.192158653,-85.730478976,1.275,1/20/2021 12:00:00 AM,0639,2,2,0,0,CLEAR,DRY,True,OTHER RAMP RELATED COLLISIONS NOT LISTED ABOVE,SIDESWIPE-SAME DIRECTION,CURVE & GRADE,DARK-HWY NOT LIGHTED,I 0065,I 0264,1/25/2021 10:03:47 AM,False,7772,Accepted,
27708885,0568000,LOUISVILLE METRO POLICE DEPT,Accepted,JEFFERSON,,,20TH,ST,S,US0150,BROADWAY,,,,,38.249140593,-85.784771362,0.735,1/20/2021 12:00:00 AM,1630,2,1,0,1,CLOUDY,DRY,True,COLLISION WITH PEDESTRIAN IN INTERSECTION,SINGLE VEHICLE,STRAIGHT & LEVEL,DAYLIGHT,,,1/25/2021 10:04:50 AM,False,7239,Accepted,
27708893,0568000,LOUISVILLE METRO POLICE DEPT,Accepted,JEFFERSON,I 0065,,I65 S,,,,,I 0065,I65 S EXIT133 OFF RAMP TO  ARTHUR ST,I 0065,I65 S EXIT133 ON RAMP FROM  E WARNOCK ST,38.213109861,-85.752770318,132.968,1/20/2021 12:00:00 AM,0604,2,2,0,1,CLEAR,DRY,True,OTHER COLLISIONS ON SHOULDER,SIDESWIPE-SAME DIRECTION,STRAIGHT & LEVEL,DARK (UNKNOWN ROADWAY LIGHTING),,,1/25/2021 10:05:19 AM,False,5050,Accepted,
27695151,0568000,LOUISVILLE METRO POLICE DEPT,Accepted,JEFFERSON,KY1932,,BRECKENRIDGE,LN,,,HIKES,,,,,38.218159032,-85.628596999,2.694,1/20/2021 12:00:00 AM,0758,2,2,0,0,CLEAR,DRY,False,ANGLE COLLISION - OTHER,ANGLE,STRAIGHT & LEVEL,DAYLIGHT,,,1/21/2021 8:09:42 AM,False,5247,Accepted,
27695152,0568000,LOUISVILLE METRO POLICE DEPT,Accepted,JEFFERSON,,,3RD,ST,S,,,,,,,38.168387516,-85.768561118,2.105,1/20/2021 12:00:00 AM,1502,1,1,0,2,CLOUDY,DRY,False,COLLISION WITH FIXED OBJECT NON - INTERSECTION - FIRST EVENT COLLISION 09 - 32 EXCLUDING 16,SINGLE VEHICLE,STRAIGHT & LEVEL,DAYLIGHT,,,1/21/2021 8:09:45 AM,False,7234,Accepted,
27695149,0568000,LOUISVILLE METRO POLICE DEPT,Accepted,JEFFERSON,US0031E,,BARDSTOWN,RD,,,WATTERSON,,,,,38.178873587,-85.622569387,8.418,1/20/2021 12:00:00 AM,1451,2,2,0,1,CLEAR,DRY,False,ANGLE COLLISION - OTHER,ANGLE,STRAIGHT & LEVEL,DAYLIGHT,,,1/21/2021 8:09:34 AM,False,7864,Accepted,
27695150,0568000,LOUISVILLE METRO POLICE DEPT,Accepted,JEFFERSON,US0060A,,TAYLOR,BLVD,,,THORNBERRY,,,,,38.204261194,-85.778782577,2.053,1/20/2021 12:00:00 AM,1626,2,2,0,0,CLEAR,DRY,False,OTHER INTERSECTION COLLISIONS,REAR END,STRAIGHT & LEVEL,DAYLIGHT,,,1/21/2021 8:09:38 AM,False,7977,Accepted,
27695157,0568000,LOUISVILLE METRO POLICE DEPT,Accepted,JEFFERSON,KY1865,,TAYLOR,BLVD,,,ASHLAND,,,,,38.186635695,-85.783820442,5.531,1/20/2021 12:00:00 AM,2159,2,2,0,1,CLEAR,DRY,True,OTHER INTERSECTION COLLISIONS,REAR END,,DARK-HWY LIGHTED/ON,,,1/21/2021 8:10:05 AM,False,5314,Accepted,
27699265,0568000,LOUISVILLE METRO POLICE DEPT,Accepted,JEFFERSON,,3603,FENWICK PARK,PL,,,,,,,,38.200348458,-85.602257483,0.136,1/20/2021 12:00:00 AM,1759,1,1,0,0,CLEAR,DRY,False,COLLISION IN PARKING LOT,SINGLE VEHICLE,STRAIGHT & LEVEL,DUSK,,,1/22/2021 8:25:02 AM,False,5247,Accepted,
27699250,0568000,LOUISVILLE METRO POLICE DEPT,Accepted,JEFFERSON,US0031W,,DIXIE,HWY,,,FLOWERVALE,,,,,38.085393212,-85.879786206,6.937,1/20/2021 12:00:00 AM,1657,2,2,0,1,CLEAR,DRY,False,OTHER INTERSECTION COLLISIONS,REAR END,STRAIGHT & LEVEL,DAYLIGHT,,,1/22/2021 8:24:20 AM,False,7336,Accepted,
27699272,0568000,LOUISVILLE METRO POLICE DEPT,Accepted,JEFFERSON,US0060A,,LEXINGTON,RD,,,WENDOVER,,,,,38.252405934,-85.658841843,10.454,1/20/2021 12:00:00 AM,1644,2,2,0,0,CLEAR,DRY,False,OPPOSING LEFT TURN,OPPOSING LEFT TURN,STRAIGHT & LEVEL,DAYLIGHT,,,1/22/2021 8:25:26 AM,False,2673,Accepted,
27691778,0568000,LOUISVILLE METRO POLICE DEPT,Accepted,JEFFERSON,,,HANCOCK,ST,S,,BALLARD,,,,,38.251526602,-85.742417966,0.241,1/20/2021 12:00:00 AM,0932,2,1,0,1,CLEAR,DRY,True,COLLISION WITH PEDESTRIAN IN INTERSECTION,SINGLE VEHICLE,STRAIGHT & LEVEL,DAYLIGHT,,,1/20/2021 11:29:36 AM,False,7266,Accepted,
27695147,0568000,LOUISVILLE METRO POLICE DEPT,Accepted,JEFFERSON,,,BROOK,ST,S,,FLORENCE,,,,,38.191634676,-85.759858958,0.086,1/20/2021 12:00:00 AM,1453,2,2,0,1,CLEAR,DRY,False,ANGLE COLLISION - OTHER,ANGLE,STRAIGHT & LEVEL,DAYLIGHT,,,1/21/2021 8:09:25 AM,False,2499,Accepted,
27695148,0568000,LOUISVILLE METRO POLICE DEPT,Accepted,JEFFERSON,,,PAYNE,ST,,,BISHOP,,,,,38.246607909,-85.728363224,0.149,1/20/2021 12:00:00 AM,1732,2,2,0,0,CLOUDY,DRY,False,ANGLE COLLISION - OTHER,ANGLE,STRAIGHT & GRADE,DAYLIGHT,,,1/21/2021 8:09:29 AM,False,2228,Accepted,
27695155,0568000,LOUISVILLE METRO POLICE DEPT,Accepted,JEFFERSON,,,CHESTNUT,ST,W,,12TH ST CONN,,,,,38.250634595,-85.773015016,1.532,1/20/2021 12:00:00 AM,2239,2,2,0,0,CLEAR,DRY,True,OTHER INTERSECTION COLLISIONS,REAR END,STRAIGHT & LEVEL,DARK-HWY LIGHTED/ON,,,1/21/2021 8:09:57 AM,False,5328,Accepted,
27691126,0568000,LOUISVILLE METRO POLICE DEPT,Accepted,JEFFERSON,,,WOODBINE,ST,,,,,FLOYD,,EVANS,38.229214831,-85.752147067,0.272,1/20/2021 12:00:00 AM,0146,2,2,0,0,CLEAR,DRY,True,1 VEHICLE PARKED POSITION (NOT PARKING LOT/DRIVEWAY),ANGLE,STRAIGHT & LEVEL,DARK-HWY LIGHTED/ON,,,1/20/2021 8:11:42 AM,False,7527,Accepted,
27691127,0568000,LOUISVILLE METRO POLICE DEPT,Accepted,JEFFERSON,KY1703,,BAXTER,AVE,,,ELLWOOD,,,,,38.237006479,-85.721737257,5.394,1/20/2021 12:00:00 AM,0325,2,2,0,0,CLEAR,DRY,True,COLLISION WITH PARKED VEHICLE,SIDESWIPE-SAME DIRECTION,STRAIGHT & LEVEL,DARK-HWY LIGHTED/OFF,,,1/20/2021 8:11:46 AM,False,5243,Accepted,
28061184,0568000,LOUISVILLE METRO POLICE DEPT,Accepted,JEFFERSON,US0031W,,DIXIE,HWY,,,,,,,,38.166974885,-85.829239072,13.183,1/20/2021 12:00:00 AM,1819,2,2,0,0,CLEAR,DRY,False,1 VEHICLE ENTERING/LEAVING ENTRANCE,ANGLE,STRAIGHT & LEVEL,DARK-HWY NOT LIGHTED,,,4/27/2021 9:10:56 AM,False,7234,Accepted,
27691128,0568000,LOUISVILLE METRO POLICE DEPT,Accepted,JEFFERSON,,714,HAZEL,ST,,,,,,,,38.249055259,-85.804687108,0.050,1/19/2021 12:00:00 AM,2230,2,2,0,0,CLEAR,DRY,False,1 VEHICLE PARKED POSITION (NOT PARKING LOT/DRIVEWAY),REAR END,STRAIGHT & LEVEL,DARK-HWY LIGHTED/ON,,,1/20/2021 8:11:50 AM,False,5039,Accepted,
27691119,0568000,LOUISVILLE METRO POLICE DEPT,Accepted,JEFFERSON,I 0065,,I65 N,,,,,,,,,38.190566270,-85.729402089,130.754,1/19/2021 12:00:00 AM,1945,2,2,0,0,CLEAR,DRY,False,SIDESWIPE COLLISION - SAME DIRECTION,SIDESWIPE-SAME DIRECTION,STRAIGHT & LEVEL,DARK-HWY LIGHTED/ON,,,1/20/2021 8:10:51 AM,False,5252,Accepted,
27691120,0568000,LOUISVILLE METRO POLICE DEPT,Accepted,JEFFERSON,KY0061,,PRESTON,HWY,,I 0065,I65 N EXIT130 ON RAMP FROM KY61,,,,,38.178690354,-85.716909131,7.233,1/19/2021 12:00:00 AM,2030,2,2,0,0,CLEAR,DRY,False,OPPOSING LEFT TURN,OPPOSING LEFT TURN,STRAIGHT & LEVEL,DARK-HWY LIGHTED/ON,,,1/20/2021 8:10:55 AM,False,5165,Accepted,
27691094,0568000,LOUISVILLE METRO POLICE DEPT,Accepted,JEFFERSON,I 0071,,I71 S,,,,,,,,,38.318475577,-85.570801101,9.748,1/19/2021 12:00:00 AM,0935,1,1,0,0,CLEAR,DRY,False,COLLISION WITH FIXED OBJECT NON - INTERSECTION - FIRST EVENT COLLISION 09 - 32 EXCLUDING 16,SINGLE VEHICLE,STRAIGHT & LEVEL,DAYLIGHT,,,1/20/2021 8:08:54 AM,False,4903,Accepted,
27691100,0568000,LOUISVILLE METRO POLICE DEPT,Accepted,JEFFERSON,,6611,SKY BLUE,AVE,,,,,,,,38.146045442,-85.851909111,0.103,1/19/2021 12:00:00 AM,1420,1,1,0,0,CLEAR,DRY,False,COLLISION WITH FIXED OBJECT NON - INTERSECTION - FIRST EVENT COLLISION 09 - 32 EXCLUDING 16,SINGLE VEHICLE,STRAIGHT & LEVEL,DAYLIGHT,,,1/20/2021 8:09:31 AM,False,7339,Accepted,
27691101,0568000,LOUISVILLE METRO POLICE DEPT,Accepted,JEFFERSON,,,BROADWAY,,W,US0031W,22ND,,,,,38.249253585,-85.788328441,0.007,1/19/2021 12:00:00 AM,1251,2,2,0,0,CLEAR,DRY,False,ANGLE COLLISION - OTHER,ANGLE,STRAIGHT & LEVEL,DAYLIGHT,,,1/20/2021 8:09:34 AM,False,7805,Accepted,
27691103,0568000,LOUISVILLE METRO POLICE DEPT,Accepted,JEFFERSON,,6001,AMIGO,CT,,,,,,,,38.149552265,-85.574878749,0.053,1/19/2021 12:00:00 AM,1700,1,1,0,1,CLOUDY,DRY,False,COLLISION WITH FIXED OBJECT NON - INTERSECTION - FIRST EVENT COLLISION 09 - 32 EXCLUDING 16,SINGLE VEHICLE,STRAIGHT & LEVEL,DAYLIGHT,,,1/20/2021 8:09:43 AM,False,7486,Accepted,
27691108,0568000,LOUISVILLE METRO POLICE DEPT,Accepted,JEFFERSON,KY0061,,SHELBY,ST,S,US0060A,EASTERN,,,,,38.214835856,-85.742648400,10.107,1/19/2021 12:00:00 AM,1709,3,3,0,1,CLEAR,DRY,False,ANGLE COLLISION - OTHER,ANGLE,STRAIGHT & LEVEL,DUSK,,,1/20/2021 8:10:01 AM,False,5111,Accepted,
27691109,0568000,LOUISVILLE METRO POLICE DEPT,Accepted,JEFFERSON,,,BURNETT,AVE,E,,HANCOCK,,,,,38.225719213,-85.746889141,0.544,1/19/2021 12:00:00 AM,1525,2,2,0,0,CLEAR,DRY,False,SIDESWIPE-SAME DIRECTION,SIDESWIPE-SAME DIRECTION,STRAIGHT & LEVEL,DAYLIGHT,,,1/20/2021 8:10:06 AM,False,7322,Accepted,
27691110,0568000,LOUISVILLE METRO POLICE DEPT,Accepted,JEFFERSON,KY1747,,HURSTBOURNE,PKWY,S,,RAINTREE,,,,,38.200693744,-85.602916230,9.731,1/19/2021 12:00:00 AM,1750,2,2,0,0,CLEAR,DRY,False,ANGLE COLLISION - OTHER,ANGLE,STRAIGHT & LEVEL,DARK-HWY NOT LIGHTED,,,1/20/2021 8:10:17 AM,False,7739,Accepted,
27691111,0568000,LOUISVILLE METRO POLICE DEPT,Accepted,JEFFERSON,,,15TH,ST,S,,OAK,,,,,38.236674751,-85.778405335,0.783,1/19/2021 12:00:00 AM,1039,2,2,0,2,CLEAR,DRY,False,ANGLE COLLISION - OTHER,ANGLE,STRAIGHT & LEVEL,DAYLIGHT,,,1/20/2021 8:10:26 AM,False,2469,Accepted,
27691118,0568000,LOUISVILLE METRO POLICE DEPT,Accepted,JEFFERSON,,,SPEED,AVE,,,,,HARTMAN,,STRAND,38.223854211,-85.709264688,0.098,1/19/2021 12:00:00 AM,2012,2,2,0,0,CLEAR,DRY,True,1 VEHICLE PARKED POSITION (NOT PARKING LOT/DRIVEWAY),SIDESWIPE-SAME DIRECTION,STRAIGHT & LEVEL,DARK-HWY LIGHTED/ON,,,1/20/2021 8:10:46 AM,False,5274,Accepted,
27686518,0568000,LOUISVILLE METRO POLICE DEPT,Accepted,JEFFERSON,,2918,NEPPERHAN,RD,,,,,,,,38.202417853,-85.635787229,0.417,1/19/2021 12:00:00 AM,0202,2,2,0,0,CLEAR,DRY,True,1 VEHICLE PARKED POSITION (NOT PARKING LOT/DRIVEWAY),REAR END,STRAIGHT & LEVEL,DARK-HWY LIGHTED/OFF,,,1/19/2021 8:14:58 AM,False,5146,Accepted,
27686519,0568000,LOUISVILLE METRO POLICE DEPT,Accepted,JEFFERSON,I 0064,,I64 E,,,I 0064,I64 E EXIT15 OFF RAMP TO KY1747,,,,,38.223381959,-85.577174609,15.120,1/19/2021 12:00:00 AM,0220,2,2,0,0,RAINING,WET,False,SIDESWIPE-SAME DIRECTION,SIDESWIPE-SAME DIRECTION,STRAIGHT & LEVEL,DARK-HWY LIGHTED/ON,,,1/19/2021 8:15:03 AM,False,5327,Accepted,
27691125,0568000,LOUISVILLE METRO POLICE DEPT,Accepted,JEFFERSON,,,DEL PARK,TER,,,,,,,,38.253374308,-85.809743358,0.288,1/19/2021 12:00:00 AM,2212,3,3,0,0,CLOUDY,DRY,True,SIDESWIPE COLLISION - OPPOSITE DIRECTION,SIDESWIPE-OPPOSITE DIRECTION,STRAIGHT & LEVEL,DAWN,,,1/20/2021 8:11:26 AM,False,5303,Accepted,
27708840,0568000,LOUISVILLE METRO POLICE DEPT,Accepted,JEFFERSON,KY1865,,NEW CUT,RD,,,,,,,,38.142674156,-85.774568886,2.450,1/19/2021 12:00:00 AM,0852,2,2,0,2,CLEAR,DRY,False,REAR END IN TRAFFIC LANES BOTH VEHICLES MOVING,REAR END,STRAIGHT & GRADE,DAYLIGHT,,,1/25/2021 10:03:35 AM,False,7221,Accepted,
27691096,0568000,LOUISVILLE METRO POLICE DEPT,Accepted,JEFFERSON,,,ENGLISH STATION,RD,N,KY3084,OLD HENRY,,,,,38.262685385,-85.516130348,1.233,1/19/2021 12:00:00 AM,1258,2,2,0,0,CLEAR,DRY,False,OPPOSING LEFT TURN,OPPOSING LEFT TURN,CURVE & HILLCREST,DAYLIGHT,,,1/20/2021 8:09:02 AM,False,7337,Accepted,