IncidentID,AgencyORI,AgencyName,IncidentStatusDesc,County,RdwyNumber,Street,RoadwayName,StreetSfx,StreetDir,IntersectionRdwy,IntersectionRdwyName,BetweenStRdwy1,BetweenStRdwyName1,BetweenStRdwy2,BetweenStRdwyName2,Latitude,Longitude,Milepoint,CollisionDate,CollisionTime,UnitsInvolved,MotorVehiclesInvolved,NumberKilled,NumberInjured,Weather,RdwyConditionCode,HitandRun,DirAnalysisCode,MannerofCollision,RdwyCharacter,LightCondition,RampFromRdwyId,RampToRdwyId,AcceptedDate,IsSecondaryCollision,OwnerBadge,IncidentStatus,
27691097,0568000,LOUISVILLE METRO POLICE DEPT,Accepted,JEFFERSON,KY0864,,POPLAR LEVEL,RD,,,MERCER,,,,,38.201377804,-85.709692867,11.743,1/19/2021 12:00:00 AM,1015,2,2,0,0,CLEAR,DRY,False,ANGLE COLLISION - ONE VEHICLE TURNING LEFT,ANGLE,STRAIGHT & LEVEL,DAYLIGHT,,,1/20/2021 8:09:06 AM,False,4693,Accepted,
27691098,0568000,LOUISVILLE METRO POLICE DEPT,Accepted,JEFFERSON,KY1020,,3RD,ST,S,US0060A,EASTERN,,,,,38.213746832,-85.762266997,9.868,1/19/2021 12:00:00 AM,1034,1,1,0,0,CLEAR,DRY,False,OTHER INTERSECTION COLLISIONS,SINGLE VEHICLE,STRAIGHT & LEVEL,DAYLIGHT,,,1/20/2021 8:09:14 AM,False,7418,Accepted,
27691105,0568000,LOUISVILLE METRO POLICE DEPT,Accepted,JEFFERSON,US0031E,,BAXTER,AVE,,,,,,,,38.242161426,-85.725778847,15.780,1/19/2021 12:00:00 AM,1007,2,2,0,0,CLEAR,WET,False,REAR END IN TRAFFIC LANES BOTH VEHICLES MOVING,REAR END,STRAIGHT & LEVEL,DAYLIGHT,,,1/20/2021 8:09:52 AM,False,5112,Accepted,
27691121,0568000,LOUISVILLE METRO POLICE DEPT,Accepted,JEFFERSON,I 0064,,I64 E,,,,,,,,,38.242887794,-85.695558062,8.470,1/19/2021 12:00:00 AM,1924,4,4,0,1,CLEAR,DRY,True,REAR END IN TRAFFIC LANES BOTH VEHICLES MOVING,REAR END,STRAIGHT & LEVEL,DARK-HWY LIGHTED/ON,,,1/20/2021 8:11:03 AM,False,5117,Accepted,
27691122,0568000,LOUISVILLE METRO POLICE DEPT,Accepted,JEFFERSON,KY1932,,BRECKENRIDGE,LN,,,MANNER DALE,,,,,38.202604481,-85.622485227,1.495,1/19/2021 12:00:00 AM,2323,1,1,0,2,CLEAR,DRY,False,COLLISION WITH FIXED OBJECT IN INTERSECTION - FIRST EVENT COLLISION 09 - 32,SINGLE VEHICLE,CURVE & LEVEL,DARK-HWY LIGHTED/ON,,,1/20/2021 8:11:09 AM,False,5288,Accepted,
27691123,0568000,LOUISVILLE METRO POLICE DEPT,Accepted,JEFFERSON,KY1934,,CANE RUN,RD,,,,,LINDA,,KINGSWOOD,38.211012548,-85.822562725,10.332,1/19/2021 12:00:00 AM,1908,3,3,0,0,CLEAR,DRY,False,SIDESWIPE COLLISION - OPPOSITE DIRECTION,SIDESWIPE-OPPOSITE DIRECTION,STRAIGHT & LEVEL,DARK-HWY LIGHTED/ON,,,1/20/2021 8:11:13 AM,False,7181,Accepted,
27691124,0568000,LOUISVILLE METRO POLICE DEPT,Accepted,JEFFERSON,,,LONGEST,AVE,,,RAY,,,,,38.239553649,-85.708552662,0.477,1/19/2021 12:00:00 AM,2025,2,2,0,1,CLEAR,DRY,False,COLLISION WITH PARKED VEHICLE,SIDESWIPE-SAME DIRECTION,STRAIGHT & LEVEL,DARK-HWY LIGHTED/ON,,,1/20/2021 8:11:18 AM,False,7219,Accepted,
27691112,0568000,LOUISVILLE METRO POLICE DEPT,Accepted,JEFFERSON,,936,DENMARK,ST,,,,,,,,38.195714344,-85.776535598,0.443,1/19/2021 12:00:00 AM,2051,2,2,0,0,CLEAR,DRY,False,1 VEHICLE PARKED POSITION (NOT PARKING LOT/DRIVEWAY),REAR END,STRAIGHT & LEVEL,DARK-HWY LIGHTED/ON,,,1/20/2021 8:10:33 AM,False,5175,Accepted,
27686516,0568000,LOUISVILLE METRO POLICE DEPT,Accepted,JEFFERSON,US0150,,BROADWAY,,W,,18TH,,,,,38.248960513,-85.781505395,1.097,1/18/2021 12:00:00 AM,1854,2,2,0,0,CLEAR,DRY,True,OTHER INTERSECTION COLLISIONS,REAR END,STRAIGHT & LEVEL,DARK-HWY LIGHTED/ON,,,1/19/2021 8:14:51 AM,False,5021,Accepted,
27682921,0568000,LOUISVILLE METRO POLICE DEPT,Accepted,JEFFERSON,I 0065,,I65 N,,,,,,,,,38.261742100,-85.742039154,136.674,1/18/2021 12:00:00 AM,0014,1,1,0,1,SLEET HAIL FREEZING RAIN,ICE,False,OTHER ROADWAY OR MID-BLOCK COLLISION,SINGLE VEHICLE,STRAIGHT & LEVEL,DARK-HWY LIGHTED/ON,,,1/18/2021 7:58:17 AM,False,5328,Accepted,
27682922,0568000,LOUISVILLE METRO POLICE DEPT,Accepted,JEFFERSON,I 0265,,I265 S,,,,,I 0265,I265 S EXIT30 ON RAMP FROM KY146,I 0265,I265 S EXIT30 OFF RAMP KY146 TO,38.286131080,-85.510831146,30.208,1/18/2021 12:00:00 AM,0536,3,3,0,1,CLEAR,ICE,False,1 VEHICLE PARKED POSITION (NOT PARKING LOT/DRIVEWAY),ANGLE,STRAIGHT & GRADE,DARK-HWY LIGHTED/ON,,,1/18/2021 7:58:20 AM,False,7098,Accepted,
27686513,0568000,LOUISVILLE METRO POLICE DEPT,Accepted,JEFFERSON,KY1747,,FERN VALLEY,RD,,KY0061,PRESTON,,,,,38.157320423,-85.695853455,2.005,1/18/2021 12:00:00 AM,1547,2,2,0,1,CLEAR,DRY,False,ANGLE COLLISION - OTHER,ANGLE,STRAIGHT & LEVEL,DAYLIGHT,,,1/19/2021 8:14:38 AM,False,5264,Accepted,
27686505,0568000,LOUISVILLE METRO POLICE DEPT,Accepted,JEFFERSON,KY1065,,OUTER,LOOP,,,,,,,,38.126447131,-85.776174055,1.024,1/18/2021 12:00:00 AM,1034,2,2,0,0,CLOUDY,WET,False,1 VEHICLE ENTERING/LEAVING ENTRANCE,ANGLE,STRAIGHT & LEVEL,DAYLIGHT,,,1/19/2021 8:13:43 AM,False,7331,Accepted,
27686506,0568000,LOUISVILLE METRO POLICE DEPT,Accepted,JEFFERSON,,,30TH,ST,S,,MUHAMMAD ALI,,,,,38.255925872,-85.800593063,0.379,1/18/2021 12:00:00 AM,1313,1,1,0,0,CLOUDY,DRY,False,OTHER INTERSECTION COLLISIONS,SINGLE VEHICLE,STRAIGHT & GRADE,DAYLIGHT,,,1/19/2021 8:13:47 AM,False,5334,Accepted,
27686507,0568000,LOUISVILLE METRO POLICE DEPT,Accepted,JEFFERSON,KY1865,,TAYLOR,BLVD,,,ARLING,,,,,38.173437843,-85.782192230,4.599,1/18/2021 12:00:00 AM,1433,2,2,0,1,CLOUDY,DRY,False,SIDESWIPE-SAME DIRECTION,SIDESWIPE-SAME DIRECTION,STRAIGHT & LEVEL,DAYLIGHT,,,1/19/2021 8:13:52 AM,False,7978,Accepted,
27686515,0568000,LOUISVILLE METRO POLICE DEPT,Accepted,JEFFERSON,,,MADISON,ST,W,,26TH,,,,,38.254142320,-85.794441750,1.192,1/18/2021 12:00:00 AM,1527,2,2,0,0,CLEAR,DRY,False,ANGLE COLLISION - OTHER,ANGLE,STRAIGHT & LEVEL,DAYLIGHT,,,1/19/2021 8:14:47 AM,False,5124,Accepted,
27686514,0568000,LOUISVILLE METRO POLICE DEPT,Accepted,JEFFERSON,I 0264,,I264 W,,,,,,,,,38.185908040,-85.805357504,8.000,1/18/2021 12:00:00 AM,1737,1,1,0,0,CLEAR,DRY,True,COLLISION WITH FIXED OBJECT NON - INTERSECTION - FIRST EVENT COLLISION 09 - 32 EXCLUDING 16,SINGLE VEHICLE,CURVE & LEVEL,DAYLIGHT,,,1/19/2021 8:14:43 AM,False,2217,Accepted,
27685034,0560300,ST. MATTHEWS POLICE DEPARTMENT,Accepted,JEFFERSON,I 0264,,I264 W,,,,,,,,,38.266417981,-85.625001496,20.952,1/18/2021 12:00:00 AM,0502,1,1,0,0,CLEAR,ICE,False,OTHER ROADWAY OR MID-BLOCK COLLISION,SINGLE VEHICLE,CURVE & LEVEL,DARK-HWY LIGHTED/ON,,,1/18/2021 9:43:07 PM,False,9164,Accepted,
27686491,0568000,LOUISVILLE METRO POLICE DEPT,Accepted,JEFFERSON,,8600,BROAD RUN,RD,,,,,,,,38.119810619,-85.541849793,1.427,1/18/2021 12:00:00 AM,0617,2,2,0,0,CLOUDY,SNOW/SLUSH,False,SIDESWIPE COLLISION - OPPOSITE DIRECTION,SIDESWIPE-OPPOSITE DIRECTION,STRAIGHT & LEVEL,DARK-HWY NOT LIGHTED,,,1/19/2021 8:12:47 AM,False,2017,Accepted,
27686497,0568000,LOUISVILLE METRO POLICE DEPT,Accepted,JEFFERSON,I 0265,,,,,,,,,,,38.145327129,-85.548935556,0.175,1/18/2021 12:00:00 AM,0602,1,1,0,1,CLOUDY,ICE,False,COLLISION WITH FIXED OBJECT NOT IN GORE ,SINGLE VEHICLE,CURVE & GRADE,DARK-HWY LIGHTED/OFF,I 0265,KY1819,1/19/2021 8:13:08 AM,False,7720,Accepted,
27686498,0568000,LOUISVILLE METRO POLICE DEPT,Accepted,JEFFERSON,I 0265,,,,,,,,,,,38.145258542,-85.547853942,0.235,1/18/2021 12:00:00 AM,0658,1,1,0,0,CLOUDY,ICE,False,COLLISION WITH FIXED OBJECT NOT IN GORE ,SINGLE VEHICLE,CURVE & GRADE,DARK-HWY LIGHTED/OFF,I 0265,KY1819,1/19/2021 8:13:12 AM,False,7720,Accepted,
27682944,0568000,LOUISVILLE METRO POLICE DEPT,Accepted,JEFFERSON,I 0265,,I265 E,,,,,,,,,38.194964811,-85.508211751,23.557,1/18/2021 12:00:00 AM,0418,1,1,0,1,SNOWING,ICE,False,OTHER COLLISIONS ON SHOULDER,SINGLE VEHICLE,STRAIGHT & HILLCREST,DARK-HWY LIGHTED/ON,,,1/18/2021 8:02:46 AM,False,5056,Accepted,
27682946,0568000,LOUISVILLE METRO POLICE DEPT,Accepted,JEFFERSON,I 0265,,I265 E,,,,,,,,,38.194964811,-85.508211751,23.557,1/18/2021 12:00:00 AM,0418,1,1,0,1,CLEAR,ICE,False,OTHER ROADWAY OR MID-BLOCK COLLISION,SINGLE VEHICLE,STRAIGHT & HILLCREST,DARK-HWY LIGHTED/ON,,,1/18/2021 8:02:50 AM,False,5056,Accepted,
27682913,0568000,LOUISVILLE METRO POLICE DEPT,Accepted,JEFFERSON,I 0065,,I65 N,,,,,,,,,38.195778130,-85.733284398,131.178,1/18/2021 12:00:00 AM,0105,1,1,0,0,SNOWING,SNOW/SLUSH,False,OTHER ROADWAY OR MID-BLOCK COLLISION,SINGLE VEHICLE,CURVE & GRADE,DARK-HWY LIGHTED/ON,,,1/18/2021 7:57:54 AM,False,7133,Accepted,
27682914,0568000,LOUISVILLE METRO POLICE DEPT,Accepted,JEFFERSON,I 0264,,I264 W,,,,,,,,,38.191229966,-85.720499547,12.587,1/18/2021 12:00:00 AM,0021,1,1,0,0,OTHER,WET,False,COLLISION WITH FIXED OBJECT NON - INTERSECTION - FIRST EVENT COLLISION 09 - 32 EXCLUDING 16,SINGLE VEHICLE,STRAIGHT & LEVEL,DARK-HWY LIGHTED/ON,,,1/18/2021 7:57:57 AM,False,5299,Accepted,
27682919,0568000,LOUISVILLE METRO POLICE DEPT,Accepted,JEFFERSON,US0031E,,BARDSTOWN,RD,,,,,,,,38.211299980,-85.671144822,12.049,1/18/2021 12:00:00 AM,0027,2,2,0,2,CLEAR,WET,False,HEAD-ON COLLISION,HEAD ON,STRAIGHT & LEVEL,DARK-HWY LIGHTED/ON,,,1/18/2021 7:58:11 AM,False,5104,Accepted,
27691099,0568000,LOUISVILLE METRO POLICE DEPT,Accepted,JEFFERSON,I 0071,,I71 N,,,,,,,,,38.277021917,-85.693770240,2.013,1/18/2021 12:00:00 AM,0755,7,7,0,0,CLEAR,ICE,False,OTHER ROADWAY OR MID-BLOCK COLLISION,REAR END,STRAIGHT & LEVEL,DAYLIGHT,,,1/20/2021 8:09:19 AM,False,5311,Accepted,
27691104,0568000,LOUISVILLE METRO POLICE DEPT,Accepted,JEFFERSON,I 0071,,I71 N,,,,,,,,,38.275538840,-85.696168022,1.844,1/18/2021 12:00:00 AM,0620,1,1,0,0,CLOUDY,ICE,False,OTHER COLLISIONS ON SHOULDER,SINGLE VEHICLE,STRAIGHT & LEVEL,DARK-HWY LIGHTED/ON,,,1/20/2021 8:09:47 AM,False,7022,Accepted,
27708901,0568000,LOUISVILLE METRO POLICE DEPT,Accepted,JEFFERSON,US0150,,BROADWAY,,E,,BARRET,,,,,38.243763868,-85.733892886,3.750,1/18/2021 12:00:00 AM,2001,1,1,0,0,CLEAR,DRY,True,COLLISION WITH FIXED OBJECT IN INTERSECTION - FIRST EVENT COLLISION 09 - 32,SINGLE VEHICLE,STRAIGHT & LEVEL,DARK (UNKNOWN ROADWAY LIGHTING),,,1/25/2021 10:05:44 AM,False,5250,Accepted,
27686510,0568000,LOUISVILLE METRO POLICE DEPT,Accepted,JEFFERSON,KY0061,5204,PRESTON,HWY,,,,,,,,38.173986764,-85.712046991,6.819,1/18/2021 12:00:00 AM,1221,2,1,0,1,CLEAR,DRY,True,COLLISION WITH PEDESTRIAN NON - INTERSECTION,SINGLE VEHICLE,STRAIGHT & LEVEL,DAYLIGHT,,,1/19/2021 8:14:16 AM,False,5305,Accepted,
27686511,0568000,LOUISVILLE METRO POLICE DEPT,Accepted,JEFFERSON,,,7TH,ST,S,KY2054,ALGONQUIN,,,,,38.220053778,-85.777387036,0.001,1/18/2021 12:00:00 AM,1712,2,2,0,0,CLOUDY,DRY,False,ANGLE COLLISION - OTHER,ANGLE,STRAIGHT & LEVEL,DAYLIGHT,,,1/19/2021 8:14:30 AM,False,7091,Accepted,
27686508,0568000,LOUISVILLE METRO POLICE DEPT,Accepted,JEFFERSON,,,24TH,ST,S,,MUHAMMAD ALI,,,,,38.254945322,-85.791470486,0.379,1/18/2021 12:00:00 AM,1559,2,2,0,0,CLOUDY,DRY,False,ANGLE COLLISION - OTHER,ANGLE,STRAIGHT & LEVEL,DAYLIGHT,,,1/19/2021 8:13:57 AM,False,5334,Accepted,
27686509,0568000,LOUISVILLE METRO POLICE DEPT,Accepted,JEFFERSON,,2811,TYSON,PL,,,,,,,,38.204110233,-85.640465058,0.088,1/18/2021 12:00:00 AM,1728,2,2,0,0,CLEAR,DRY,True,1 VEHICLE PARKED POSITION (NOT PARKING LOT/DRIVEWAY),ANGLE,STRAIGHT & LEVEL,DAYLIGHT,,,1/19/2021 8:14:05 AM,False,7448,Accepted,
27691129,0568000,LOUISVILLE METRO POLICE DEPT,Accepted,JEFFERSON,,,HEYWOOD,AVE,,,ALLEN,,,,,38.206671066,-85.767572877,0.216,1/18/2021 12:00:00 AM,2249,2,2,0,2,CLOUDY,DRY,False,ANGLE COLLISION - OTHER,ANGLE,STRAIGHT & LEVEL,DARK (UNKNOWN ROADWAY LIGHTING),,,1/20/2021 8:12:04 AM,False,5287,Accepted,
27691093,0568000,LOUISVILLE METRO POLICE DEPT,Accepted,JEFFERSON,,,GRASTON,AVE,,,,,,,,38.172837395,-85.835238641,0.217,1/18/2021 12:00:00 AM,1630,2,2,0,0,CLOUDY,DRY,False,REAR END IN TRAFFIC LANES BOTH VEHICLES MOVING,REAR END,STRAIGHT & LEVEL,DAYLIGHT,,,1/20/2021 8:08:50 AM,False,7234,Accepted,
27682916,0568000,LOUISVILLE METRO POLICE DEPT,Accepted,JEFFERSON,,,RIVER PARK,DR,,,,,,,,38.254378888,-85.806959488,1.097,1/18/2021 12:00:00 AM,0300,2,2,0,1,CLEAR,WET,False,1 VEHICLE ENTERING/LEAVING ENTRANCE,ANGLE,STRAIGHT & LEVEL,DARK-HWY LIGHTED/ON,,,1/18/2021 7:58:02 AM,False,5216,Accepted,
27682917,0568000,LOUISVILLE METRO POLICE DEPT,Accepted,JEFFERSON,I 0065,,,,,,,,,,,38.191664583,-85.729097726,1.205,1/18/2021 12:00:00 AM,0405,1,1,0,0,CLEAR,ICE,False,COLLISION WITH FIXED OBJECT NOT IN GORE ,SINGLE VEHICLE,CURVE & HILLCREST,DARK-HWY LIGHTED/ON,I 0065,I 0264,1/18/2021 7:58:05 AM,False,5314,Accepted,
27712845,0568000,LOUISVILLE METRO POLICE DEPT,Accepted,JEFFERSON,,,7TH,ST,S,,INDUSTRY,,,,,38.221121534,-85.775753035,0.115,1/18/2021 12:00:00 AM,1400,2,2,0,0,CLOUDY,DRY,False,SIDESWIPE-SAME DIRECTION,SIDESWIPE-SAME DIRECTION,STRAIGHT & LEVEL,DAYLIGHT,,,1/26/2021 11:13:17 AM,False,7472,Accepted,
27708836,0568000,LOUISVILLE METRO POLICE DEPT,Accepted,JEFFERSON,US0042,2500,BROWNSBORO,RD,,,,,,,,38.274711884,-85.644641216,5.206,1/18/2021 12:00:00 AM,1310,2,2,0,0,CLOUDY,DRY,False,1 VEHICLE ENTERING/LEAVING ENTRANCE,ANGLE,STRAIGHT & LEVEL,DAYLIGHT,,,1/25/2021 10:03:20 AM,False,2738,Accepted,
27708838,0568000,LOUISVILLE METRO POLICE DEPT,Accepted,JEFFERSON,,2605,PHOENIX HILL,CT,,,,,,,,38.288952864,-85.650115196,0.055,1/18/2021 12:00:00 AM,2200,1,1,0,0,CLEAR,DRY,True,OTHER ROADWAY OR MID-BLOCK COLLISION,SINGLE VEHICLE,,DARK-HWY NOT LIGHTED,,,1/25/2021 10:03:26 AM,False,2738,Accepted,
27743043,0568000,LOUISVILLE METRO POLICE DEPT,Accepted,JEFFERSON,KY0061,,PRESTON,HWY,,,GRADE,,,,,38.180231216,-85.718489993,7.364,1/18/2021 12:00:00 AM,2218,3,3,0,0,CLEAR,DRY,False,OTHER INTERSECTION COLLISIONS,REAR END,STRAIGHT & LEVEL,DARK-HWY LIGHTED/ON,,,2/3/2021 8:28:40 AM,False,5320,Accepted,
29601829,0568000,LOUISVILLE METRO POLICE DEPT,Accepted,JEFFERSON,,4800,WAVERLY PARK,RD,,,,,,,,38.131587927,-85.825045266,0.681,1/18/2021 12:00:00 AM,0805,3,3,0,1,CLEAR,ICE,False,REAR END IN TRAFFIC LANES BOTH VEHICLES MOVING,REAR END,CURVE & GRADE,DAWN,,,1/19/2022 8:15:42 AM,False,5395,Accepted,
27989960,0568000,LOUISVILLE METRO POLICE DEPT,Accepted,JEFFERSON,I 0064,,,,,,,,,,,38.259352156,-85.742146841,0.964,1/18/2021 12:00:00 AM,1351,1,1,0,0,CLOUDY,WET,False,OTHER RAMP RELATED COLLISIONS NOT LISTED ABOVE,SINGLE VEHICLE,CURVE & GRADE,DAYLIGHT,I 0064,I 0065,4/9/2021 8:35:19 AM,False,8278,Accepted,
29597348,0568000,LOUISVILLE METRO POLICE DEPT,Accepted,JEFFERSON,KY0061,,PRESTON,ST,S,,COLLEGE,,,,,38.242519181,-85.748019884,12.018,1/17/2021 12:00:00 AM,1005,2,2,0,0,CLOUDY,SNOW/SLUSH,False,ANGLE COLLISION - OTHER,ANGLE,STRAIGHT & LEVEL,DAYLIGHT,,,1/18/2022 8:08:21 AM,False,5301,Accepted,
28065932,0568000,LOUISVILLE METRO POLICE DEPT,Accepted,JEFFERSON,KY0864,,POPLAR LEVEL,RD,,,BISHOP,,,,,38.184814220,-85.699853903,10.458,1/17/2021 12:00:00 AM,0035,2,2,0,1,CLEAR,DRY,False,OPPOSING LEFT TURN,OPPOSING LEFT TURN,STRAIGHT & LEVEL,DARK-HWY LIGHTED/ON,,,4/28/2021 8:44:18 AM,False,5144,Accepted,
27712866,0568000,LOUISVILLE METRO POLICE DEPT,Accepted,JEFFERSON,KY1931,,MANSLICK,RD,,,HAZELWOOD,,,,,38.170364779,-85.797500504,6.588,1/17/2021 12:00:00 AM,1435,2,2,0,0,RAINING,WET,True,OTHER INTERSECTION COLLISIONS,REAR END,STRAIGHT & GRADE,DAYLIGHT,,,1/26/2021 11:14:02 AM,False,7471,Accepted,
27695144,0568000,LOUISVILLE METRO POLICE DEPT,Accepted,JEFFERSON,,1400 BLOCK,7TH,ST,S,,,,,,,38.226979086,-85.768865457,0.649,1/17/2021 12:00:00 AM,1640,2,2,0,0,CLOUDY,DRY,False,1 VEHICLE ENTERING/LEAVING ENTRANCE,ANGLE,STRAIGHT & LEVEL,DAYLIGHT,,,1/21/2021 8:09:05 AM,False,7239,Accepted,
27682902,0568000,LOUISVILLE METRO POLICE DEPT,Accepted,JEFFERSON,US0031W,,DIXIE,HWY,,,BLANTON,,,,,38.157483195,-85.834100694,12.528,1/17/2021 12:00:00 AM,1652,2,2,0,0,CLOUDY,WET,False,OTHER INTERSECTION COLLISIONS,REAR END,STRAIGHT & LEVEL,DUSK,,,1/18/2021 7:57:19 AM,False,2021,Accepted,
27682908,0568000,LOUISVILLE METRO POLICE DEPT,Accepted,JEFFERSON,I 0065,,I65 N,,,,,,,,,38.207585837,-85.751313492,132.567,1/17/2021 12:00:00 AM,1629,2,2,0,0,SNOWING,WET,True,SIDESWIPE COLLISION - SAME DIRECTION,SIDESWIPE-SAME DIRECTION,CURVE & GRADE,DAYLIGHT,,,1/18/2021 7:57:40 AM,False,5052,Accepted,
27682909,0568000,LOUISVILLE METRO POLICE DEPT,Accepted,JEFFERSON,I 0264,,I264 E,,,I 0064,I64 E EXIT19 TRANSIT,,,,,38.235879919,-85.624462334,18.756,1/17/2021 12:00:00 AM,1500,2,2,0,1,SNOWING,WET,False,SIDESWIPE-SAME DIRECTION,SIDESWIPE-SAME DIRECTION,CURVE & LEVEL,DAYLIGHT,,,1/18/2021 7:57:43 AM,False,2013,Accepted,
27682910,0568000,LOUISVILLE METRO POLICE DEPT,Accepted,JEFFERSON,KY1020,,3RD,ST,S,,BRECKINRIDGE,,,,,38.241699383,-85.757463249,11.797,1/17/2021 12:00:00 AM,1753,2,2,0,0,SLEET HAIL FREEZING RAIN,SNOW/SLUSH,False,SIDESWIPE-SAME DIRECTION,SIDESWIPE-SAME DIRECTION,STRAIGHT & LEVEL,DARK-HWY NOT LIGHTED,,,1/18/2021 7:57:46 AM,False,5180,Accepted,
27682882,0568000,LOUISVILLE METRO POLICE DEPT,Accepted,JEFFERSON,I 0264,,I264 E,,,,,,,,,38.244350707,-85.812850542,2.414,1/17/2021 12:00:00 AM,0251,3,3,0,2,CLEAR,WET,False,COLLISION WITH FIXED OBJECT NON - INTERSECTION - FIRST EVENT COLLISION 09 - 32 EXCLUDING 16,ANGLE,STRAIGHT & LEVEL,DARK-HWY LIGHTED/ON,,,1/18/2021 7:56:14 AM,False,5181,Accepted,
27682892,0568000,LOUISVILLE METRO POLICE DEPT,Accepted,JEFFERSON,KY0864,7300,FEGENBUSH,LN,,,,,,,,38.143932948,-85.625521079,5.040,1/17/2021 12:00:00 AM,1327,2,2,0,0,SNOWING,SNOW/SLUSH,False,OTHER ROADWAY OR MID-BLOCK COLLISION,REAR END,STRAIGHT & LEVEL,DAYLIGHT,,,1/18/2021 7:56:44 AM,False,7812,Accepted,
27682893,0568000,LOUISVILLE METRO POLICE DEPT,Accepted,JEFFERSON,US0031W,,DIXIE,HWY,,,,,,,,38.165364392,-85.830304613,13.061,1/17/2021 12:00:00 AM,1335,3,3,0,2,SLEET HAIL FREEZING RAIN,WET,False,REAR END IN TRAFFIC LANES BOTH VEHICLES MOVING,REAR END,STRAIGHT & LEVEL,DAYLIGHT,,,1/18/2021 7:56:46 AM,False,7244,Accepted,
27691092,0568000,LOUISVILLE METRO POLICE DEPT,Accepted,JEFFERSON,,116,NORTHWESTERN,PKWY,,,,,,,,38.268622442,-85.823638265,2.651,1/17/2021 12:00:00 AM,1942,1,1,2,1,SNOWING,WET,False,COLLISION WITH FIXED OBJECT NON - INTERSECTION - FIRST EVENT COLLISION 09 - 32 EXCLUDING 16,SINGLE VEHICLE,STRAIGHT & LEVEL,DARK-HWY LIGHTED/ON,,,1/20/2021 8:08:46 AM,False,6886,Accepted,
27682890,0568000,LOUISVILLE METRO POLICE DEPT,Accepted,JEFFERSON,US0031W,,22ND,ST,S,,BOLLING,,,,,38.229858387,-85.792548261,18.218,1/17/2021 12:00:00 AM,1225,2,2,0,0,RAINING,WET,False,ANGLE COLLISION - OTHER,ANGLE,STRAIGHT & LEVEL,DAYLIGHT,,,1/18/2021 7:56:38 AM,False,7184,Accepted,
27682898,0568000,LOUISVILLE METRO POLICE DEPT,Accepted,JEFFERSON,I 0264,,I264 W,,,I 0071,I71 N,,,,,38.286499801,-85.644587145,22.698,1/17/2021 12:00:00 AM,1055,1,1,0,1,RAINING,WET,False,COLLISION WITH FIXED OBJECT IN INTERSECTION - FIRST EVENT COLLISION 09 - 32,SINGLE VEHICLE,CURVE & LEVEL,DAYLIGHT,,,1/18/2021 7:57:01 AM,False,7403,Accepted,
27699268,0568000,LOUISVILLE METRO POLICE DEPT,Accepted,JEFFERSON,KY1934,,CANE RUN,RD,,I 0264,I264 W EXIT5 ON RAMP FROM KY1934 N,,,,,38.206521367,-85.827992843,9.891,1/17/2021 12:00:00 AM,1835,2,2,0,2,CLOUDY,WET,False,ANGLE COLLISION - ONE VEHICLE TURNING LEFT,ANGLE,STRAIGHT & LEVEL,DARK (UNKNOWN ROADWAY LIGHTING),,,1/22/2021 8:25:11 AM,False,7467,Accepted,
27682907,0568000,LOUISVILLE METRO POLICE DEPT,Accepted,JEFFERSON,I 0265,,,,,,,KY1447,WESTPORT,I 0265,I265 N EXIT33 CROSSOVER KY1447,38.299516972,-85.547555839,0.127,1/17/2021 12:00:00 AM,1415,1,1,0,2,SNOWING,WET,False,OTHER ROADWAY OR MID-BLOCK COLLISION,SINGLE VEHICLE,CURVE & HILLCREST,DAYLIGHT,,,1/18/2021 7:57:37 AM,False,7751,Accepted,
27682915,0568000,LOUISVILLE METRO POLICE DEPT,Accepted,JEFFERSON,,,INDIAN,TRL,E,,JENNINGS,,,,,38.178363898,-85.676663422,1.867,1/17/2021 12:00:00 AM,2300,1,1,0,2,SNOWING,WET,False,COLLISION WITH FIXED OBJECT IN INTERSECTION - FIRST EVENT COLLISION 09 - 32,SINGLE VEHICLE,STRAIGHT & LEVEL,DARK-HWY NOT LIGHTED,,,1/18/2021 7:58:00 AM,False,7383,Accepted,
27682942,0568000,LOUISVILLE METRO POLICE DEPT,Accepted,JEFFERSON,I 0265,,I265 N,,,,,I 0265,I265 N EXIT33 OFF RAMP TO KY1447,I 0265,I265 N EXIT30 ON RAMP FROM KY146,38.286476957,-85.514405210,30.466,1/17/2021 12:00:00 AM,2335,1,1,0,2,SNOWING,ICE,False,COLLISION WITH FIXED OBJECT NON - INTERSECTION - FIRST EVENT COLLISION 09 - 32 EXCLUDING 16,SINGLE VEHICLE,STRAIGHT & HILLCREST,DARK-HWY LIGHTED/ON,,,1/18/2021 8:02:41 AM,False,5056,Accepted,