IncidentID,AgencyORI,AgencyName,IncidentStatusDesc,County,RdwyNumber,Street,RoadwayName,StreetSfx,StreetDir,IntersectionRdwy,IntersectionRdwyName,BetweenStRdwy1,BetweenStRdwyName1,BetweenStRdwy2,BetweenStRdwyName2,Latitude,Longitude,Milepoint,CollisionDate,CollisionTime,UnitsInvolved,MotorVehiclesInvolved,NumberKilled,NumberInjured,Weather,RdwyConditionCode,HitandRun,DirAnalysisCode,MannerofCollision,RdwyCharacter,LightCondition,RampFromRdwyId,RampToRdwyId,AcceptedDate,IsSecondaryCollision,OwnerBadge,IncidentStatus,
27695154,0568000,LOUISVILLE METRO POLICE DEPT,Accepted,JEFFERSON,I 0065,,I65 N,,,,,,,,,38.261277648,-85.741807244,136.627,1/17/2021 12:00:00 AM,0117,4,4,0,0,SNOWING,ICE,True,SIDESWIPE COLLISION - SAME DIRECTION,SIDESWIPE-SAME DIRECTION,STRAIGHT & LEVEL,DUSK,,,1/21/2021 8:09:53 AM,False,7904,Accepted,
27692493,0568000,LOUISVILLE METRO POLICE DEPT,Accepted,JEFFERSON,KY1065,,LOVERS,LN,,,,,,,,38.153884410,-85.572613338,12.799,1/17/2021 12:00:00 AM,1700,1,1,0,0,SLEET HAIL FREEZING RAIN,WET,True,COLLISION WITH FIXED OBJECT NON - INTERSECTION - FIRST EVENT COLLISION 09 - 32 EXCLUDING 16,SINGLE VEHICLE,CURVE & LEVEL,DAYLIGHT,,,1/20/2021 2:58:02 PM,False,7755,Accepted,
27682918,0568000,LOUISVILLE METRO POLICE DEPT,Accepted,JEFFERSON,US0042,,BROWNSBORO,RD,,,HITE,,,,,38.258781008,-85.697826599,2.076,1/17/2021 12:00:00 AM,1917,3,3,0,0,SNOWING,WET,False,ANGLE COLLISION - OTHER,ANGLE,STRAIGHT & LEVEL,DARK-HWY LIGHTED/ON,,,1/18/2021 7:58:08 AM,False,7304,Accepted,
27682887,0568000,LOUISVILLE METRO POLICE DEPT,Accepted,JEFFERSON,,,MUHAMMAD ALI,BLVD,E,,BROOK,,,,,38.250481105,-85.751558048,0.985,1/17/2021 12:00:00 AM,1012,2,2,0,0,CLOUDY,WET,False,SIDESWIPE-SAME DIRECTION,SIDESWIPE-SAME DIRECTION,STRAIGHT & LEVEL,DAYLIGHT,,,1/18/2021 7:56:29 AM,False,7266,Accepted,
27682920,0568000,LOUISVILLE METRO POLICE DEPT,Accepted,JEFFERSON,I 0064,,I64 W,,,,,,,,,38.261434131,-85.770495961,3.487,1/17/2021 12:00:00 AM,2232,1,1,0,0,SLEET HAIL FREEZING RAIN,ICE,False,OTHER ROADWAY OR MID-BLOCK COLLISION,SINGLE VEHICLE,STRAIGHT & LEVEL,DARK-HWY LIGHTED/ON,,,1/18/2021 7:58:14 AM,False,5328,Accepted,
27682889,0568000,LOUISVILLE METRO POLICE DEPT,Accepted,JEFFERSON,,,RIVER PARK,DR,,I 0264,I264 E EXIT2 ON RAMP FROM  RIVER PARK DR,,,,,38.254337217,-85.806392088,1.127,1/17/2021 12:00:00 AM,0839,2,2,0,1,SNOWING,WET,False,ANGLE COLLISION - OTHER,ANGLE,STRAIGHT & LEVEL,DAYLIGHT,,,1/18/2021 7:56:35 AM,False,5129,Accepted,
27682895,0568000,LOUISVILLE METRO POLICE DEPT,Accepted,JEFFERSON,KY1065,175,OUTER,LOOP,,,,,,,,38.126690825,-85.780351668,0.794,1/17/2021 12:00:00 AM,1431,3,3,0,0,SLEET HAIL FREEZING RAIN,WET,False,OTHER ROADWAY OR MID-BLOCK COLLISION,REAR END,STRAIGHT & LEVEL,DAYLIGHT,,,1/18/2021 7:56:52 AM,False,7252,Accepted,
27682896,0568000,LOUISVILLE METRO POLICE DEPT,Accepted,JEFFERSON,KY1934,4417,CANE RUN,RD,,,RICHMONT,,,,,38.197229380,-85.840134345,8.975,1/17/2021 12:00:00 AM,1624,2,2,0,2,SNOWING,WET,False,ANGLE COLLISION - OTHER,ANGLE,STRAIGHT & LEVEL,DUSK,,,1/18/2021 7:56:56 AM,False,5208,Accepted,
27682897,0568000,LOUISVILLE METRO POLICE DEPT,Accepted,JEFFERSON,US0042,2007,BROWNSBORO,RD,,,,,,,,38.259676570,-85.707442762,1.527,1/17/2021 12:00:00 AM,1245,1,1,0,0,OTHER,WET,False,COLLISION IN PARKING LOT,SINGLE VEHICLE,STRAIGHT & LEVEL,DAYLIGHT,,,1/18/2021 7:56:59 AM,False,2928,Accepted,
27682903,0568000,LOUISVILLE METRO POLICE DEPT,Accepted,JEFFERSON,US0031E,,BARDSTOWN,RD,,,FERNDALE,,,,,38.155446230,-85.589954135,5.954,1/17/2021 12:00:00 AM,1720,2,2,0,0,CLOUDY,WET,False,ANGLE COLLISION - ONE VEHICLE TURNING LEFT,ANGLE,STRAIGHT & LEVEL,DUSK,,,1/18/2021 7:57:25 AM,False,6878,Accepted,
27682904,0568000,LOUISVILLE METRO POLICE DEPT,Accepted,JEFFERSON,KY1819,,BILLTOWN,RD,,KY1065,LOVERS,,,,,38.166316748,-85.569371372,7.132,1/17/2021 12:00:00 AM,1700,2,2,0,0,SLEET HAIL FREEZING RAIN,WET,True,OTHER INTERSECTION COLLISIONS,REAR END,STRAIGHT & LEVEL,DAYLIGHT,,,1/18/2021 7:57:27 AM,False,7755,Accepted,
27682906,0568000,LOUISVILLE METRO POLICE DEPT,Accepted,JEFFERSON,I 0264,,I264 E,,,,,I 0064,I64 E EXIT19A RAMP TO I64 E,I 0264,I264 E EXIT18 ON RAMP FROM KY1932 N,38.232312386,-85.628741476,18.410,1/17/2021 12:00:00 AM,1150,1,1,0,0,SNOWING,WET,False,OTHER COLLISIONS ON SHOULDER,SINGLE VEHICLE,STRAIGHT & LEVEL,DAYLIGHT,,,1/18/2021 7:57:35 AM,False,7751,Accepted,
27686496,0568000,LOUISVILLE METRO POLICE DEPT,Accepted,JEFFERSON,,,4TH,ST,S,,HILL,,,,,38.226007828,-85.761893215,2.132,1/17/2021 12:00:00 AM,0156,2,2,0,1,CLEAR,DRY,False,COLLISION WITH FIXED OBJECT IN INTERSECTION - FIRST EVENT COLLISION 09 - 32,ANGLE,STRAIGHT & LEVEL,DARK-HWY LIGHTED/ON,,,1/19/2021 8:13:03 AM,False,7720,Accepted,
27691095,0568000,LOUISVILLE METRO POLICE DEPT,Accepted,JEFFERSON,I 0065,,I65 S,,,,,I 0065,I65 S EXIT136C OFF RAMP TO  E JEFFERSON ST,I 0064,I64 S EXIT137 ON RAMP,38.252834698,-85.745170022,135.968,1/16/2021 12:00:00 AM,1538,1,1,0,1,SLEET HAIL FREEZING RAIN,WET,False,OTHER ROADWAY OR MID-BLOCK COLLISION,SINGLE VEHICLE,CURVE & LEVEL,DAYLIGHT,,,1/20/2021 8:08:58 AM,False,7058,Accepted,
27682912,0568000,LOUISVILLE METRO POLICE DEPT,Accepted,JEFFERSON,KY0061,7506,PRESTON,HWY,,,,,,,,38.143126980,-85.689302400,4.303,1/16/2021 12:00:00 AM,1940,2,2,0,0,CLOUDY,WET,False,1 VEHICLE PARKED POSITION (NOT PARKING LOT/DRIVEWAY),BACKING,STRAIGHT & LEVEL,OTHER,,,1/18/2021 7:57:51 AM,False,7474,Accepted,
27682886,0568000,LOUISVILLE METRO POLICE DEPT,Accepted,JEFFERSON,,,MARKET,ST,W,,,,,,,38.258486483,-85.786821238,0.014,1/16/2021 12:00:00 AM,1657,1,1,0,0,CLOUDY,WET,False,COLLISION WITH FIXED OBJECT NON - INTERSECTION - FIRST EVENT COLLISION 09 - 32 EXCLUDING 16,SINGLE VEHICLE,STRAIGHT & LEVEL,DAYLIGHT,,,1/18/2021 7:56:26 AM,False,7305,Accepted,
27682894,0568000,LOUISVILLE METRO POLICE DEPT,Accepted,JEFFERSON,,9503,JOHNSONTOWN,WAY,,,,,,,,38.119657828,-85.890493833,0.300,1/16/2021 12:00:00 AM,2015,2,2,0,0,CLOUDY,WET,True,1 VEHICLE PARKED POSITION (NOT PARKING LOT/DRIVEWAY),BACKING,STRAIGHT & LEVEL,DAYLIGHT,,,1/18/2021 7:56:49 AM,False,7232,Accepted,
27682881,0568000,LOUISVILLE METRO POLICE DEPT,Accepted,JEFFERSON,US0060A,,EASTERN,PKWY,,,BRADLEY,,,,,38.212460249,-85.747098179,4.281,1/16/2021 12:00:00 AM,2356,1,1,0,0,RAINING,WET,True,COLLISION WITH FIXED OBJECT IN INTERSECTION - FIRST EVENT COLLISION 09 - 32,SINGLE VEHICLE,CURVE & LEVEL,DARK-HWY LIGHTED/ON,,,1/18/2021 7:56:11 AM,False,5204,Accepted,
27680975,0560300,ST. MATTHEWS POLICE DEPARTMENT,Accepted,JEFFERSON,US0060,3600,FRANKFORT,AVE,,,,,,,,38.253822227,-85.667236715,2.910,1/16/2021 12:00:00 AM,1240,2,2,0,0,CLOUDY,DRY,False,OTHER ROADWAY OR MID-BLOCK COLLISION,REAR END,STRAIGHT & LEVEL,DAYLIGHT,,,1/17/2021 3:16:20 PM,False,9155,Accepted,
27682855,0568000,LOUISVILLE METRO POLICE DEPT,Accepted,JEFFERSON,,,MONTANA,AVE,,,,,TENNESSEE,,LINCOLN,38.210148301,-85.773207007,0.419,1/16/2021 12:00:00 AM,0212,2,2,0,0,SNOWING,WET,True,1 VEHICLE PARKED POSITION (NOT PARKING LOT/DRIVEWAY),REAR END,STRAIGHT & LEVEL,DARK-HWY NOT LIGHTED,,,1/18/2021 7:55:04 AM,False,5316,Accepted,
27682862,0568000,LOUISVILLE METRO POLICE DEPT,Accepted,JEFFERSON,,,BRANDEIS,AVE,E,KY2803,ARTHUR,,,,,38.218491955,-85.753490653,0.298,1/16/2021 12:00:00 AM,1012,2,2,0,0,CLEAR,WET,False,ANGLE COLLISION - OTHER,ANGLE,STRAIGHT & LEVEL,DAYLIGHT,,,1/18/2021 7:55:24 AM,False,7400,Accepted,
27682863,0568000,LOUISVILLE METRO POLICE DEPT,Accepted,JEFFERSON,KY1447,,WESTPORT,RD,,,,,,,,38.286111649,-85.577193278,4.953,1/16/2021 12:00:00 AM,1053,3,3,0,3,CLOUDY,WET,False,1 VEHICLE ENTERING/LEAVING ENTRANCE,ANGLE,CURVE & LEVEL,DAYLIGHT,,,1/18/2021 7:55:27 AM,False,7313,Accepted,
27682869,0568000,LOUISVILLE METRO POLICE DEPT,Accepted,JEFFERSON,,,NICHOLS,DR,,,,,,,,38.195040949,-85.797273277,0.174,1/16/2021 12:00:00 AM,1817,1,1,0,0,SLEET HAIL FREEZING RAIN,WET,False,COLLISION WITH FIXED OBJECT NON - INTERSECTION - FIRST EVENT COLLISION 09 - 32 EXCLUDING 16,SINGLE VEHICLE,CURVE & LEVEL,DARK-HWY NOT LIGHTED,,,1/18/2021 7:55:46 AM,False,7977,Accepted,
27682870,0568000,LOUISVILLE METRO POLICE DEPT,Accepted,JEFFERSON,I 0064,,I64 W,,,,,,,,,38.241529615,-85.681322956,9.052,1/16/2021 12:00:00 AM,1944,2,2,0,0,RAINING,WET,False,REAR END IN TRAFFIC LANES BOTH VEHICLES MOVING,REAR END,STRAIGHT & LEVEL,DARK (UNKNOWN ROADWAY LIGHTING),,,1/18/2021 7:55:49 AM,False,5311,Accepted,
27682871,0568000,LOUISVILLE METRO POLICE DEPT,Accepted,JEFFERSON,,,WATTERSON,TRL,S,,,,DAVHAL,,BLEEMEL,38.148685273,-85.615308548,2.513,1/16/2021 12:00:00 AM,2126,2,2,0,0,SNOWING,WET,False,HEAD-ON COLLISION,HEAD ON,STRAIGHT & LEVEL,DARK-HWY NOT LIGHTED,,,1/18/2021 7:55:52 AM,False,7120,Accepted,
27682877,0568000,LOUISVILLE METRO POLICE DEPT,Accepted,JEFFERSON,,,WINTER,AVE,,,GRINSTEAD,,,,,38.237946888,-85.722965736,0.006,1/16/2021 12:00:00 AM,0014,2,2,0,0,SLEET HAIL FREEZING RAIN,WET,False,ANGLE COLLISION - OTHER,ANGLE,CURVE & LEVEL,DARK-HWY LIGHTED/ON,,,1/18/2021 7:56:05 AM,False,7376,Accepted,
27682879,0568000,LOUISVILLE METRO POLICE DEPT,Accepted,JEFFERSON,US0042,,BROWNSBORO,RD,,,CRESCENT,,,,,38.260039027,-85.688126882,2.611,1/16/2021 12:00:00 AM,2047,2,2,0,0,CLEAR,WET,False,ANGLE COLLISION - OTHER,ANGLE,STRAIGHT & LEVEL,DARK-HWY LIGHTED/ON,,,1/18/2021 7:56:08 AM,False,5029,Accepted,
27682858,0568000,LOUISVILLE METRO POLICE DEPT,Accepted,JEFFERSON,I 0264,,I264 W,,,I 0264,I264 W EXIT17 ON RAMP FROM KY155,,,,,38.220118022,-85.654135818,16.790,1/16/2021 12:00:00 AM,0714,1,1,0,0,CLOUDY,WET,False,OTHER INTERSECTION COLLISIONS,SINGLE VEHICLE,STRAIGHT & GRADE,DARK-HWY LIGHTED/ON,,,1/18/2021 7:55:13 AM,True,7720,Accepted,
27682859,0568000,LOUISVILLE METRO POLICE DEPT,Accepted,JEFFERSON,I 0264,,I264 W,,,I 0264,I264 W EXIT17 ON RAMP FROM KY155,,,,,38.220285918,-85.654007222,16.802,1/16/2021 12:00:00 AM,0714,1,1,0,0,CLOUDY,WET,False,COLLISION WITH FIXED OBJECT IN INTERSECTION - FIRST EVENT COLLISION 09 - 32,SINGLE VEHICLE,STRAIGHT & GRADE,DARK-HWY LIGHTED/ON,,,1/18/2021 7:55:16 AM,False,7720,Accepted,
27682865,0568000,LOUISVILLE METRO POLICE DEPT,Accepted,JEFFERSON,KY1020,,2ND,ST,S,US0150,BROADWAY,,,,,38.245892801,-85.755027562,12.094,1/16/2021 12:00:00 AM,1255,2,2,0,0,CLOUDY,DRY,True,ANGLE COLLISION - OTHER,ANGLE,STRAIGHT & LEVEL,DAYLIGHT,,,1/18/2021 7:55:34 AM,False,2885,Accepted,
27682866,0568000,LOUISVILLE METRO POLICE DEPT,Accepted,JEFFERSON,I 0071,,I71 N,,,I 0264,I264 E,,,,,38.290438894,-85.642285731,5.306,1/16/2021 12:00:00 AM,1515,1,1,0,1,SNOWING,WET,False,NON-COLLISION OBJECT COLLISION,SINGLE VEHICLE,CURVE & GRADE,DAYLIGHT,,,1/18/2021 7:55:37 AM,False,7631,Accepted,
27682868,0568000,LOUISVILLE METRO POLICE DEPT,Accepted,JEFFERSON,KY1020,,3RD,ST,S,,IOWA,,,,,38.207593016,-85.763508210,9.680,1/16/2021 12:00:00 AM,1010,2,2,0,0,CLOUDY,WET,False,ANGLE COLLISION - OTHER,ANGLE,STRAIGHT & LEVEL,DAYLIGHT,,,1/18/2021 7:55:43 AM,False,5052,Accepted,
27682873,0568000,LOUISVILLE METRO POLICE DEPT,Accepted,JEFFERSON,US0042,,BROWNSBORO,RD,,,CHENOWETH,,,,,38.265817045,-85.665860578,3.890,1/16/2021 12:00:00 AM,2200,2,2,0,0,SNOWING,WET,False,ANGLE COLLISION - OTHER,ANGLE,STRAIGHT & LEVEL,DARK-HWY LIGHTED/ON,,,1/18/2021 7:55:58 AM,False,7544,Accepted,
27682860,0568000,LOUISVILLE METRO POLICE DEPT,Accepted,JEFFERSON,,1615,16TH,ST,S,,,,,,,38.225981871,-85.781716680,1.649,1/16/2021 12:00:00 AM,0915,1,1,0,0,SNOWING,WET,True,OTHER ROADWAY OR MID-BLOCK COLLISION,SINGLE VEHICLE,CURVE & LEVEL,DARK (UNKNOWN ROADWAY LIGHTING),,,1/18/2021 7:55:18 AM,False,7184,Accepted,
27682883,0568000,LOUISVILLE METRO POLICE DEPT,Accepted,JEFFERSON,US0060A,,TAYLOR,BLVD,,,,,ARCADE,,QUEEN,38.201740130,-85.781921994,1.881,1/16/2021 12:00:00 AM,2154,2,2,0,3,RAINING,WET,False,HEAD-ON COLLISION,HEAD ON,CURVE & LEVEL,DARK-HWY LIGHTED/ON,,,1/18/2021 7:56:17 AM,False,5314,Accepted,
27682884,0568000,LOUISVILLE METRO POLICE DEPT,Accepted,JEFFERSON,,5930,COOPER CHAPEL,RD,,,,,,,,38.104363808,-85.649752848,1.324,1/16/2021 12:00:00 AM,1752,2,2,0,0,CLEAR,DRY,False,COLLISION IN PARKING LOT,ANGLE,STRAIGHT & LEVEL,DARK-HWY LIGHTED/ON,,,1/18/2021 7:56:20 AM,False,7989,Accepted,
27682885,0568000,LOUISVILLE METRO POLICE DEPT,Accepted,JEFFERSON,KY1747,,HURSTBOURNE,PKWY,S,US0031E,BARDSTOWN,,,,,38.169096472,-85.605178763,7.491,1/16/2021 12:00:00 AM,1431,3,3,0,0,SNOWING,WET,False,OTHER INTERSECTION COLLISIONS,REAR END,STRAIGHT & LEVEL,DAYLIGHT,,,1/18/2021 7:56:23 AM,False,6937,Accepted,
27682891,0568000,LOUISVILLE METRO POLICE DEPT,Accepted,JEFFERSON,KY1447,,WESTPORT,RD,,,SPRINGHURST,,,,,38.293740715,-85.559228411,6.028,1/16/2021 12:00:00 AM,1630,2,2,0,1,SNOWING,WET,True,OPPOSITE DIRECTION - BOTH VEHICLES GOING STRAIGHT AHEAD,SIDESWIPE-OPPOSITE DIRECTION,STRAIGHT & LEVEL,DAYLIGHT,,,1/18/2021 7:56:41 AM,False,2030,Accepted,
27785043,0568000,LOUISVILLE METRO POLICE DEPT,Accepted,JEFFERSON,,1025,1ST,ST,S,,,,,,,38.237168734,-85.755005536,1.317,1/16/2021 12:00:00 AM,0921,2,2,0,0,CLEAR,DRY,True,1 VEHICLE PARKED POSITION (NOT PARKING LOT/DRIVEWAY),ANGLE,STRAIGHT & LEVEL,DAYLIGHT,,,2/15/2021 11:20:03 AM,False,7495,Accepted,
29609600,0568000,LOUISVILLE METRO POLICE DEPT,Accepted,JEFFERSON,US0031E,,BARDSTOWN,RD,,,WOODBOURNE,,,,,38.224149518,-85.691734623,13.520,1/16/2021 12:00:00 AM,1644,2,2,0,0,CLOUDY,DRY,False,OPPOSING LEFT TURN,OPPOSING LEFT TURN,STRAIGHT & LEVEL,DAYLIGHT,,,1/21/2022 8:13:05 AM,False,2100,Accepted,
29593962,0568000,LOUISVILLE METRO POLICE DEPT,Accepted,JEFFERSON,,1850,BLUEGRASS,AVE,,,CHURCHMAN,,,,,38.179573633,-85.792350980,0.356,1/15/2021 12:00:00 AM,1204,2,2,0,0,CLEAR,DRY,False,COLLISION IN PARKING LOT,BACKING,STRAIGHT & LEVEL,DAYLIGHT,,,1/17/2022 8:37:49 AM,False,5412,Accepted,
27774165,0566900,LOUISVILLE AIRPORT POLICE,Accepted,JEFFERSON,,,CRITTENDEN,DR,,,WOODLAWN,,,,,38.182848306,-85.752992532,1.262,1/15/2021 12:00:00 AM,0407,1,1,0,3,RAINING,WET,False,COLLISION WITH FIXED OBJECT IN INTERSECTION - FIRST EVENT COLLISION 09 - 32,SINGLE VEHICLE,CURVE & GRADE,DARK-HWY LIGHTED/ON,,,2/11/2021 7:43:51 AM,False,5870,Accepted,
27682857,0568000,LOUISVILLE METRO POLICE DEPT,Accepted,JEFFERSON,KY1450,,BLUE LICK,RD,,,FOREMAN,,,,,38.129328799,-85.689461725,3.079,1/15/2021 12:00:00 AM,1730,2,2,0,0,CLOUDY,WET,False,ANGLE COLLISION - OTHER,ANGLE,CURVE & LEVEL,DUSK,,,1/18/2021 7:55:10 AM,False,7914,Accepted,
27682901,0568000,LOUISVILLE METRO POLICE DEPT,Accepted,JEFFERSON,,,AMHERST,AVE,W,KY1020,SOUTHSIDE,,,,,38.174565725,-85.764661321,0.076,1/15/2021 12:00:00 AM,1640,1,1,0,0,CLOUDY,WET,False,COLLISION WITH FIXED OBJECT IN INTERSECTION - FIRST EVENT COLLISION 09 - 32,SINGLE VEHICLE,STRAIGHT & LEVEL,DAYLIGHT,,,1/18/2021 7:57:14 AM,False,7116,Accepted,
27682835,0568000,LOUISVILLE METRO POLICE DEPT,Accepted,JEFFERSON,KY0061,,PRESTON,HWY,,KY6299,COMMERCE CROSSINGS,,,,,38.103503335,-85.672651338,1.393,1/15/2021 12:00:00 AM,1153,2,2,0,0,CLEAR,DRY,False,ANGLE COLLISION - ONE VEHICLE TURNING LEFT,ANGLE,STRAIGHT & LEVEL,DAYLIGHT,,,1/18/2021 7:54:02 AM,False,7989,Accepted,
27682840,0568000,LOUISVILLE METRO POLICE DEPT,Accepted,JEFFERSON,,4300BLK,LONSDALE,AVE,,,,,,,,38.179126701,-85.786397937,0.022,1/15/2021 12:00:00 AM,0323,2,1,0,1,RAINING,WET,True,COLLISION WITH PEDESTRIAN NON - INTERSECTION,SINGLE VEHICLE,STRAIGHT & LEVEL,DARK-HWY LIGHTED/ON,,,1/18/2021 7:54:19 AM,False,7040,Accepted,
27682842,0568000,LOUISVILLE METRO POLICE DEPT,Accepted,JEFFERSON,KY0155,,TAYLORSVILLE LAKE,RD,,,,,,,,38.148334562,-85.425426963,0.123,1/15/2021 12:00:00 AM,1503,1,1,0,2,CLEAR,DRY,False,RAN OFF ROADWAY (1 VEHICLE WITH/EARTH EMBANKMENT/DITCH),SINGLE VEHICLE,CURVE & GRADE,DAYLIGHT,,,1/18/2021 7:54:25 AM,False,2321,Accepted,
27682843,0568000,LOUISVILLE METRO POLICE DEPT,Accepted,JEFFERSON,US0031W,,DIXIE,HWY,,,,,,,,38.156366894,-85.834575846,12.426,1/15/2021 12:00:00 AM,1345,2,2,0,0,CLOUDY,DRY,False,SIDESWIPE COLLISION - SAME DIRECTION,SIDESWIPE-SAME DIRECTION,STRAIGHT & LEVEL,DAYLIGHT,,,1/18/2021 7:54:28 AM,False,7234,Accepted,
27682849,0568000,LOUISVILLE METRO POLICE DEPT,Accepted,JEFFERSON,US0031W,,DIXIE,HWY,,,WILART,,,,,38.219265844,-85.794137910,17.315,1/15/2021 12:00:00 AM,1900,1,1,0,0,CLOUDY,WET,False,COLLISION WITH FIXED OBJECT IN INTERSECTION - FIRST EVENT COLLISION 09 - 32,SINGLE VEHICLE,STRAIGHT & LEVEL,DARK (UNKNOWN ROADWAY LIGHTING),,,1/18/2021 7:54:46 AM,False,5202,Accepted,
27682850,0568000,LOUISVILLE METRO POLICE DEPT,Accepted,JEFFERSON,,2514,GRAND,AVE,,,,,25TH,,26TH,38.240276702,-85.795151718,0.437,1/15/2021 12:00:00 AM,2235,2,2,0,0,CLEAR,DRY,True,1 VEHICLE PARKED POSITION (NOT PARKING LOT/DRIVEWAY),SIDESWIPE-OPPOSITE DIRECTION,CURVE & LEVEL,DARK-HWY LIGHTED/ON,,,1/18/2021 7:54:49 AM,False,5229,Accepted,
27682838,0568000,LOUISVILLE METRO POLICE DEPT,Accepted,JEFFERSON,,841,23RD,ST,S,,,,,,,38.245638517,-85.790253489,0.575,1/15/2021 12:00:00 AM,1057,2,2,0,0,CLEAR,DRY,True,SIDESWIPE COLLISION - SAME DIRECTION,SIDESWIPE-SAME DIRECTION,STRAIGHT & LEVEL,DAYLIGHT,,,1/18/2021 7:54:13 AM,False,5309,Accepted,
27682844,0568000,LOUISVILLE METRO POLICE DEPT,Accepted,JEFFERSON,US0060A,1842,BERRY,BLVD,,,,,,,,38.196748115,-85.798018888,0.645,1/15/2021 12:00:00 AM,1750,1,1,0,0,CLOUDY,DRY,False,COLLISION IN PARKING LOT,SINGLE VEHICLE,STRAIGHT & LEVEL,DARK-HWY LIGHTED/ON,,,1/18/2021 7:54:31 AM,False,7402,Accepted,
27682836,0568000,LOUISVILLE METRO POLICE DEPT,Accepted,JEFFERSON,KY1065,,OUTER,LOOP,,,,,,,,38.138294393,-85.681136451,6.366,1/15/2021 12:00:00 AM,0653,2,2,0,0,CLOUDY,WET,False,REAR END IN TRAFFIC LANES BOTH VEHICLES MOVING,REAR END,STRAIGHT & LEVEL,DARK (UNKNOWN ROADWAY LIGHTING),,,1/18/2021 7:54:06 AM,False,4693,Accepted,
27682837,0568000,LOUISVILLE METRO POLICE DEPT,Accepted,JEFFERSON,,,SMALLBOAT,CT,,,CAVEN,,,,,38.101105762,-85.690167850,0.024,1/15/2021 12:00:00 AM,1136,2,2,0,1,CLOUDY,DRY,False,ANGLE COLLISION - OTHER,ANGLE,STRAIGHT & LEVEL,DAYLIGHT,,,1/18/2021 7:54:09 AM,False,4693,Accepted,
27674241,0568000,LOUISVILLE METRO POLICE DEPT,Accepted,JEFFERSON,,3414,GARLAND,AVE,,,,,,,,38.245950553,-85.809598690,2.233,1/15/2021 12:00:00 AM,0014,2,2,0,0,RAINING,WET,False,1 VEHICLE PARKED POSITION (NOT PARKING LOT/DRIVEWAY),REAR END,STRAIGHT & LEVEL,DARK-HWY LIGHTED/ON,,,1/15/2021 7:06:13 AM,False,5298,Accepted,
27675587,0568000,LOUISVILLE METRO POLICE DEPT,Accepted,JEFFERSON,I 0064,,I64 E,,,,,,,,,38.275081329,-85.817156000,0.548,1/15/2021 12:00:00 AM,0752,1,1,0,0,CLEAR,DRY,False,OTHER ROADWAY OR MID-BLOCK COLLISION,SINGLE VEHICLE,STRAIGHT & LEVEL,DAYLIGHT,,,1/15/2021 2:43:53 PM,False,4903,Accepted,
27682888,0568000,LOUISVILLE METRO POLICE DEPT,Accepted,JEFFERSON,I 0065,,,,,,,,,,,38.226812848,-85.751855505,0.112,1/15/2021 12:00:00 AM,1439,2,2,0,0,CLOUDY,DRY,False,OTHER RAMP RELATED COLLISIONS NOT LISTED ABOVE,REAR END,CURVE & GRADE,DAYLIGHT,MAGNOLIA AVE,I 0065,1/18/2021 7:56:32 AM,False,7619,Accepted,
27675600,0568000,LOUISVILLE METRO POLICE DEPT,Accepted,JEFFERSON,US0150,,BROADWAY,,W,,6TH,,,,,38.246301162,-85.761653312,2.170,1/15/2021 12:00:00 AM,0850,2,2,0,0,CLEAR,DRY,False,ANGLE COLLISION - OTHER,ANGLE,STRAIGHT & LEVEL,DAYLIGHT,,,1/15/2021 2:45:51 PM,False,5105,Accepted,
27682839,0568000,LOUISVILLE METRO POLICE DEPT,Accepted,JEFFERSON,,,FACTORY,LN,,,,,,,,38.289126173,-85.511675541,0.037,1/15/2021 12:00:00 AM,1140,3,3,0,0,CLEAR,DRY,False,1 VEHICLE ENTERING/LEAVING ENTRANCE,ANGLE,STRAIGHT & GRADE,DAYLIGHT,,,1/18/2021 7:54:16 AM,True,6532,Accepted,
27682856,0568000,LOUISVILLE METRO POLICE DEPT,Accepted,JEFFERSON,,,TEXAS,AVE,,,LYDIA,,,,,38.223766067,-85.735495829,0.657,1/15/2021 12:00:00 AM,1940,2,2,0,1,CLEAR,DRY,False,COLLISION WITH PARKED VEHICLE,HEAD ON,STRAIGHT & LEVEL,DARK-HWY LIGHTED/ON,,,1/18/2021 7:55:07 AM,False,5249,Accepted,
27682852,0568000,LOUISVILLE METRO POLICE DEPT,Accepted,JEFFERSON,US0031W,,DIXIE,HWY,,,KINGSFORD,,,,,38.172992297,-85.824847530,13.685,1/15/2021 12:00:00 AM,2224,2,2,0,0,CLEAR,WET,False,ANGLE COLLISION - OTHER,ANGLE,STRAIGHT & LEVEL,DARK-HWY LIGHTED/ON,,,1/18/2021 7:54:55 AM,False,5224,Accepted,