IncidentID,AgencyORI,AgencyName,IncidentStatusDesc,County,RdwyNumber,Street,RoadwayName,StreetSfx,StreetDir,IntersectionRdwy,IntersectionRdwyName,BetweenStRdwy1,BetweenStRdwyName1,BetweenStRdwy2,BetweenStRdwyName2,Latitude,Longitude,Milepoint,CollisionDate,CollisionTime,UnitsInvolved,MotorVehiclesInvolved,NumberKilled,NumberInjured,Weather,RdwyConditionCode,HitandRun,DirAnalysisCode,MannerofCollision,RdwyCharacter,LightCondition,RampFromRdwyId,RampToRdwyId,AcceptedDate,IsSecondaryCollision,OwnerBadge,IncidentStatus,
27682853,0568000,LOUISVILLE METRO POLICE DEPT,Accepted,JEFFERSON,KY1934,,GREENBELT,HWY,,,RAGGARD,,,,,38.174538130,-85.871155585,6.619,1/15/2021 12:00:00 AM,1957,2,2,0,0,SNOWING,WET,False,OPPOSING LEFT TURN,OPPOSING LEFT TURN,STRAIGHT & LEVEL,DARK-HWY LIGHTED/ON,,,1/18/2021 7:54:58 AM,False,5170,Accepted,
27682854,0568000,LOUISVILLE METRO POLICE DEPT,Accepted,JEFFERSON,,456,SOUTHLAND,BLVD,W,,BUCKNER,,,,,38.171609132,-85.773248803,0.530,1/15/2021 12:00:00 AM,2240,2,2,0,0,SNOWING,WET,False,COLLISION WITH PARKED VEHICLE,BACKING,STRAIGHT & LEVEL,DARK-HWY LIGHTED/ON,,,1/18/2021 7:55:01 AM,False,5245,Accepted,
27675581,0568000,LOUISVILLE METRO POLICE DEPT,Accepted,JEFFERSON,,,6TH,ST,N,US0031W,MAIN,,,,,38.256980687,-85.759834764,,1/15/2021 12:00:00 AM,0646,2,2,0,0,CLEAR,WET,False,ANGLE COLLISION - OTHER,ANGLE,STRAIGHT & LEVEL,DARK-HWY LIGHTED/ON,,,1/15/2021 2:43:37 PM,False,7316,Accepted,
27713826,0568000,LOUISVILLE METRO POLICE DEPT,Accepted,JEFFERSON,KY1727,6900,TERRY,RD,,,,,,,,38.163428104,-85.865962633,2.929,1/15/2021 12:00:00 AM,0928,2,2,0,2,CLEAR,DRY,False,HEAD-ON COLLISION,HEAD ON,STRAIGHT & LEVEL,DAYLIGHT,,,1/26/2021 3:32:30 PM,False,7174,Accepted,
27708903,0568000,LOUISVILLE METRO POLICE DEPT,Accepted,JEFFERSON,,,20TH,ST,S,US0031W,MARKET,,,,,38.258197276,-85.783278456,0.094,1/14/2021 12:00:00 AM,1805,2,2,0,0,CLEAR,DRY,False,ANGLE COLLISION - OTHER,ANGLE,STRAIGHT & LEVEL,DUSK,,,1/25/2021 10:05:54 AM,False,5108,Accepted,
27721003,0568000,LOUISVILLE METRO POLICE DEPT,Accepted,JEFFERSON,,300,CLAY,ST,S,,,,,,,38.250808980,-85.740485949,0.301,1/14/2021 12:00:00 AM,0544,2,2,0,0,CLEAR,DRY,True,OTHER ROADWAY OR MID-BLOCK COLLISION,REAR END,STRAIGHT & LEVEL,DARK-HWY LIGHTED/ON,,,1/28/2021 8:39:45 AM,False,5135,Accepted,
27674228,0568000,LOUISVILLE METRO POLICE DEPT,Accepted,JEFFERSON,,,MUD,LN,,KY0061,PRESTON,,,,,38.092779690,-85.669318303,0.010,1/14/2021 12:00:00 AM,1033,3,3,0,0,CLEAR,DRY,False,OTHER INTERSECTION COLLISIONS,REAR END,STRAIGHT & GRADE,DAYLIGHT,,,1/15/2021 7:05:22 AM,False,2017,Accepted,
27686512,0568000,LOUISVILLE METRO POLICE DEPT,Accepted,JEFFERSON,I 0264,,I264 W,,,,,,,,,38.241620724,-85.814784111,2.638,1/14/2021 12:00:00 AM,1703,1,1,0,0,CLEAR,DRY,False,COLLISION WITH NON-FIXED OBJECT ,SINGLE VEHICLE,STRAIGHT & LEVEL,DAYLIGHT,,,1/19/2021 8:14:34 AM,False,5160,Accepted,
27674237,0568000,LOUISVILLE METRO POLICE DEPT,Accepted,JEFFERSON,KY1020,,3RD,ST,S,,,US0060A,EASTERN,KY1020,2ND,38.215507614,-85.762033089,9.982,1/14/2021 12:00:00 AM,1710,2,1,0,0,CLEAR,DRY,False,COLLISION WITH PEDESTRIAN NON - INTERSECTION,SINGLE VEHICLE,STRAIGHT & LEVEL,DAYLIGHT,,,1/15/2021 7:05:52 AM,False,7418,Accepted,
27674238,0568000,LOUISVILLE METRO POLICE DEPT,Accepted,JEFFERSON,KY1934,,GREENBELT,HWY,,,,,,,,38.147538673,-85.886387733,4.489,1/14/2021 12:00:00 AM,1700,2,2,0,0,CLOUDY,DRY,False,REAR END IN TRAFFIC LANES BOTH VEHICLES MOVING,REAR END,STRAIGHT & LEVEL,DAYLIGHT,,,1/15/2021 7:05:56 AM,False,7234,Accepted,
27674239,0568000,LOUISVILLE METRO POLICE DEPT,Accepted,JEFFERSON,KY1931,,GREENWOOD,RD,,,VIRGINIA,,,,,38.143696068,-85.844415966,2.877,1/14/2021 12:00:00 AM,2117,1,1,0,2,CLEAR,DRY,False,COLLISION WITH FIXED OBJECT IN INTERSECTION - FIRST EVENT COLLISION 09 - 32,SINGLE VEHICLE,STRAIGHT & LEVEL,DARK-HWY LIGHTED/ON,,,1/15/2021 7:06:07 AM,False,5212,Accepted,
27674246,0568000,LOUISVILLE METRO POLICE DEPT,Accepted,JEFFERSON,I 0065,,I65 N,,,,,,,,,38.100143167,-85.700854731,124.135,1/14/2021 12:00:00 AM,2251,3,3,0,2,CLEAR,DRY,True,HEAD-ON COLLISION,HEAD ON,STRAIGHT & LEVEL,DARK-HWY LIGHTED/ON,,,1/15/2021 7:06:23 AM,False,5182,Accepted,
27674235,0568000,LOUISVILLE METRO POLICE DEPT,Accepted,JEFFERSON,,,26TH,ST,N,KY3082,BANK,,,,,38.269326770,-85.790973168,0.618,1/14/2021 12:00:00 AM,1519,2,2,0,0,CLEAR,DRY,False,ANGLE COLLISION - OTHER,ANGLE,STRAIGHT & LEVEL,DAYLIGHT,,,1/15/2021 7:05:44 AM,False,7405,Accepted,
27674242,0568000,LOUISVILLE METRO POLICE DEPT,Accepted,JEFFERSON,,,EVELYN,AVE,W,,,,WARREN,,CLIFF,38.196679663,-85.775346667,0.091,1/14/2021 12:00:00 AM,2030,2,2,0,0,CLOUDY,DRY,True,1 VEHICLE PARKED POSITION (NOT PARKING LOT/DRIVEWAY),SIDESWIPE-SAME DIRECTION,STRAIGHT & LEVEL,DARK-HWY LIGHTED/ON,,,1/15/2021 7:06:16 AM,False,7032,Accepted,
27670283,0568000,LOUISVILLE METRO POLICE DEPT,Accepted,JEFFERSON,KY1747,,FERN VALLEY,RD,,,HOLIDAY TOWERS,,,,,38.157303375,-85.714423517,0.974,1/14/2021 12:00:00 AM,0219,2,2,0,1,CLEAR,DRY,False,HEAD-ON COLLISION,HEAD ON,STRAIGHT & LEVEL,DARK-HWY LIGHTED/ON,,,1/14/2021 7:10:50 AM,False,5040,Accepted,
27674229,0568000,LOUISVILLE METRO POLICE DEPT,Accepted,JEFFERSON,KY0907,,3RD ST,RD,,,,,HAWTHORNE POINTE,,JAMES HILL,38.116365771,-85.819353492,2.977,1/14/2021 12:00:00 AM,1119,1,1,0,0,CLEAR,DRY,False,COLLISION WITH FIXED OBJECT NON - INTERSECTION - FIRST EVENT COLLISION 09 - 32 EXCLUDING 16,SINGLE VEHICLE,CURVE & LEVEL,DAYLIGHT,,,1/15/2021 7:05:26 AM,False,6318,Accepted,
27674231,0568000,LOUISVILLE METRO POLICE DEPT,Accepted,JEFFERSON,KY1450,,BLUE LICK,RD,,,,,,,,38.087519168,-85.699778951,0.097,1/14/2021 12:00:00 AM,0646,4,4,0,1,CLEAR,DRY,False,OTHER COLLISIONS ON SHOULDER,ANGLE,CURVE & LEVEL,DARK (UNKNOWN ROADWAY LIGHTING),,,1/15/2021 7:05:29 AM,False,4693,Accepted,
27674232,0568000,LOUISVILLE METRO POLICE DEPT,Accepted,JEFFERSON,KY0155,,TAYLORSVILLE,RD,,,HOUSTON,,,,,38.219422664,-85.616071834,12.801,1/14/2021 12:00:00 AM,1139,2,2,0,1,CLEAR,DRY,False,ANGLE COLLISION - OTHER,ANGLE,STRAIGHT & LEVEL,DAYLIGHT,,,1/15/2021 7:05:33 AM,False,4693,Accepted,
27674240,0568000,LOUISVILLE METRO POLICE DEPT,Accepted,JEFFERSON,US0060A,2023,EASTERN,PKWY,,,,US0060A,WILLOW,US0031E,BARDSTOWN,38.232819964,-85.708201173,6.914,1/14/2021 12:00:00 AM,2207,1,1,0,0,CLEAR,DRY,False,OTHER ROADWAY OR MID-BLOCK COLLISION,SINGLE VEHICLE,STRAIGHT & GRADE,OTHER,,,1/15/2021 7:06:10 AM,False,5197,Accepted,
27674247,0568000,LOUISVILLE METRO POLICE DEPT,Accepted,JEFFERSON,KY2845,9014,SHEPHERDSVILLE,RD,,,,,,,,38.118440689,-85.669107742,0.536,1/14/2021 12:00:00 AM,2035,2,1,0,1,CLEAR,DRY,True,COLLISION WITH PEDESTRIAN NON - INTERSECTION,SINGLE VEHICLE,STRAIGHT & LEVEL,DARK-HWY NOT LIGHTED,,,1/15/2021 7:06:26 AM,False,5138,Accepted,
27670293,0568000,LOUISVILLE METRO POLICE DEPT,Accepted,JEFFERSON,,930,CHEROKEE,RD,,,,,HIGHLAND,,EASTERN STAR,38.242499260,-85.724157583,0.171,1/14/2021 12:00:00 AM,0504,2,2,0,0,CLEAR,DRY,False,1 VEHICLE PARKED POSITION (NOT PARKING LOT/DRIVEWAY),SIDESWIPE-SAME DIRECTION,STRAIGHT & LEVEL,DARK-HWY LIGHTED/ON,,,1/14/2021 7:11:35 AM,False,5197,Accepted,
27692014,0561500,UNIV. OF LOUISVILLE POLICE,Accepted,JEFFERSON,,,CARDINAL,BLVD,W,KY1020,3RD,,,,,38.220552479,-85.761177376,0.181,1/14/2021 12:00:00 AM,2132,2,2,0,2,CLEAR,DRY,False,SIDESWIPE-SAME DIRECTION,SIDESWIPE-SAME DIRECTION,STRAIGHT & LEVEL,DUSK,,,1/20/2021 1:01:27 PM,False,5674,Accepted,
27686502,0568000,LOUISVILLE METRO POLICE DEPT,Accepted,JEFFERSON,,,ROWAN,ST,,,21ST,,,,,38.261099445,-85.784434104,0.874,1/14/2021 12:00:00 AM,0740,2,2,0,1,CLOUDY,DRY,False,ANGLE COLLISION - OTHER,ANGLE,STRAIGHT & LEVEL,DAYLIGHT,,,1/19/2021 8:13:20 AM,False,2403,Accepted,
29593939,0568000,LOUISVILLE METRO POLICE DEPT,Accepted,JEFFERSON,,,23RD,ST,S,,HOWARD,,,,,38.245791885,-85.790235474,0.566,1/14/2021 12:00:00 AM,1439,4,4,0,0,CLOUDY,DRY,True,ANGLE COLLISION - OTHER,ANGLE,STRAIGHT & LEVEL,DAYLIGHT,,,1/17/2022 8:36:39 AM,False,7381,Accepted,
29312724,0568000,LOUISVILLE METRO POLICE DEPT,Accepted,JEFFERSON,I 0265,,,,,,,,,,,38.110498619,-85.682252600,0.409,1/14/2021 12:00:00 AM,1746,2,2,0,0,CLEAR,WET,False,OTHER RAMP RELATED COLLISIONS NOT LISTED ABOVE,SIDESWIPE-SAME DIRECTION,STRAIGHT & LEVEL,DARK-HWY LIGHTED/ON,KY0061,I 0265,11/15/2021 8:25:42 AM,False,5314,Accepted,
27686492,0568000,LOUISVILLE METRO POLICE DEPT,Accepted,JEFFERSON,,522,17TH,ST,N,,,,BAIRD,,LYTLE,38.262966705,-85.776858166,0.241,1/13/2021 12:00:00 AM,1400,1,1,0,0,CLOUDY,DRY,False,COLLISION WITH FIXED OBJECT NON - INTERSECTION - FIRST EVENT COLLISION 09 - 32 EXCLUDING 16,SINGLE VEHICLE,STRAIGHT & LEVEL,DAYLIGHT,,,1/19/2021 8:12:52 AM,False,2403,Accepted,
27708841,0568000,LOUISVILLE METRO POLICE DEPT,Accepted,JEFFERSON,US0031E,,BARDSTOWN,RD,,,WATTERSON,,,,,38.178839329,-85.622793132,8.409,1/13/2021 12:00:00 AM,1133,2,2,0,1,CLEAR,DRY,False,ANGLE COLLISION - OTHER,ANGLE,STRAIGHT & LEVEL,DAYLIGHT,,,1/25/2021 10:03:40 AM,False,5159,Accepted,
27682848,0568000,LOUISVILLE METRO POLICE DEPT,Accepted,JEFFERSON,I 0071,,I71 N,,,,,I 0071,I71 N EXIT35A RAMP TO I71 N,I 0071,I71 TURN AROUND11,38.323873345,-85.552864963,11.100,1/13/2021 12:00:00 AM,0041,1,1,0,0,CLEAR,DRY,False,COLLISION WITH FIXED OBJECT NON - INTERSECTION - FIRST EVENT COLLISION 09 - 32 EXCLUDING 16,SINGLE VEHICLE,STRAIGHT & LEVEL,DARK-HWY NOT LIGHTED,,,1/18/2021 7:54:44 AM,False,5056,Accepted,
27682851,0568000,LOUISVILLE METRO POLICE DEPT,Accepted,JEFFERSON,,,GRADE,LN,,,DON HUTSON,,,,,38.143587187,-85.738460141,3.140,1/13/2021 12:00:00 AM,0006,1,1,0,1,CLEAR,DRY,False,COLLISION WITH FIXED OBJECT IN INTERSECTION - FIRST EVENT COLLISION 09 - 32,SINGLE VEHICLE,CURVE & LEVEL,DARK-HWY NOT LIGHTED,,,1/18/2021 7:54:52 AM,False,5198,Accepted,
27670294,0568000,LOUISVILLE METRO POLICE DEPT,Accepted,JEFFERSON,US0031E,,BARDSTOWN,RD,,KY1065,SEATONVILLE,,,,,38.149941002,-85.587249838,5.561,1/13/2021 12:00:00 AM,2001,2,2,0,0,CLEAR,DRY,False,ANGLE COLLISION - OTHER,ANGLE,STRAIGHT & LEVEL,DARK-HWY LIGHTED/ON,,,1/14/2021 7:11:47 AM,False,5138,Accepted,
27670271,0568000,LOUISVILLE METRO POLICE DEPT,Accepted,JEFFERSON,KY1931,,ST ANDREWS CHURCH,RD,,,,,,,,38.149590239,-85.823883762,4.130,1/13/2021 12:00:00 AM,1755,2,2,0,0,CLOUDY,DRY,True,REAR END IN TRAFFIC LANES BOTH VEHICLES MOVING,REAR END,STRAIGHT & LEVEL,DUSK,,,1/14/2021 7:10:00 AM,False,7234,Accepted,
27670276,0568000,LOUISVILLE METRO POLICE DEPT,Accepted,JEFFERSON,KY2056,,BELLS,LN,,,BELQUIN,,,,,38.222419049,-85.821051479,1.117,1/13/2021 12:00:00 AM,0739,2,2,0,0,CLEAR,DRY,True,ANGLE COLLISION - OTHER,ANGLE,STRAIGHT & LEVEL,DAWN,,,1/14/2021 7:10:29 AM,False,5253,Accepted,
27667453,0561500,UNIV. OF LOUISVILLE POLICE,Accepted,JEFFERSON,,2100,FLOYD,ST,S,,,,,,,38.218185960,-85.754284055,2.576,1/13/2021 12:00:00 AM,1145,2,2,0,0,CLEAR,DRY,True,HEAD-ON COLLISION,HEAD ON,STRAIGHT & LEVEL,DAYLIGHT,,,1/13/2021 2:43:51 PM,False,5618,Accepted,
27670246,0568000,LOUISVILLE METRO POLICE DEPT,Accepted,JEFFERSON,I 0065,,I65 S,,,,,,,,,38.238148548,-85.753081948,134.728,1/13/2021 12:00:00 AM,1136,1,1,0,2,CLEAR,DRY,False,OTHER ROADWAY OR MID-BLOCK COLLISION,SINGLE VEHICLE,CURVE & LEVEL,DAYLIGHT,,,1/14/2021 7:07:31 AM,False,8278,Accepted,
27670252,0568000,LOUISVILLE METRO POLICE DEPT,Accepted,JEFFERSON,I 0265,,I265 W,,,,,,,,,38.178373386,-85.511497232,22.335,1/13/2021 12:00:00 AM,1207,2,2,0,0,CLEAR,DRY,False,OTHER ROADWAY OR MID-BLOCK COLLISION,REAR END,STRAIGHT & LEVEL,DAYLIGHT,,,1/14/2021 7:08:01 AM,False,4903,Accepted,
27670260,0568000,LOUISVILLE METRO POLICE DEPT,Accepted,JEFFERSON,,2112,DUNCAN,ST,,,,,,,,38.262260194,-85.783061417,0.336,1/13/2021 12:00:00 AM,0743,1,1,0,0,CLEAR,DRY,False,COLLISION WITH FIXED OBJECT NON - INTERSECTION - FIRST EVENT COLLISION 09 - 32 EXCLUDING 16,SINGLE VEHICLE,STRAIGHT & LEVEL,DAYLIGHT,,,1/14/2021 7:08:29 AM,False,5334,Accepted,
27670261,0568000,LOUISVILLE METRO POLICE DEPT,Accepted,JEFFERSON,US0150,,22ND,ST,N,,MAIN,,,,,38.259966513,-85.786347187,0.737,1/13/2021 12:00:00 AM,1401,2,2,0,2,CLEAR,DRY,True,ANGLE COLLISION - OTHER,ANGLE,STRAIGHT & LEVEL,DAYLIGHT,,,1/14/2021 7:08:35 AM,False,5108,Accepted,
27670268,0568000,LOUISVILLE METRO POLICE DEPT,Accepted,JEFFERSON,KY1865,,TAYLOR,BLVD,,,,,ARLING,,SHINGO,38.174267443,-85.782394094,4.657,1/13/2021 12:00:00 AM,0957,2,2,0,1,CLEAR,DRY,False,REAR END IN TRAFFIC LANES BOTH VEHICLES MOVING,REAR END,STRAIGHT & LEVEL,DAYLIGHT,,,1/14/2021 7:09:42 AM,False,7204,Accepted,
27682845,0568000,LOUISVILLE METRO POLICE DEPT,Accepted,JEFFERSON,,,28TH,ST,S,,MAGAZINE,,,,,38.252104053,-85.797875880,0.621,1/13/2021 12:00:00 AM,2050,2,2,0,2,CLOUDY,DRY,True,ANGLE COLLISION - OTHER,ANGLE,STRAIGHT & LEVEL,DARK-HWY LIGHTED/ON,,,1/18/2021 7:54:34 AM,False,7239,Accepted,
27670270,0568000,LOUISVILLE METRO POLICE DEPT,Accepted,JEFFERSON,KY1631,,CRITTENDEN,DR,,,PHILLIPS,,,,,38.192314404,-85.750917997,0.305,1/13/2021 12:00:00 AM,0705,2,2,0,0,CLEAR,DRY,False,SIDESWIPE-SAME DIRECTION,SIDESWIPE-SAME DIRECTION,STRAIGHT & LEVEL,DAYLIGHT,,,1/14/2021 7:09:54 AM,False,7398,Accepted,
27670291,0568000,LOUISVILLE METRO POLICE DEPT,Accepted,JEFFERSON,KY0061,,PRESTON,HWY,,,CLARKS,,,,,38.212990725,-85.741486383,9.957,1/13/2021 12:00:00 AM,1942,2,2,0,0,CLEAR,DRY,False,ANGLE COLLISION - ONE VEHICLE TURNING LEFT,ANGLE,CURVE & LEVEL,DARK-HWY LIGHTED/ON,,,1/14/2021 7:11:26 AM,False,5174,Accepted,
27674233,0568000,LOUISVILLE METRO POLICE DEPT,Accepted,JEFFERSON,US0150,,BROADWAY,,E,KY0061,JACKSON,,,,,38.245136118,-85.745596926,3.075,1/13/2021 12:00:00 AM,1622,2,2,0,1,CLEAR,DRY,False,ANGLE COLLISION - ONE VEHICLE TURNING LEFT,ANGLE,STRAIGHT & LEVEL,DAYLIGHT,,,1/15/2021 7:05:36 AM,False,7823,Accepted,
27670281,0568000,LOUISVILLE METRO POLICE DEPT,Accepted,JEFFERSON,,641,18TH,ST,S,,,,,,,38.250017156,-85.781317976,0.638,1/13/2021 12:00:00 AM,1911,2,2,0,0,CLEAR,DRY,False,1 VEHICLE PARKED POSITION (NOT PARKING LOT/DRIVEWAY),SIDESWIPE-SAME DIRECTION,STRAIGHT & LEVEL,DARK-HWY LIGHTED/ON,,,1/14/2021 7:10:46 AM,False,5172,Accepted,
27670256,0568000,LOUISVILLE METRO POLICE DEPT,Accepted,JEFFERSON,KY1747,3200,FERN VALLEY,RD,,,,,,,,38.156957810,-85.702793955,1.614,1/13/2021 12:00:00 AM,0707,1,1,0,0,CLEAR,DRY,False,COLLISION WITH FIXED OBJECT NON - INTERSECTION - FIRST EVENT COLLISION 09 - 32 EXCLUDING 16,SINGLE VEHICLE,STRAIGHT & LEVEL,DARK-HWY NOT LIGHTED,,,1/14/2021 7:08:11 AM,False,2017,Accepted,
27670265,0568000,LOUISVILLE METRO POLICE DEPT,Accepted,JEFFERSON,KY0155,4318,TAYLORSVILLE,RD,,,,,,,,38.219352226,-85.614510065,12.716,1/13/2021 12:00:00 AM,1317,2,2,0,0,CLEAR,DRY,False,SIDESWIPE COLLISION - SAME DIRECTION,SIDESWIPE-SAME DIRECTION,STRAIGHT & LEVEL,DAYLIGHT,,,1/14/2021 7:09:08 AM,False,7448,Accepted,
27674243,0568000,LOUISVILLE METRO POLICE DEPT,Accepted,JEFFERSON,I 0065,,I65 N,,,I 0065,I65 N EXIT131 OFF RAMP TO  FREEDOM WAY N,,,,,38.189900039,-85.728783083,130.697,1/13/2021 12:00:00 AM,0658,2,2,0,0,CLEAR,DRY,False,OTHER INTERSECTION COLLISIONS,REAR END,STRAIGHT & LEVEL,DARK-HWY LIGHTED/ON,,,1/15/2021 7:06:20 AM,False,7720,Accepted,
27666019,0568000,LOUISVILLE METRO POLICE DEPT,Accepted,JEFFERSON,I 0064,,I64 E,,,,,,,,,38.258786583,-85.757379331,4.502,1/13/2021 12:00:00 AM,0223,1,1,0,0,CLEAR,WET,False,OTHER ROADWAY OR MID-BLOCK COLLISION,SINGLE VEHICLE,STRAIGHT & LEVEL,DARK-HWY LIGHTED/ON,,,1/13/2021 8:10:07 AM,False,5328,Accepted,
27666020,0568000,LOUISVILLE METRO POLICE DEPT,Accepted,JEFFERSON,,,DIXIE,HWY,,,GARLAND,,,,,38.243253792,-85.784421500,0.370,1/13/2021 12:00:00 AM,0252,1,1,0,0,CLEAR,DRY,True,COLLISION WITH FIXED OBJECT IN INTERSECTION - FIRST EVENT COLLISION 09 - 32,SINGLE VEHICLE,STRAIGHT & LEVEL,DARK-HWY LIGHTED/ON,,,1/13/2021 8:10:37 AM,False,5292,Accepted,
27666498,0568000,LOUISVILLE METRO POLICE DEPT,Accepted,JEFFERSON,I 0065,,I65 N,,,,,,,,,38.209008168,-85.752569051,132.680,1/13/2021 12:00:00 AM,0628,2,2,0,0,OTHER,DRY,False,SIDESWIPE COLLISION - SAME DIRECTION,SIDESWIPE-SAME DIRECTION,CURVE & LEVEL,DARK-HWY LIGHTED/ON,,,1/13/2021 10:14:17 AM,False,4903,Accepted,
27687926,0568000,LOUISVILLE METRO POLICE DEPT,Accepted,JEFFERSON,KY1865,,TAYLOR,BLVD,,,WALTER,,,,,38.175940336,-85.782693710,4.756,1/13/2021 12:00:00 AM,0957,2,1,0,1,CLEAR,DRY,False,SIDESWIPE-SAME DIRECTION,SIDESWIPE-SAME DIRECTION,STRAIGHT & LEVEL,DAYLIGHT,,,1/19/2021 1:59:37 PM,True,7441,Accepted,
27686504,0568000,LOUISVILLE METRO POLICE DEPT,Accepted,JEFFERSON,I 0064,,I64 E,,,,,,,,,38.223409188,-85.529056621,17.711,1/13/2021 12:00:00 AM,1814,2,2,0,0,CLOUDY,DRY,False,SIDESWIPE COLLISION - SAME DIRECTION,SIDESWIPE-SAME DIRECTION,CURVE & GRADE,DARK-HWY LIGHTED/OFF,,,1/19/2021 8:13:40 AM,False,8278,Accepted,
27675603,0568000,LOUISVILLE METRO POLICE DEPT,Accepted,JEFFERSON,I 0265,,I265 W,,,,,,,,,38.193257838,-85.508875930,23.405,1/13/2021 12:00:00 AM,0640,2,2,0,0,CLOUDY,DRY,False,SIDESWIPE COLLISION - SAME DIRECTION,SIDESWIPE-SAME DIRECTION,STRAIGHT & LEVEL,DARK-HWY NOT LIGHTED,,,1/15/2021 2:46:02 PM,False,7772,Accepted,
27689045,0561500,UNIV. OF LOUISVILLE POLICE,Accepted,JEFFERSON,,,SHIPP,AVE,W,,,,,,,38.225012708,-85.767278096,0.138,1/13/2021 12:00:00 AM,1609,2,2,0,0,CLEAR,DRY,True,1 VEHICLE ENTERING/LEAVING ENTRANCE,ANGLE,STRAIGHT & LEVEL,DAYLIGHT,,,1/19/2021 5:53:13 PM,False,5691,Accepted,
27682955,0568000,LOUISVILLE METRO POLICE DEPT,Accepted,JEFFERSON,I 0264,,I264 E,,,,,I 0264,I264 E EXIT14 ON RAMP FROM KY864,I 0264,I264 E EXIT15 OFF RAMP TO KY1703,38.198498458,-85.702913180,13.702,1/13/2021 12:00:00 AM,0705,2,2,0,0,CLEAR,DRY,False,SIDESWIPE COLLISION - SAME DIRECTION,SIDESWIPE-SAME DIRECTION,STRAIGHT & LEVEL,DARK-HWY NOT LIGHTED,,,1/18/2021 8:04:28 AM,False,7938,Accepted,
27686499,0568000,LOUISVILLE METRO POLICE DEPT,Accepted,JEFFERSON,KY0864,,POPLAR LEVEL,RD,,,,,ILLINOIS,,AUDUBON,38.210697809,-85.717732208,12.522,1/13/2021 12:00:00 AM,1626,2,2,0,0,CLEAR,DRY,False,REAR END IN TRAFFIC LANES BOTH VEHICLES MOVING,REAR END,STRAIGHT & HILLCREST,DAYLIGHT,,,1/19/2021 8:13:16 AM,False,7938,Accepted,
27675597,0568000,LOUISVILLE METRO POLICE DEPT,Accepted,JEFFERSON,KY0061,,PRESTON,HWY,,,INDIAN,,,,,38.168756667,-85.706577303,6.339,1/12/2021 12:00:00 AM,1732,3,3,0,1,CLEAR,DRY,False,OPPOSING LEFT TURN,OPPOSING LEFT TURN,STRAIGHT & LEVEL,DUSK,,,1/15/2021 2:45:09 PM,False,7652,Accepted,
27670247,0568000,LOUISVILLE METRO POLICE DEPT,Accepted,JEFFERSON,,,PHILLIPS,LN,,,,,,,,38.197391894,-85.732177682,1.241,1/12/2021 12:00:00 AM,1719,2,2,0,0,CLEAR,DRY,False,1 VEHICLE ENTERING/LEAVING ENTRANCE,ANGLE,STRAIGHT & LEVEL,DAYLIGHT,,,1/14/2021 7:07:47 AM,False,8278,Accepted,
27666010,0568000,LOUISVILLE METRO POLICE DEPT,Accepted,JEFFERSON,US0031W,15105,DIXIE,HWY,,,,,,,,38.047699325,-85.898303402,4.088,1/12/2021 12:00:00 AM,0710,2,2,0,1,CLEAR,DRY,False,OTHER ROADWAY OR MID-BLOCK COLLISION,OPPOSING LEFT TURN,STRAIGHT & LEVEL,DARK (UNKNOWN ROADWAY LIGHTING),,,1/13/2021 8:09:28 AM,False,7336,Accepted,
27666022,0568000,LOUISVILLE METRO POLICE DEPT,Accepted,JEFFERSON,KY1450,,BLUE LICK,RD,,,VANGUARD,,,,,38.107888240,-85.691766528,1.575,1/12/2021 12:00:00 AM,2225,2,2,0,0,CLEAR,DRY,False,ANGLE COLLISION - OTHER,ANGLE,STRAIGHT & LEVEL,DARK-HWY NOT LIGHTED,,,1/13/2021 8:10:44 AM,False,7474,Accepted,
27666663,0561500,UNIV. OF LOUISVILLE POLICE,Accepted,JEFFERSON,,,4TH,ST,S,,,,INDUSTRY,,BRANDEIS,38.216780731,-85.763526225,2.774,1/12/2021 12:00:00 AM,1446,2,2,0,0,CLEAR,DRY,False,REAR END IN TRAFFIC LANES BOTH VEHICLES MOVING,REAR END,STRAIGHT & LEVEL,DAYLIGHT,,,1/13/2021 10:44:45 AM,False,5690,Accepted,
27661490,0568000,LOUISVILLE METRO POLICE DEPT,Accepted,JEFFERSON,US0060,,SHELBYVILLE,RD,,,,,,,,38.251590119,-85.622420271,5.399,1/12/2021 12:00:00 AM,0630,2,2,0,0,CLEAR,DRY,False,OTHER ROADWAY OR MID-BLOCK COLLISION,REAR END,STRAIGHT & LEVEL,DAWN,,,1/12/2021 8:09:04 AM,False,7330,Accepted,
27666003,0568000,LOUISVILLE METRO POLICE DEPT,Accepted,JEFFERSON,,,JEANINE,DR,,,,,,,,38.168239771,-85.688184612,0.735,1/12/2021 12:00:00 AM,0952,1,1,0,0,CLOUDY,DRY,False,COLLISION WITH FIXED OBJECT NON - INTERSECTION - FIRST EVENT COLLISION 09 - 32 EXCLUDING 16,SINGLE VEHICLE,CURVE & LEVEL,DAYLIGHT,,,1/13/2021 8:09:00 AM,False,4693,Accepted,