IncidentID,AgencyORI,AgencyName,IncidentStatusDesc,County,RdwyNumber,Street,RoadwayName,StreetSfx,StreetDir,IntersectionRdwy,IntersectionRdwyName,BetweenStRdwy1,BetweenStRdwyName1,BetweenStRdwy2,BetweenStRdwyName2,Latitude,Longitude,Milepoint,CollisionDate,CollisionTime,UnitsInvolved,MotorVehiclesInvolved,NumberKilled,NumberInjured,Weather,RdwyConditionCode,HitandRun,DirAnalysisCode,MannerofCollision,RdwyCharacter,LightCondition,RampFromRdwyId,RampToRdwyId,AcceptedDate,IsSecondaryCollision,OwnerBadge,IncidentStatus,
27666005,0568000,LOUISVILLE METRO POLICE DEPT,Accepted,JEFFERSON,,,WILSON,AVE,,,CATALPA,,,,,38.231685395,-85.802275583,1.546,1/12/2021 12:00:00 AM,0731,2,2,0,0,CLEAR,DRY,True,OPPOSITE DIRECTION - BOTH VEHICLES GOING STRAIGHT AHEAD,SIDESWIPE-OPPOSITE DIRECTION,CURVE & LEVEL,DARK (UNKNOWN ROADWAY LIGHTING),,,1/13/2021 8:09:06 AM,False,5002,Accepted,
27666023,0568000,LOUISVILLE METRO POLICE DEPT,Accepted,JEFFERSON,KY1020,,2ND,ST,S,,,,COLLEGE,,BRECKINRIDGE,38.242588205,-85.755655110,11.890,1/12/2021 12:00:00 AM,1936,2,2,0,1,CLEAR,DRY,False,COLLISION WITH FIXED OBJECT NON - INTERSECTION - FIRST EVENT COLLISION 09 - 32 EXCLUDING 16,REAR END,STRAIGHT & LEVEL,DARK-HWY LIGHTED/ON,,,1/13/2021 8:10:47 AM,False,5267,Accepted,
27682847,0568000,LOUISVILLE METRO POLICE DEPT,Accepted,JEFFERSON,KY0841,,GENE SNYDER,FWY,,,,,WOLF PEN BRANCH,KY0841,KY841 RAMP TO US42,38.322218209,-85.616793077,37.900,1/12/2021 12:00:00 AM,0339,2,2,0,0,CLEAR,DRY,False,OTHER ROADWAY OR MID-BLOCK COLLISION,REAR END,STRAIGHT & LEVEL,DARK-HWY LIGHTED/ON,,,1/18/2021 7:54:41 AM,False,5056,Accepted,
27666013,0568000,LOUISVILLE METRO POLICE DEPT,Accepted,JEFFERSON,,,6TH,ST,N,US0031W,MAIN,,,,,38.256987731,-85.759845628,0.001,1/12/2021 12:00:00 AM,1906,2,2,0,0,CLEAR,DRY,False,OTHER INTERSECTION COLLISIONS,REAR END,STRAIGHT & LEVEL,DARK-HWY LIGHTED/ON,,,1/13/2021 8:09:39 AM,False,7937,Accepted,
27666014,0568000,LOUISVILLE METRO POLICE DEPT,Accepted,JEFFERSON,,,3RD,ST,S,,ALGER,,,,,38.166475585,-85.768874796,2.238,1/12/2021 12:00:00 AM,1819,2,2,0,1,CLOUDY,DRY,False,ANGLE COLLISION - ONE VEHICLE TURNING LEFT,ANGLE,STRAIGHT & LEVEL,DARK-HWY LIGHTED/ON,,,1/13/2021 8:09:42 AM,False,7768,Accepted,
27670263,0568000,LOUISVILLE METRO POLICE DEPT,Accepted,JEFFERSON,,,FLOYD,ST,S,,MAGNOLIA,,,,,38.228223121,-85.752715232,1.911,1/12/2021 12:00:00 AM,1830,2,2,0,0,CLOUDY,DRY,True,ANGLE COLLISION - OTHER,ANGLE,STRAIGHT & LEVEL,DARK (UNKNOWN ROADWAY LIGHTING),,,1/14/2021 7:09:03 AM,False,5111,Accepted,
27670245,0568000,LOUISVILLE METRO POLICE DEPT,Accepted,JEFFERSON,US0031W,,DIXIE,HWY,,,,,,,,38.093481131,-85.875270405,7.594,1/12/2021 12:00:00 AM,1804,2,2,0,2,CLOUDY,DRY,False,1 VEHICLE ENTERING/LEAVING ENTRANCE,ANGLE,STRAIGHT & LEVEL,DARK-HWY LIGHTED/ON,,,1/14/2021 7:07:09 AM,False,7234,Accepted,
27666006,0568000,LOUISVILLE METRO POLICE DEPT,Accepted,JEFFERSON,KY1020,,2ND,ST,S,,,US0031E,MARKET,,JEFFERSON,38.254288561,-85.753702094,12.683,1/12/2021 12:00:00 AM,1450,3,3,0,0,CLOUDY,DRY,False,REAR END IN TRAFFIC LANES BOTH VEHICLES MOVING,REAR END,STRAIGHT & LEVEL,DAYLIGHT,,,1/13/2021 8:09:09 AM,False,2406,Accepted,
27665998,0568000,LOUISVILLE METRO POLICE DEPT,Accepted,JEFFERSON,I 0071,,I71 S,,,,,,,,,38.298391962,-85.622796186,6.529,1/12/2021 12:00:00 AM,1040,2,2,0,0,CLOUDY,DRY,False,REAR END IN TRAFFIC LANES BOTH VEHICLES MOVING,REAR END,STRAIGHT & LEVEL,DAYLIGHT,,,1/13/2021 8:08:46 AM,False,4903,Accepted,
27665999,0568000,LOUISVILLE METRO POLICE DEPT,Accepted,JEFFERSON,I 0065,,I65 S,,,,,,,,,38.179050465,-85.720176859,129.796,1/12/2021 12:00:00 AM,1247,2,2,0,0,CLEAR,DRY,False,SIDESWIPE COLLISION - SAME DIRECTION,SIDESWIPE-SAME DIRECTION,STRAIGHT & GRADE,DAYLIGHT,,,1/13/2021 8:08:50 AM,False,8278,Accepted,
27666007,0568000,LOUISVILLE METRO POLICE DEPT,Accepted,JEFFERSON,,920,32ND,ST,S,,,,,,,38.244512490,-85.805905400,1.201,1/12/2021 12:00:00 AM,1433,3,3,0,0,CLEAR,DRY,False,1 VEHICLE PARKED POSITION (NOT PARKING LOT/DRIVEWAY),SIDESWIPE-OPPOSITE DIRECTION,STRAIGHT & LEVEL,DAYLIGHT,,,1/13/2021 8:09:13 AM,False,5309,Accepted,
27666016,0568000,LOUISVILLE METRO POLICE DEPT,Accepted,JEFFERSON,I 0064,,I64 W,,,,,,,,,38.275581296,-85.818133901,0.446,1/12/2021 12:00:00 AM,2011,2,2,0,0,CLEAR,DRY,False,SIDESWIPE COLLISION - SAME DIRECTION,SIDESWIPE-SAME DIRECTION,CURVE & LEVEL,DARK-HWY LIGHTED/ON,,,1/13/2021 8:09:49 AM,False,7343,Accepted,
27666018,0568000,LOUISVILLE METRO POLICE DEPT,Accepted,JEFFERSON,US0031E,,BARDSTOWN,RD,,,,,,,,38.210760967,-85.670676668,12.002,1/12/2021 12:00:00 AM,1956,3,3,0,0,CLEAR,DRY,False,HEAD-ON COLLISION,HEAD ON,STRAIGHT & LEVEL,DARK-HWY LIGHTED/ON,,,1/13/2021 8:10:02 AM,False,5311,Accepted,
27682867,0568000,LOUISVILLE METRO POLICE DEPT,Accepted,JEFFERSON,KY0864,,POPLAR LEVEL,RD,,I 0264,I264 E EXIT14 ON RAMP FROM KY864 S,,,,,38.195521700,-85.707605788,11.319,1/12/2021 12:00:00 AM,1832,2,2,0,1,CLEAR,DRY,False,HEAD-ON COLLISION,HEAD ON,STRAIGHT & LEVEL,DARK-HWY LIGHTED/ON,,,1/18/2021 7:55:40 AM,False,5106,Accepted,
27725124,0568000,LOUISVILLE METRO POLICE DEPT,Accepted,JEFFERSON,,,ELLISON,AVE,,,,,,,,38.230886802,-85.734718354,0.158,1/12/2021 12:00:00 AM,1830,2,2,0,0,CLEAR,DRY,False,1 VEHICLE ENTERING/LEAVING ENTRANCE,ANGLE,STRAIGHT & LEVEL,DARK-HWY NOT LIGHTED,,,1/29/2021 8:38:59 AM,False,5204,Accepted,
28854751,0568000,LOUISVILLE METRO POLICE DEPT,Accepted,JEFFERSON,KY0155,,TAYLORSVILLE,RD,,,,I 0264,I264 E EXIT17B OFF RAMP TO KY155 N,I 0264,I264 W EXIT17B OFF RAMP TO KY155 N,38.221703421,-85.652393869,14.776,1/12/2021 12:00:00 AM,0005,2,1,1,0,CLOUDY,DRY,True,COLLISION WITH PEDESTRIAN NON - INTERSECTION,SINGLE VEHICLE,STRAIGHT & LEVEL,DARK-HWY NOT LIGHTED,,,10/11/2021 8:19:41 AM,False,2308,Accepted,
27919240,0560400,SHIVELY POLICE DEPARTMENT,Accepted,JEFFERSON,,1000,LOTUS,AVE,,,,,,,,38.167964695,-85.717233796,0.413,1/12/2021 12:00:00 AM,0430,2,2,0,0,CLEAR,DRY,False,1 VEHICLE ENTERING/LEAVING ENTRANCE,ANGLE,STRAIGHT & LEVEL,DARK-HWY LIGHTED/ON,,,3/23/2021 10:19:58 AM,False,7063,Accepted,
28121377,0568000,LOUISVILLE METRO POLICE DEPT,Accepted,JEFFERSON,I 0065,,,,,,,,,,,38.236434461,-85.750929763,0.192,1/11/2021 12:00:00 AM,1504,2,2,0,0,CLOUDY,DRY,False,OTHER RAMP RELATED COLLISIONS NOT LISTED ABOVE,REAR END,CURVE & GRADE,DAYLIGHT,I 0065,E SAINT CATHERINE ST,5/12/2021 8:12:38 AM,False,2745,Accepted,
27682899,0568000,LOUISVILLE METRO POLICE DEPT,Accepted,JEFFERSON,KY0841,,GENE SNYDER,FWY,,,,KY2055,MANSLICK,KY0841,KY841 RAMP TO KY1865,38.118930559,-85.784120327,5.662,1/11/2021 12:00:00 AM,1812,2,2,0,3,CLOUDY,DRY,False,REAR END IN TRAFFIC LANES BOTH VEHICLES MOVING,REAR END,STRAIGHT & LEVEL,DARK-HWY NOT LIGHTED,,,1/18/2021 7:57:04 AM,False,2457,Accepted,
27699258,0568000,LOUISVILLE METRO POLICE DEPT,Accepted,JEFFERSON,KY1934,,CANE RUN,RD,,KY2049,CRUMS,,,,,38.199074151,-85.837999999,9.145,1/11/2021 12:00:00 AM,1646,2,2,0,1,CLEAR,DRY,False,OTHER INTERSECTION COLLISIONS,REAR END,STRAIGHT & LEVEL,DAYLIGHT,,,1/22/2021 8:24:38 AM,False,7467,Accepted,
27684472,0560600,WEST BUECHEL POLICE DEPT.,Accepted,JEFFERSON,,2100,BASHFORD MANOR,LN,,,,,,,,38.201900125,-85.666460937,0.131,1/11/2021 12:00:00 AM,1710,2,2,0,0,CLEAR,DRY,True,COLLISION IN PARKING LOT,SIDESWIPE-OPPOSITE DIRECTION,STRAIGHT & LEVEL,DAYLIGHT,,,1/18/2021 5:07:17 PM,False,1290,Accepted,
27666001,0568000,LOUISVILLE METRO POLICE DEPT,Accepted,JEFFERSON,KY0841,,GENE SNYDER,FWY,,,,,,,,38.106181699,-85.814039920,3.773,1/11/2021 12:00:00 AM,1714,1,1,0,0,CLEAR,DRY,False,OTHER COLLISIONS ON SHOULDER,SINGLE VEHICLE,STRAIGHT & LEVEL,DAYLIGHT,,,1/13/2021 8:08:54 AM,False,7174,Accepted,
27661477,0568000,LOUISVILLE METRO POLICE DEPT,Accepted,JEFFERSON,,,7TH,ST,S,,SHIPP,,,,,38.226242814,-85.769297941,0.614,1/11/2021 12:00:00 AM,1735,2,2,0,1,CLEAR,DRY,False,ANGLE COLLISION - OTHER,ANGLE,STRAIGHT & LEVEL,DAYLIGHT,,,1/12/2021 8:08:10 AM,False,7360,Accepted,
27657294,0568000,LOUISVILLE METRO POLICE DEPT,Accepted,JEFFERSON,I 0264,,I264 E,,,,,,,,,38.190688519,-85.721845165,12.502,1/11/2021 12:00:00 AM,0015,2,2,0,0,CLEAR,DRY,False,REAR END IN TRAFFIC LANES BOTH VEHICLES MOVING,REAR END,STRAIGHT & LEVEL,DARK-HWY LIGHTED/ON,,,1/11/2021 8:47:01 AM,False,5175,Accepted,
27657301,0568000,LOUISVILLE METRO POLICE DEPT,Accepted,JEFFERSON,,,ST CATHERINE,ST,W,KY1020,2ND,,,,,38.237056378,-85.756587191,0.091,1/11/2021 12:00:00 AM,0209,3,3,0,1,CLEAR,DRY,False,ANGLE COLLISION - OTHER,ANGLE,STRAIGHT & LEVEL,DARK-HWY LIGHTED/ON,,,1/11/2021 8:47:48 AM,False,5236,Accepted,
27661471,0568000,LOUISVILLE METRO POLICE DEPT,Accepted,JEFFERSON,I 0065,,,,,,,,,,,38.157375401,-85.716466928,0.474,1/11/2021 12:00:00 AM,1419,2,2,0,1,CLOUDY,DRY,False,OTHER RAMP RELATED COLLISIONS NOT LISTED ABOVE,REAR END,CURVE & HILLCREST,DAYLIGHT,I 0065,KY1631,1/12/2021 8:07:12 AM,False,4693,Accepted,
27661480,0568000,LOUISVILLE METRO POLICE DEPT,Accepted,JEFFERSON,,,DUMESNIL,ST,,US0031W,22ND,,,,,38.236521935,-85.790390901,1.647,1/11/2021 12:00:00 AM,2013,1,1,0,0,CLEAR,DRY,False,COLLISION WITH FIXED OBJECT IN INTERSECTION - FIRST EVENT COLLISION 09 - 32,SINGLE VEHICLE,CURVE & LEVEL,DARK-HWY LIGHTED/ON,,,1/12/2021 8:08:27 AM,False,5292,Accepted,
27670262,0568000,LOUISVILLE METRO POLICE DEPT,Accepted,JEFFERSON,,,WATSON,LN,,,TENNIS,,,,,38.061958961,-85.901730711,0.725,1/11/2021 12:00:00 AM,0651,2,2,0,0,CLEAR,DRY,False,ANGLE COLLISION - OTHER,ANGLE,STRAIGHT & LEVEL,DAWN,,,1/14/2021 7:08:47 AM,False,7634,Accepted,
27682864,0568000,LOUISVILLE METRO POLICE DEPT,Accepted,JEFFERSON,US0042,,BROWNSBORO,RD,,,HILLCREST,,,,,38.260598620,-85.685766056,2.747,1/11/2021 12:00:00 AM,1829,2,2,0,0,CLEAR,DRY,False,OPPOSING LEFT TURN,OPPOSING LEFT TURN,STRAIGHT & LEVEL,DUSK,,,1/18/2021 7:55:30 AM,False,2673,Accepted,
27682846,0568000,LOUISVILLE METRO POLICE DEPT,Accepted,JEFFERSON,I 0071,,I71 S,,,,,,,,,38.317542253,-85.575289819,9.501,1/11/2021 12:00:00 AM,1247,2,2,1,0,CLEAR,DRY,False,OTHER ROADWAY OR MID-BLOCK COLLISION,REAR END,STRAIGHT & LEVEL,DAYLIGHT,,,1/18/2021 7:54:37 AM,False,2217,Accepted,
27666011,0568000,LOUISVILLE METRO POLICE DEPT,Accepted,JEFFERSON,,,JEFFERSON,ST,W,US0031W,22ND,,,,,38.257149471,-85.786863300,1.906,1/11/2021 12:00:00 AM,1222,2,2,0,2,CLOUDY,DRY,False,ANGLE COLLISION - OTHER,ANGLE,STRAIGHT & LEVEL,DAYLIGHT,,,1/13/2021 8:09:31 AM,False,5251,Accepted,
27661482,0568000,LOUISVILLE METRO POLICE DEPT,Accepted,JEFFERSON,,620,INDUSTRY,RD,,,,,,,,38.219484375,-85.773475792,0.171,1/11/2021 12:00:00 AM,2240,1,1,0,0,CLEAR,DRY,False,COLLISION WITH FIXED OBJECT NON - INTERSECTION - FIRST EVENT COLLISION 09 - 32 EXCLUDING 16,SINGLE VEHICLE,STRAIGHT & LEVEL,DARK-HWY NOT LIGHTED,,,1/12/2021 8:08:34 AM,False,5316,Accepted,
27661483,0568000,LOUISVILLE METRO POLICE DEPT,Accepted,JEFFERSON,KY0022,,BROWNSBORO,RD,,,CHAMBERLAIN,,,,,38.312605870,-85.567408169,4.437,1/11/2021 12:00:00 AM,2113,2,2,0,0,CLOUDY,DRY,True,OPPOSING LEFT TURN,OPPOSING LEFT TURN,STRAIGHT & LEVEL,DARK-HWY LIGHTED/ON,,,1/12/2021 8:08:37 AM,False,7159,Accepted,
27670287,0568000,LOUISVILLE METRO POLICE DEPT,Accepted,JEFFERSON,I 0065,,I65 N,,,,,,,I 0065,I65 N EXIT128 ON RAMP FROM KY1631,38.168710402,-85.720531739,129.075,1/11/2021 12:00:00 AM,0630,3,3,0,0,CLEAR,DRY,True,1 VEHICLE ENTERING/LEAVING ENTRANCE,ANGLE,STRAIGHT & LEVEL,DAWN,,,1/14/2021 7:11:06 AM,False,5165,Accepted,
27661473,0568000,LOUISVILLE METRO POLICE DEPT,Accepted,JEFFERSON,KY1020,,3RD,ST,S,,IOWA,,,,,38.207533288,-85.763447339,9.676,1/11/2021 12:00:00 AM,1614,2,2,0,0,CLOUDY,DRY,False,OTHER INTERSECTION COLLISIONS,REAR END,STRAIGHT & LEVEL,DAYLIGHT,,,1/12/2021 8:07:39 AM,False,2499,Accepted,
27661474,0568000,LOUISVILLE METRO POLICE DEPT,Accepted,JEFFERSON,,,LIBERTY,ST,E,KY0864,CHESTNUT,,,,,38.249856942,-85.733190223,1.058,1/11/2021 12:00:00 AM,1721,2,2,0,0,CLEAR,DRY,False,ANGLE COLLISION - OTHER,ANGLE,STRAIGHT & LEVEL,DUSK,,,1/12/2021 8:07:42 AM,False,7266,Accepted,
27682939,0568000,LOUISVILLE METRO POLICE DEPT,Accepted,JEFFERSON,I 0265,,I265 S,,,,,,,,,38.270591643,-85.500214434,28.759,1/11/2021 12:00:00 AM,0600,2,2,0,0,CLEAR,ICE,False,SIDESWIPE COLLISION - SAME DIRECTION,SIDESWIPE-SAME DIRECTION,STRAIGHT & LEVEL,DAWN,,,1/18/2021 8:02:34 AM,False,7330,Accepted,
27661475,0568000,LOUISVILLE METRO POLICE DEPT,Accepted,JEFFERSON,,3401,MUHAMMAD ALI,BLVD,W,,,,,,,38.256733599,-85.807677451,3.032,1/11/2021 12:00:00 AM,1551,2,2,0,2,CLEAR,DRY,False,1 VEHICLE ENTERING/LEAVING ENTRANCE,ANGLE,CURVE & LEVEL,DAYLIGHT,,,1/12/2021 8:07:45 AM,False,7469,Accepted,
27661476,0568000,LOUISVILLE METRO POLICE DEPT,Accepted,JEFFERSON,KY1747,,HURSTBOURNE,PKWY,S,,PATRIOTS CROSSING,,,,,38.162809873,-85.634269822,5.530,1/11/2021 12:00:00 AM,0820,2,2,0,0,CLEAR,DRY,False,HEAD-ON COLLISION,HEAD ON,CURVE & LEVEL,DAYLIGHT,,,1/12/2021 8:08:05 AM,False,5001,Accepted,
27661484,0568000,LOUISVILLE METRO POLICE DEPT,Accepted,JEFFERSON,I 0265,,I265 E,,,,,,,,,38.208246025,-85.506837744,24.477,1/11/2021 12:00:00 AM,2132,2,2,0,1,CLEAR,DRY,False,REAR END IN TRAFFIC LANES BOTH VEHICLES MOVING,REAR END,STRAIGHT & HILLCREST,DARK-HWY LIGHTED/OFF,,,1/12/2021 8:08:41 AM,False,7369,Accepted,
27670274,0568000,LOUISVILLE METRO POLICE DEPT,Accepted,JEFFERSON,US0031W,,DIXIE,HWY,,,VESPER,,,,,38.105934623,-85.867831156,8.496,1/11/2021 12:00:00 AM,2254,2,2,0,0,CLEAR,DRY,False,ANGLE COLLISION - OTHER,ANGLE,STRAIGHT & LEVEL,DARK-HWY LIGHTED/ON,,,1/14/2021 7:10:05 AM,False,7321,Accepted,
27670266,0568000,LOUISVILLE METRO POLICE DEPT,Accepted,JEFFERSON,,623,DRESDEN,AVE,,,,,5TH,,BELLEVUE,38.197611401,-85.771067635,0.643,1/10/2021 12:00:00 AM,2010,2,2,0,0,CLOUDY,DRY,False,1 VEHICLE PARKED POSITION (NOT PARKING LOT/DRIVEWAY),HEAD ON,STRAIGHT & LEVEL,DUSK,,,1/14/2021 7:09:11 AM,False,2745,Accepted,
27657288,0568000,LOUISVILLE METRO POLICE DEPT,Accepted,JEFFERSON,US0031E,,BARDSTOWN,RD,,,,,,,,38.235281517,-85.715306739,15.035,1/10/2021 12:00:00 AM,1131,2,2,0,0,CLOUDY,DRY,False,SIDESWIPE COLLISION - SAME DIRECTION,SIDESWIPE-SAME DIRECTION,STRAIGHT & LEVEL,DAYLIGHT,,,1/11/2021 8:46:47 AM,False,5112,Accepted,
27657296,0568000,LOUISVILLE METRO POLICE DEPT,Accepted,JEFFERSON,US0150,,BROADWAY,,W,,,,18TH,,18TH,38.248913262,-85.781068544,1.125,1/10/2021 12:00:00 AM,2206,2,2,0,0,CLEAR,DRY,True,1 VEHICLE ENTERING/LEAVING ENTRANCE,ANGLE,STRAIGHT & LEVEL,DARK-HWY LIGHTED/ON,,,1/11/2021 8:47:16 AM,False,5338,Accepted,
27657290,0568000,LOUISVILLE METRO POLICE DEPT,Accepted,JEFFERSON,I 0264,,I264 E,,,,,,,,,38.189719445,-85.769137462,9.920,1/10/2021 12:00:00 AM,0504,1,1,0,1,CLOUDY,DRY,False,OTHER ROADWAY OR MID-BLOCK COLLISION,SINGLE VEHICLE,STRAIGHT & LEVEL,DARK-HWY LIGHTED/ON,,,1/11/2021 8:46:51 AM,False,5287,Accepted,
27658833,0561500,UNIV. OF LOUISVILLE POLICE,Accepted,JEFFERSON,,430,CARDINAL,BLVD,W,,,,,,,38.220817558,-85.763250643,0.296,1/10/2021 12:00:00 AM,1229,2,2,0,0,CLOUDY,DRY,False,COLLISION IN PARKING LOT,ANGLE,STRAIGHT & LEVEL,DAYLIGHT,,,1/11/2021 2:43:49 PM,False,5706,Accepted,
27657501,0568000,LOUISVILLE METRO POLICE DEPT,Accepted,JEFFERSON,,,SOUTHERN,PKWY,,KY1865,NEW CUT,,,,,38.169592709,-85.781172850,1.095,1/10/2021 12:00:00 AM,0020,2,1,0,0,CLEAR,DRY,True,OTHER INTERSECTION COLLISIONS,REAR END,STRAIGHT & LEVEL,DARK-HWY LIGHTED/ON,,,1/11/2021 8:45:33 AM,False,5110,Accepted,
27657268,0568000,LOUISVILLE METRO POLICE DEPT,Accepted,JEFFERSON,,,15TH,ST,S,,OAK,,,,,38.236660450,-85.778394939,0.782,1/10/2021 12:00:00 AM,0526,2,2,0,1,CLOUDY,DRY,False,ANGLE COLLISION - OTHER,ANGLE,STRAIGHT & LEVEL,DARK-HWY LIGHTED/ON,,,1/11/2021 8:45:51 AM,False,5232,Accepted,
27657275,0568000,LOUISVILLE METRO POLICE DEPT,Accepted,JEFFERSON,KY0907,8400,3RD ST,RD,,,,,,,,38.121138196,-85.803804425,3.949,1/10/2021 12:00:00 AM,1457,1,1,0,1,CLEAR,DRY,False,COLLISION WITH ANIMAL NON INTERSECTION,SINGLE VEHICLE,STRAIGHT & LEVEL,DAYLIGHT,,,1/11/2021 8:46:13 AM,False,5321,Accepted,
27657276,0568000,LOUISVILLE METRO POLICE DEPT,Accepted,JEFFERSON,,,4TH,ST,S,,CREEL,,,,,38.212935756,-85.764200757,3.042,1/10/2021 12:00:00 AM,1421,2,2,0,0,CLOUDY,DRY,False,ANGLE COLLISION - OTHER,ANGLE,STRAIGHT & LEVEL,DAYLIGHT,,,1/11/2021 8:46:18 AM,False,5324,Accepted,
27657277,0568000,LOUISVILLE METRO POLICE DEPT,Accepted,JEFFERSON,KY0155,,TAYLORSVILLE,RD,,,,,CAWEIN,I 0264,I264 E EXIT17 ON RAMP FROM KY155,38.221042883,-85.644899100,14.367,1/10/2021 12:00:00 AM,1540,3,3,0,1,CLEAR,DRY,True,REAR END IN TRAFFIC LANES BOTH VEHICLES MOVING,REAR END,STRAIGHT & LEVEL,DAYLIGHT,,,1/11/2021 8:46:23 AM,False,7448,Accepted,
27657284,0568000,LOUISVILLE METRO POLICE DEPT,Accepted,JEFFERSON,,,DIXIE,HWY,,,HILL,,,,,38.228410223,-85.790449683,1.489,1/10/2021 12:00:00 AM,1724,2,2,0,0,CLOUDY,DRY,False,COLLISION WITH PARKED VEHICLE,SIDESWIPE-SAME DIRECTION,STRAIGHT & LEVEL,DARK-HWY LIGHTED/ON,,,1/11/2021 8:46:40 AM,False,7091,Accepted,
27657292,0568000,LOUISVILLE METRO POLICE DEPT,Accepted,JEFFERSON,I 0064,,I64 E,,,,,,,,,38.258762697,-85.754792220,4.650,1/10/2021 12:00:00 AM,0646,2,2,0,2,SLEET HAIL FREEZING RAIN,ICE,False,REAR END IN TRAFFIC LANES BOTH VEHICLES MOVING,REAR END,STRAIGHT & LEVEL,DARK-HWY LIGHTED/ON,,,1/11/2021 8:46:55 AM,False,5172,Accepted,
27657293,0568000,LOUISVILLE METRO POLICE DEPT,Accepted,JEFFERSON,,,SPRING,ST,N,US0042,MELLWOOD,,,,,38.255501190,-85.722220869,0.194,1/10/2021 12:00:00 AM,2219,2,2,0,1,CLEAR,DRY,False,HEAD-ON COLLISION,HEAD ON,STRAIGHT & LEVEL,DARK-HWY LIGHTED/ON,,,1/11/2021 8:46:58 AM,False,5271,Accepted,
27657299,0568000,LOUISVILLE METRO POLICE DEPT,Accepted,JEFFERSON,KY1934,,GREENBELT,HWY,,,,,,,,38.146634505,-85.886340509,4.462,1/10/2021 12:00:00 AM,2308,2,2,0,0,CLEAR,DRY,False,REAR END IN TRAFFIC LANES BOTH VEHICLES MOVING,REAR END,STRAIGHT & LEVEL,DARK-HWY NOT LIGHTED,,,1/11/2021 8:47:45 AM,False,7992,Accepted,
27656003,0560300,ST. MATTHEWS POLICE DEPARTMENT,Accepted,JEFFERSON,US0060,5000,SHELBYVILLE,RD,,,,,,,,38.250125416,-85.622919491,5.337,1/10/2021 12:00:00 AM,1805,3,3,0,0,CLEAR,DRY,False,REAR END IN TRAFFIC LANES BOTH VEHICLES MOVING,REAR END,STRAIGHT & LEVEL,DARK (UNKNOWN ROADWAY LIGHTING),,,1/10/2021 11:47:46 PM,False,9139,Accepted,
27657270,0568000,LOUISVILLE METRO POLICE DEPT,Accepted,JEFFERSON,,5006,ANA,TER,,,,,,,,38.106533833,-85.855667330,0.063,1/10/2021 12:00:00 AM,0840,2,2,0,0,CLOUDY,DRY,False,VEHICLE BACKING NON INTERSECTION,BACKING,CURVE & LEVEL,DAYLIGHT,,,1/11/2021 8:45:58 AM,False,6758,Accepted,
27657272,0568000,LOUISVILLE METRO POLICE DEPT,Accepted,JEFFERSON,,3903,BLANTON,LN,,,,,,,,38.156621730,-85.829056041,0.302,1/10/2021 12:00:00 AM,0837,1,1,0,0,CLOUDY,DRY,False,COLLISION WITH FIXED OBJECT NON - INTERSECTION - FIRST EVENT COLLISION 09 - 32 EXCLUDING 16,SINGLE VEHICLE,CURVE & LEVEL,DAYLIGHT,,,1/11/2021 8:46:05 AM,False,5336,Accepted,
27657279,0568000,LOUISVILLE METRO POLICE DEPT,Accepted,JEFFERSON,I 0064,,I64 E,,,,,I 0064,I64 E EXIT19 RAMP TO I64 E,I 0064,I64 E EXIT15 OFF RAMP TO KY1747,38.233529228,-85.610971975,13.195,1/10/2021 12:00:00 AM,1414,2,2,0,0,CLOUDY,DRY,False,SIDESWIPE COLLISION - SAME DIRECTION,SIDESWIPE-SAME DIRECTION,STRAIGHT & GRADE,DAYLIGHT,,,1/11/2021 8:46:29 AM,False,6456,Accepted,
27670279,0568000,LOUISVILLE METRO POLICE DEPT,Accepted,JEFFERSON,,,UNIVERSITY,AVE,,US0042,BROWNSBORO,,,,,38.259748934,-85.690784314,0.004,1/10/2021 12:00:00 AM,2217,1,1,0,0,CLEAR,DRY,True,OTHER INTERSECTION COLLISIONS,SINGLE VEHICLE,STRAIGHT & LEVEL,DARK-HWY LIGHTED/OFF,,,1/14/2021 7:10:38 AM,False,5240,Accepted,
27790376,0568000,LOUISVILLE METRO POLICE DEPT,Accepted,JEFFERSON,I 0264,,I264 E,,,,,,,,,38.213063033,-85.823634722,4.698,1/10/2021 12:00:00 AM,1810,1,1,0,1,CLEAR,DRY,False,COLLISION WITH FIXED OBJECT NON - INTERSECTION - FIRST EVENT COLLISION 09 - 32 EXCLUDING 16,SINGLE VEHICLE,CURVE & GRADE,DARK-HWY LIGHTED/ON,,,2/17/2021 4:40:09 PM,False,5257,Accepted,
29549566,0568000,LOUISVILLE METRO POLICE DEPT,Accepted,JEFFERSON,KY0061,,PRESTON,HWY,,,INDIAN,,,,,38.168732230,-85.706537072,6.336,1/10/2021 12:00:00 AM,0235,2,2,0,0,CLEAR,DRY,False,OTHER INTERSECTION COLLISIONS,REAR END,STRAIGHT & LEVEL,DARK-HWY LIGHTED/ON,,,1/10/2022 8:39:59 AM,False,5189,Accepted,